Distance,X,Y
0,0,0
2.646447939,2.646397466,-0.016334625
5.302414637,5.30233446,-0.028892446
7.968756091,7.968653446,-0.039833258
10.6473939,10.64726806,-0.050972009
13.33638124,13.33622683,-0.063358928
16.03568589,16.03549474,-0.077432139
18.74713391,18.74689606,-0.093337034
21.46868672,21.46839072,-0.111119186
24.20088257,24.20051543,-0.130827161
26.94462068,26.94416772,-0.152520393
29.6983155,29.69776029,-0.176242542
32.46322041,32.46254459,-0.202060904
35.23882088,35.23800408,-0.230028117
38.02430806,38.02332774,-0.260202604
40.82163077,40.82046202,-0.292664799
43.62866089,43.62727664,-0.327440579
46.44654268,46.44491328,-0.364602461
49.27500574,49.27309896,-0.404207463
52.11333499,52.11111546,-0.446335141
54.96303921,54.96046884,-0.491045167
57.82220009,57.81923794,-0.538369272
60.6925182,60.68911964,-0.588413897
63.57262207,63.56873911,-0.641228702
66.46318292,66.45876429,-0.696868788
69.36403041,69.35902079,-0.755415771
72.27475782,72.26909783,-0.816937413
75.19614613,75.1897727,-0.881491876
78.12695201,78.11979713,-0.949160917
81.06867472,81.06066612,-1.020022085
84.01945946,84.01052048,-1.09410989
86.98130643,86.97135442,-1.171563271
89.95204339,89.94099202,-1.252369282
92.9337164,92.92147197,-1.336703761
95.92425696,95.91072241,-1.424531378
98.9255646,98.9106344,-1.516044513
101.9356895,101.9192547,-1.611201948
104.9564959,104.9384383,-1.710199228
107.9859814,107.9661789,-1.8130012
111.0261397,111.0044607,-1.91979436
114.0749374,114.0512451,-2.030568895
117.1326229,117.1067729,-2.14541374
120.1846381,120.1564881,-2.263872813
123.2139646,123.1833821,-2.385239565
126.2217339,126.1885794,-2.509597395
129.2052681,129.1694042,-2.636713517
132.1674862,132.1287663,-2.766755534
135.1053272,135.0636078,-2.899470883
138.022593,137.9777217,-3.035037683
140.9148521,140.8666794,-3.173187186
143.7867364,143.7351058,-3.314070971
146.6346161,146.5793709,-3.457505283
149.4610427,149.4020216,-3.603550153
152.2654641,152.202505,-3.752112923
155.0465816,154.9795222,-3.903074612
157.8073073,157.7359787,-4.056541733
160.5443012,160.4685373,-4.212291705
163.2598948,163.1795247,-4.37038976
165.9550882,165.8699382,-4.530832842
168.6259063,168.5358083,-4.693327538
171.2761822,171.1809604,-4.858044735
173.906058,173.805535,-5.024938978
176.5121187,176.4061234,-5.193733007
179.097338,178.9856916,-5.364570834
181.6621682,181.5446907,-5.537421278
184.2050899,184.0816047,-5.712111731
186.725582,186.5959143,-5.888538286
189.2257105,189.089681,-6.066777822
191.7054661,191.5628934,-6.246799652
194.1635309,194.0142372,-6.428444536
196.599391,196.4432036,-6.611572222
199.0149261,198.8516652,-6.796291953
201.4101314,201.2396175,-6.982548852
203.7850031,203.6070615,-7.170227961
206.1383111,205.9527645,-7.359265705
208.4699457,208.2766277,-7.549473489
210.7813313,210.5800634,-7.741011252
213.0724709,212.8630847,-7.933712225
215.3433688,215.1256896,-8.12760829
217.5940292,217.367889,-8.322578716
219.8244544,219.5896844,-8.518591184
222.0341377,221.7905656,-8.715622636
224.2224442,223.9698994,-8.913583939
226.3905848,226.1288803,-9.112667368
228.5385064,228.267435,-9.313041071
230.6661321,230.3854619,-9.514911247
232.7733623,232.4828283,-9.718557566
234.860077,234.559373,-9.924319946
236.9261398,236.6149123,-10.13257706
238.9713931,238.6492355,-10.34373488
240.9956524,240.6620986,-10.55822027
242.4669071,242.1246686,-10.71783712
242.9987004,242.6532187,-10.77648019
244.9802815,244.6222671,-10.9989825
246.9401114,246.5688777,-11.22621486
248.8778875,248.4926579,-11.45867672
250.7933838,250.3932837,-11.69687506
252.6867104,252.2707586,-11.94134069
254.5584286,254.1255277,-12.19263506
256.4093092,255.9582393,-12.45131704
258.2400811,257.7694568,-12.71816265
260.0514339,259.5597617,-12.99346465
261.8425454,261.3282164,-13.27742044
263.6143846,263.0756095,-13.5707095
265.3685122,264.8033308,-13.87389722
267.1054981,266.5118415,-14.18709266
268.8258864,268.2014219,-14.51118757
270.5301978,269.8725064,-14.84604281
272.2189308,271.5253597,-15.19227523
273.8917193,273.1594649,-15.54989598
275.5469599,274.7730783,-15.91874922
277.1879077,276.3692004,-16.29963327
278.814998,277.9480285,-16.69295529
280.4286518,279.5098627,-17.09856785
282.029276,281.0547096,-17.51739902
283.6135336,282.5793637,-17.94783487
285.1848208,284.0867258,-18.39141934
286.7441746,285.5776181,-18.8483609
288.2919553,287.0522689,-19.31846606
289.8270778,288.5092288,-19.80202693
291.3478874,289.9467661,-20.2983292
292.8581034,291.3682883,-20.808225
294.3580325,292.7738356,-21.33185495
295.8467743,294.1620229,-21.8696765
297.321789,295.5305202,-22.41999185
298.7873494,296.8830772,-22.98427782
300.243729,298.2196815,-23.56263034
301.6884868,299.5378345,-24.1540361
302.8615946,300.6018693,-24.64799421
303.1218599,300.8372609,-24.75902597
304.5468983,302.1207184,-25.37824374
305.9638466,303.3881387,-26.01176122
307.3674982,304.634602,-26.65714592
308.7637741,305.8651151,-27.31697658
310.1529205,307.0795707,-27.99134903
311.531491,308.2746468,-28.67851932
312.9020726,309.4523053,-29.37963958
314.2665371,310.6138245,-30.09559589
315.6224289,311.7567737,-30.82502658
316.9705224,312.8815065,-31.56819142
318.313424,313.989875,-32.32639137
319.6490898,315.079843,-33.09836099
320.9777411,316.1512903,-33.88403269
322.3020418,317.2060497,-34.68479403
323.6200089,318.2421954,-35.49928879
324.9321593,319.2598386,-36.32760054
326.2407168,320.2603894,-37.17091316
327.5435706,321.241902,-38.02765829
328.8418901,322.2049789,-38.89832608
330.1372171,323.1504548,-39.78370074
331.4271665,324.0762891,-40.68188563
332.713666,324.9836157,-41.59390081
333.9975602,325.8727361,-42.52006412
335.2758165,326.741301,-43.457861
336.5512831,327.5910401,-44.40901245
337.8235225,328.4214113,-45.37286548
339.0901432,329.2306702,-46.34722344
340.3540045,330.0204779,-47.33388911
341.6132871,330.7892219,-48.33128327
342.8674591,331.5364109,-49.33856409
344.1187304,332.2634876,-50.35688683
345.3634556,332.9681937,-51.38287941
346.6040364,333.6518283,-52.41806557
347.8407997,334.3144391,-53.4623169
349.0699409,334.9539341,-54.51197397
350.2958182,335.5724379,-55.57036875
351.5152527,336.1675011,-56.63473933
352.7287633,336.7401809,-57.70459138
353.9388781,337.2916157,-58.78172769
355.1394155,337.818995,-59.86019537
356.3365655,338.3251026,-60.94508396
357.5267761,338.8073877,-62.03318937
358.7102422,339.2666087,-63.12389852
359.8898641,339.7042271,-64.21930765
361.0591107,340.1179042,-65.31290342
362.2250753,340.5095581,-66.41110842
363.2562821,340.8379478,-67.38860604
363.3822248,340.877033,-67.50833277
364.5334013,341.2223607,-68.60645787
365.6786586,341.5456396,-69.70511979
366.814587,341.8445575,-70.80099936
367.9475066,342.1217872,-71.89944241
369.0677597,342.3756821,-72.99051543
370.1851766,342.6075869,-74.08359099
371.292086,342.8158294,-75.17070424
372.393547,343.002902,-76.25613284
373.4868033,343.1670047,-77.33698985
374.5720404,343.3086101,-78.41291355
375.6512249,343.4294582,-79.48528964
376.7200346,343.5266283,-80.5496557
377.7847461,343.6031846,-81.61157421
378.8369852,343.6579055,-82.66237644
379.8868239,343.6907864,-83.71166334
380.9224276,343.7035777,-84.74717321
381.957008,343.6935269,-85.78167754
382.976009,343.6645206,-86.80024214
383.9944088,343.6128676,-87.81730889
384.9977521,343.5427221,-88.81816844
386.0003967,343.4502635,-89.81651824
386.9883089,343.339859,-90.79821296
387.9759104,343.2069713,-91.77680773
388.9490602,343.0570549,-92.738318
389.9222101,342.8840011,-93.69592649
390.8823584,342.6942346,-94.63711623
391.8420504,342.4818246,-95.57296323
392.7911666,342.2517155,-96.49374144
393.7388724,342.0004245,-97.40747526
394.6788249,341.7295643,-98.30752672
395.6164904,341.439516,-99.19917295
396.5489059,341.127575,-100.077821
397.478362,340.7970432,-100.9464943
398.4059683,340.4452698,-101.8047564
399.3316335,340.0728626,-102.6521692
400.2572987,339.6810565,-103.4907962
401.1829639,339.265792,-104.3180436
402.1088938,338.8313399,-105.1356915
403.0361423,338.3756707,-105.9431954
403.9634339,337.8992495,-106.7387013
404.894771,337.4027129,-107.526606
405.8261081,336.8850135,-108.3007513
406.7631251,336.3467962,-109.0677435
407.701041,335.7900164,-109.822463
408.6458839,335.2112534,-110.5692639
409.593273,334.6157191,-111.3060414
410.5480574,333.9977864,-112.0338628
411.5073667,333.363325,-112.7533773
412.4742036,332.7084605,-113.4646208
413.447562,332.0362563,-114.1685672
414.4285809,331.345496,-114.8651263
415.4178556,330.636978,-115.5555201
416.4152,329.911157,-116.239505
417.4220235,329.1678324,-116.9185808
418.437889,328.4077357,-117.5925247
419.4638032,327.6311536,-118.262903
420.50055,326.8375198,-118.92996
421.5471224,326.0292535,-119.5947979
422.6073283,325.2027935,-120.2588689
423.6509696,324.3838635,-120.9058083
423.6761198,324.3640297,-120.921273
424.7624887,323.5059399,-121.5875124
425.8549523,322.63845,-122.2515391
426.9700962,321.7494505,-122.9247572
428.0905493,320.8531153,-123.5970648
429.2334144,319.9367178,-124.2799668
430.3857894,319.0114106,-124.9668249
431.5541867,318.0725994,-125.6623721
432.7391156,317.1204306,-126.3676599
433.9325261,316.162042,-127.0787997
435.1497801,315.1855077,-127.8054959
436.3754673,314.2034674,-128.5389163
437.6166329,313.2103653,-129.2833891
438.8747546,312.2049468,-130.0396984
440.142524,311.1928138,-130.8031288
441.4297252,310.1656002,-131.5788343
442.7263848,309.1305983,-132.3599212
444.0287675,308.0899696,-133.1430505
445.3208536,307.055618,-133.9173894
446.2989774,306.2708092,-134.5011684
446.5963916,306.0316746,-134.6780025
447.8562848,305.0165915,-135.4242795
449.0852392,304.0220048,-136.1461626
450.3022699,303.0319487,-136.8539345
451.4967903,302.0543921,-137.5404146
452.6730063,301.0853077,-138.2070065
453.8381079,300.1185565,-138.8572574
454.9788715,299.164835,-139.4831405
456.1135039,298.2084197,-140.0935895
457.2275571,297.2611161,-140.6798442
458.3340706,296.3121421,-141.2488572
459.4268166,295.3662774,-141.7960466
460.5101027,294.4196108,-142.3226164
461.5847894,293.4719363,-142.8293914
462.6498202,292.5232579,-143.3134038
463.7099435,291.5701683,-143.7775193
464.761413,290.6159443,-144.2191272
465.8103942,289.6548215,-144.639273
466.855261,288.6893858,-145.0388281
467.8995146,287.715318,-145.4151295
468.9437681,286.7337727,-145.7714396
469.9880586,285.7441395,-146.1047971
470.7232996,285.0432073,-146.3267038
471.0332299,284.7466231,-146.4166414
472.0787549,283.7420914,-146.7064762
473.1267143,282.7288364,-146.9737665
474.1757964,281.7092342,-147.2206417
475.2288912,280.6801574,-147.4441559
476.2843454,279.6445847,-147.6478725
477.3448207,278.5999128,-147.8301794
478.4091726,277.5479579,-147.9919083
479.4785812,276.4880922,-148.1343532
480.5537397,275.419778,-148.2552773
481.6333435,274.3450617,-148.3575867
482.7208885,273.2606757,-148.4402736
483.811651,272.1717529,-148.5031298
484.9128868,271.071458,-148.5481518
486.0163866,269.9682574,-148.5734052
487.1316243,268.8530652,-148.5802203
488.2504112,267.7343491,-148.5693491
489.3787155,266.6064438,-148.5396626
490.5137673,265.4724212,-148.491798
491.6555868,264.3324771,-148.4267202
492.8078045,263.1832332,-148.3440921
493.9637783,262.0316634,-148.2433985
495.1337685,260.8676603,-148.125361
495.1476217,260.8538882,-148.1238639
496.3082625,259.7008942,-147.9909825
497.4928596,258.5259849,-147.8398404
498.6867177,257.3441165,-147.6711106
499.8862477,256.1588601,-147.4866918
501.100308,254.9616123,-147.2854259
502.3198564,253.7614398,-147.0689599
503.5501855,252.553251,-146.8366414
504.791319,251.3371792,-146.5885044
506.038743,250.1177839,-146.3255797
507.301085,248.8866203,-146.0467862
508.5715364,247.6504106,-145.7538471
509.850342,246.4089481,-145.4470961
511.1447271,245.1552523,-145.1251299
512.4468902,243.8969031,-144.7902116
513.7595584,242.6312445,-144.4420846
515.0872285,241.3539221,-144.0799479
516.4236561,240.0709042,-143.705925
517.7714595,238.7796009,-143.3197898
519.1350457,237.475711,-142.9207534
519.5719439,237.0584159,-142.7913514
520.5084287,236.1648592,-142.5110687
521.8926322,234.845932,-142.0910153
523.2948366,233.5119463,-141.6589795
524.7078793,232.1695655,-141.2177311
526.1321495,230.8182383,-140.7677771
527.57293,229.4528282,-140.3078831
529.0279812,228.0751901,-139.8396029
530.4950865,226.6872268,-139.364256
531.9745766,225.2884354,-138.8823088
533.4726152,223.8728219,-138.3922497
534.9836099,222.4455485,-137.8962706
536.5073377,221.0066371,-137.3949918
538.0440052,219.5557904,-136.8886413
539.5977448,218.0890391,-136.3760525
541.1655944,216.6091033,-135.8584212
542.7464635,215.1169658,-135.3362402
544.3404907,213.612474,-134.8095267
545.947797,212.095485,-134.2783226
547.572329,210.5622618,-133.7413582
549.2101299,209.0165265,-133.1999764
550.8611855,207.4582816,-132.6542132
552.5255807,205.8874378,-132.1040669
554.2033881,204.3039159,-131.5495435
555.8950644,202.707275,-130.9905206
557.6026125,201.095614,-130.4263668
559.3234905,199.4713207,-129.8579546
561.057746,197.8343386,-129.2853014
562.8054183,196.1846193,-128.7084265
564.5665384,194.5221196,-128.1273595
566.3411303,192.8468052,-127.5421263
568.129211,191.158647,-126.9527585
569.9308222,189.4575894,-126.3592892
571.747403,187.7422607,-125.7612813
573.5773256,186.0141836,-125.1593127
575.4205935,184.2733394,-124.5534265
577.2772055,182.5197102,-123.9436785
579.1471555,180.7532888,-123.3301083
581.0304334,178.9740689,-122.7127656
582.9270249,177.1820478,-122.0917021
584.8369123,175.3772263,-121.466971
586.7600744,173.559608,-120.8386268
588.696487,171.7291983,-120.2067299
590.6461227,169.8860068,-119.5713367
592.6089515,168.0300459,-118.9325051
594.5849406,166.1613288,-118.2902986
596.574055,164.2798706,-117.6447822
598.5762575,162.3856886,-116.9960226
600.5915088,160.4788014,-116.3440877
602.6197678,158.5592299,-115.6890459
604.6609919,156.6269963,-115.030966
606.7151368,154.6821248,-114.3699171
608.7821569,152.724637,-113.7059795
610.8620052,150.7545631,-113.0392128
612.9546338,148.7719317,-112.3696854
615.0599937,146.7767726,-111.6974651
617.1780346,144.7691169,-111.0226202
619.3087054,142.7489966,-110.3452194
621.4519539,140.716439,-109.665349
623.6077271,138.6714786,-108.9830773
625.7759712,136.6141537,-108.2984631
627.9567822,134.5443569,-107.6115298
630.1507987,132.4614562,-106.9221585
632.3571567,130.3662577,-106.2306684
634.5757977,128.2588053,-105.5371182
636.8066627,126.1391295,-104.8416093
639.0496927,124.0072696,-104.1442164
641.3048286,121.8632742,-103.4449874
643.5720108,119.7071664,-102.7440497
645.8511794,117.5390003,-102.0414368
648.1432687,115.3578629,-101.336942
650.44759,113.1643894,-100.6308472
652.7637328,110.9589572,-99.9233263
655.0916334,108.7415974,-99.21449896
657.431227,106.5123623,-98.50442265
659.7824483,104.2712823,-97.79322562
662.1461643,102.0175182,-97.0806948
664.521994,99.75140793,-96.36703498
666.9092678,97.47356789,-95.65252795
669.3079215,95.18405214,-94.93722627
671.7178909,92.88288179,-94.22128845
674.1399631,90.56930936,-93.50447921
676.5740439,88.2433996,-92.78691928
679.0192542,85.90596675,-92.06896344
681.4755302,83.55706936,-91.35065191
683.9428869,81.19667301,-90.63205762
686.4228596,78.82327865,-89.91284764
688.9137055,76.43855103,-89.19355187
691.4153591,74.04253523,-88.47426198
693.9277816,71.63524828,-87.75507138
696.4526787,69.21503052,-87.03559193
698.9881887,66.78366064,-86.31639094
701.5342482,64.34118398,-85.59755477
704.0909232,61.88752229,-84.87913265
706.6475902,59.43286139,-84.1641607
709.1879946,56.99280458,-83.45721205
711.7077935,54.57154724,-82.75943132
714.204996,52.17103118,-82.07128764
716.6802249,49.79068455,-81.39253364
719.1349135,47.42914153,-80.72275024
721.5690636,45.08642895,-80.06185447
723.9821985,42.76303968,-79.40987178
726.3723783,40.46084659,-78.76732547
728.7421139,38.17747493,-78.13340167
731.0914129,35.91293318,-77.50805717
733.4202841,33.66723928,-76.89121125
735.7287369,31.44040808,-76.28278992
738.0159765,29.23323402,-75.68291788
740.2814618,27.04625454,-75.09169541
742.5266704,24.87808436,-74.50860113
744.7516194,22.72870901,-73.93363801
746.9563273,20.59814622,-73.36668268
749.1408143,18.48640135,-72.80765081
751.3051027,16.39346539,-72.25650436
753.4492164,14.31933445,-71.71317776
755.5731818,12.26401167,-71.17756897
757.6770279,10.22748807,-70.64961127
759.7607864,8.209751852,-70.12923696
761.8244922,6.210788165,-69.61637735
763.8681832,4.230578853,-69.11096295
765.891901,2.269101419,-68.61292752
767.8956896,0.326331303,-68.12220075
769.8795944,-1.597758573,-67.63871788
771.8436609,-3.503204546,-67.16244879
773.7879284,-5.390039258,-66.69337474
775.7124313,-7.258301763,-66.23152394
777.617192,-9.108031909,-65.77697945
779.5022222,-10.939273,-65.32988473
781.3675253,-12.75207294,-64.89044094
783.213098,-14.54648307,-64.45889783
785.0389338,-16.32257173,-64.03559637
786.8450259,-18.08038757,-63.62080724
788.6313614,-19.81998576,-63.21486425
790.3979181,-21.54143304,-62.8182036
792.1446666,-23.24477306,-62.43121644
793.8710394,-24.92952026,-62.05440671
794.0125091,-25.06765418,-62.02386625
795.5736547,-26.59249894,-61.68917214
797.2555966,-28.23675585,-61.33513727
798.9167491,-29.86231439,-60.99311258
800.557156,-31.4692439,-60.66341125
802.1771105,-33.0579699,-60.34687763
803.7750505,-34.62693821,-60.04399081
805.3493666,-36.17465923,-59.75586452
806.9053535,-37.70631991,-59.48182309
808.4437984,-39.22266603,-59.22202985
809.9654482,-40.72447794,-58.97716139
811.4640981,-42.20556523,-58.74843604
812.9462448,-43.67225174,-58.53496174
814.4134635,-45.12602782,-58.33685482
815.8657453,-46.5668187,-58.1545844
817.2961419,-47.98764396,-57.98945214
818.7132306,-49.39685375,-57.84030658
820.1175648,-50.79487307,-57.70737604
821.5034784,-52.17591477,-57.59139189
822.8742022,-53.54303231,-57.49217599
824.2335677,-54.89987735,-57.40962293
825.5770036,-56.24170607,-57.34417479
826.904732,-57.56854218,-57.29585333
828.2223828,-58.88580727,-57.26453665
829.5245226,-60.18785648,-57.25046084
830.8123155,-61.47563018,-57.25357203
832.0912278,-62.75436408,-57.27393126
833.3530729,-64.01563595,-57.31141767
834.6037553,-65.26510826,-57.36608807
835.8457816,-66.50503518,-57.43809823
837.0691091,-67.72509635,-57.52732636
838.2853539,-68.9366205,-57.63421654
839.4883327,-70.13319308,-57.75800064
840.6787043,-71.31521719,-57.89854212
841.8624319,-72.48834845,-58.05646683
843.0277346,-73.64050391,-58.23095869
844.1876777,-74.78436244,-58.42333017
845.333399,-75.91097685,-58.63155795
846.4696818,-77.02481916,-58.85621459
847.5966389,-78.12528382,-59.09907361
848.7100476,-79.20833735,-59.35716185
849.8184074,-80.28201842,-59.63218779
850.909743,-81.33385771,-59.92307722
851.9980532,-82.37757285,-60.23131181
853.0697792,-83.3997982,-60.55322606
854.1374848,-84.41171091,-60.89377188
855.1912278,-85.40430004,-61.2474533
856.2392033,-86.38417612,-61.61902104
857.2752434,-87.34583996,-62.0043908
858.304415,-88.29337966,-62.40605545
859.3230923,-89.22308055,-62.82232669
860.3344567,-90.13777573,-63.25379209
861.3362249,-91.03457658,-63.70011974
862.3308657,-91.91591519,-64.16112103
863.3162954,-92.77898145,-64.63662768
864.2953733,-93.62642572,-65.12693118
865.2651925,-94.45506241,-65.63074471
866.2299423,-95.26803628,-66.1501419
867.1850632,-96.06170738,-66.68143567
868.1367741,-96.83957258,-67.22972643
869.0617899,-97.58433092,-67.7783167
869.0783179,-97.59758494,-67.78819142
870.0183153,-98.33995741,-68.36473204
870.947705,-99.0610847,-68.95098895
871.8770947,-99.76807434,-69.55418557
872.7958934,-100.4517126,-70.16799899
873.7144265,-101.1211371,-70.79691103
874.6278531,-101.7699881,-71.43975711
875.5399903,-102.4021198,-72.09728689
876.4506523,-103.0175383,-72.76848635
877.3603551,-103.613088,-73.4560952
878.2695636,-104.1918182,-74.1572924
879.1780541,-104.752087,-74.87239261
880.0865446,-105.2925923,-75.60255483
880.9950351,-105.8155201,-76.34542184
881.9035386,-106.3184488,-77.10195791
882.8144541,-106.8029656,-77.87328455
883.7253697,-107.2692601,-78.65577342
884.6407297,-107.7160559,-79.45463156
885.5571323,-108.1442774,-80.26479586
886.4779234,-108.5551933,-81.08877065
887.4013164,-108.9453777,-81.92563839
888.3286383,-109.3186798,-82.7744781
889.2605336,-109.6725877,-83.63650684
890.1954702,-110.0076428,-84.50931635
891.1369841,-110.3258615,-85.39538851
892.0805117,-110.6228547,-86.29092471
893.0325024,-110.9042056,-87.20037033
893.9855114,-111.1641514,-88.11720375
894.9486208,-111.4078717,-89.04894664
895.9119064,-111.6312495,-89.98593447
896.886593,-111.8372713,-90.93857939
897.8612796,-112.0238528,-91.89520536
898.8474494,-112.1920199,-92.86691179
899.8340542,-112.3414216,-93.84210782
900.8320484,-112.4717132,-94.83154189
901.8308137,-112.583543,-95.82399745
902.8411214,-112.6759841,-96.83005021
903.8522401,-112.7499164,-97.83843233
904.8753325,-112.804557,-98.8600499
905.8990061,-112.8403532,-99.88306585
906.9353059,-112.8572761,-100.9192154
907.9725432,-112.8547798,-101.9564189
909.0216401,-112.8341086,-103.0053008
910.0728945,-112.7931843,-104.0557358
911.1349053,-112.7343885,-105.1160972
912.2006093,-112.6556876,-106.1788792
913.2756213,-112.5582372,-107.2494373
914.3561718,-112.442481,-108.3237598
915.4442513,-112.3064936,-109.4032898
916.5400154,-112.1523646,-110.4881361
917.6412098,-111.9794575,-111.5756624
918.7525282,-111.7865245,-112.670085
919.8668717,-111.5761596,-113.7643703
920.9940636,-111.3458241,-114.8677693
922.1242412,-111.096815,-115.9701571
923.2649473,-110.8288457,-117.0789192
924.4115761,-110.5429019,-118.1893108
925.5654829,-110.2373208,-119.302011
926.7288413,-109.9127514,-120.4191564
927.8959847,-109.5709763,-121.535118
929.0763116,-109.2092315,-122.6586348
930.2607078,-108.829297,-123.7804312
931.4542495,-108.4304983,-124.9053602
932.6561518,-108.0132697,-126.0325013
933.8629129,-107.5789007,-127.1583611
935.082572,-107.1245199,-128.2902112
936.3070063,-106.6526652,-129.4200685
937.5402268,-106.1622215,-130.5515596
938.7829139,-105.6532083,-131.6852013
940.030845,-105.127439,-132.8169533
941.2905817,-104.5822423,-133.9525864
942.5572666,-104.0197559,-135.0875175
943.8302949,-103.4404025,-136.2210624
944.1110706,-103.3105833,-136.4700257
945.1160035,-102.841381,-137.3586905
946.4076594,-102.2259001,-138.4942699
947.7073658,-101.5931307,-139.6295344
949.0185772,-100.9414262,-140.7673144
950.3361973,-100.2734951,-141.9030859
951.6627511,-99.58829423,-143.0389687
953.0004895,-98.88478737,-144.1767766
954.3451053,-98.16536177,-145.3127362
955.6987313,-97.42904291,-146.4485724
957.0640658,-96.67444073,-147.5864211
958.4367591,-95.90418336,-148.7226317
959.8177359,-95.11797337,-149.8579526
961.2117895,-94.31324923,-150.9962787
962.6137008,-93.4931862,-152.1333071
964.0236797,-92.65789817,-153.2692281
965.446319,-91.804868,-154.4077467
966.8786594,-90.93604724,-155.5464889
968.3195967,-90.05233268,-156.684617
969.7705131,-89.15281786,-157.8230452
971.2345731,-88.23597103,-158.9644701
972.7077871,-87.30458716,-160.1059039
974.1903803,-86.35877842,-161.2476204
975.684575,-85.39733019,-162.3913967
977.1914332,-84.41941073,-163.5378196
978.7082275,-83.42742618,-164.6852613
980.2351735,-82.4214574,-165.8339918
981.7735806,-81.40060171,-166.9848786
983.3257203,-80.36355322,-168.1397207
984.8884068,-79.31279085,-169.2963883
986.4617952,-78.24808049,-170.454807
988.0460275,-77.16950113,-171.6151743
989.6434341,-76.07574256,-172.7793877
991.253154,-74.96699378,-173.9463784
992.8738235,-73.84467403,-175.1155497
994.5055332,-72.7084855,-176.2866792
996.1483661,-71.55853843,-177.4599293
997.8030952,-70.39427413,-178.6357732
999.4711506,-69.21469997,-179.8151832
1001.150363,-68.02138822,-180.9966037
1002.840806,-66.81433474,-182.1800786
1004.542547,-65.5934695,-183.3655765
1006.255654,-64.35894169,-184.553293
1007.98019,-63.11049641,-185.7429992
1009.717504,-61.84749857,-186.9359325
1011.466974,-60.57021133,-188.1314148
1013.227917,-59.2792942,-189.3290994
1015.000397,-57.97484817,-190.5291411
1016.784474,-56.65667024,-191.7313624
1018.580209,-55.32495083,-192.9360124
1019.160351,-54.89369637,-193.3240646
1020.38766,-53.97974531,-194.1431963
1022.20688,-52.62098338,-195.3528768
1024.037925,-51.24868788,-196.5651162
1025.880849,-49.86297702,-197.7800934
1027.736672,-48.46313578,-198.9985018
1029.604334,-47.04999972,-200.219651
1031.483862,-45.6235104,-201.4434777
1033.375278,-44.18380138,-202.6701345
1035.278596,-42.73089671,-203.8996391
1037.193827,-41.26482078,-205.1320056
1039.12098,-39.78559925,-206.3672468
1041.060064,-38.29325975,-207.6053763
1043.011084,-36.78783239,-208.8464107
1044.974048,-35.26935025,-210.0903703
1046.948961,-33.73784962,-211.3372799
1048.935828,-32.19337008,-212.5871689
1050.934655,-30.63595452,-213.8400716
1052.945448,-29.06564907,-215.0960268
1054.968209,-27.48250306,-216.3550784
1057.002945,-25.88656894,-217.6172749
1059.049658,-24.27790225,-218.8826697
1061.108353,-22.65656157,-220.1513211
1063.179033,-21.02260855,-221.4232926
1065.261702,-19.37610797,-222.6986528
1067.356363,-17.71712768,-223.9774752
1069.463019,-16.04573867,-225.2598386
1071.581672,-14.36201032,-226.5458205
1073.712325,-12.66596774,-227.8354406
1075.854979,-10.95775042,-229.1288694
1078.010328,-9.236891183,-230.4266262
1080.177839,-7.503905085,-231.7284935
1082.357395,-5.758924427,-233.0344448
1084.548995,-4.002082363,-234.3446415
1086.752634,-2.233503642,-235.6592339
1088.968306,-0.453265386,-236.9783069
1091.196004,1.338538021,-238.3019672
1093.435718,3.14174103,-239.6304157
1095.687436,4.956266687,-240.9637316
1097.951511,6.782270504,-242.3022921
1100.228484,8.620044281,-243.646612
1102.517444,10.46879181,-244.9962306
1104.818367,12.32829572,-246.3514022
1107.131225,14.19846372,-247.7122055
1109.455989,16.07908559,-249.0788755
1111.792623,17.97003616,-250.451525
1114.142266,19.87205419,-251.8310719
1116.50407,21.78434427,-253.2171685
1118.877635,23.70639079,-254.609844
1121.262907,25.63803001,-256.0092341
1123.659829,27.57902579,-257.4155672
1126.069148,29.52982458,-258.8294979
1128.490866,31.49026151,-260.2512603
1130.924037,33.45938246,-261.6805552
1133.368579,35.43694565,-263.1175757
1135.824404,37.42269126,-264.5625281
1138.29301,39.41763719,-266.0165605
1140.772867,41.42034424,-267.4790421
1143.263688,43.43037665,-268.9500826
1145.765355,45.4474318,-270.4298878
1148.279173,47.47234648,-271.9195181
1150.803917,49.50390906,-273.4185469
1153.339078,51.54147039,-274.9269839
1155.884559,53.58473184,-276.44506
1158.441864,55.63465875,-277.9739833
1161.009072,57.6894622,-279.5129221
1163.586006,59.74875291,-281.062086
1166.164434,61.80570916,-282.6168272
1168.725922,63.84540873,-284.1662923
1171.265723,65.86394747,-285.7077479
1171.701345,66.20975965,-285.9726646
1173.783739,67.86114274,-287.2412451
1176.276829,69.83440572,-288.764965
1178.747411,71.7855544,-290.2804823
1181.195992,73.71486235,-291.7882331
1183.622489,75.62224684,-293.2881561
1186.025534,77.5065311,-294.7794946
1188.404539,79.36717133,-296.2619506
1190.761327,81.20562236,-297.7365837
1193.095841,83.02166629,-299.203531
1195.408028,84.81536255,-300.6625914
1197.697841,86.58650004,-302.1139046
1199.964324,88.33442854,-303.5567092
1202.207043,90.05875122,-304.9907568
1204.427409,91.76051207,-306.4169508
1206.625398,93.43975609,-307.835149
1208.800977,95.09640965,-309.2453391
1210.954095,96.73033613,-310.6475491
1213.084666,98.34150589,-312.0416289
1215.192562,99.92973386,-313.42754
1217.277605,101.4947611,-314.8052507
1219.339795,103.0364214,-316.1748862
1221.379496,104.5547814,-317.5368522
1223.39727,106.0500217,-318.891718
1225.393716,107.5223221,-320.2400937
1227.369411,108.9718358,-321.5825803
1229.324911,110.3986968,-322.9197537
1231.260744,111.8030259,-324.2521557
1233.177415,113.1849359,-325.580289
1235.075407,114.5445346,-326.9046175
1236.95518,115.8819267,-328.2255668
1238.817173,117.1972148,-329.5435261
1240.661807,118.4903813,-330.8589655
1242.489487,119.7614632,-332.1722603
1244.300601,121.0106918,-333.4835724
1246.09553,122.2381688,-334.7931711
1247.874643,123.4436195,-336.1016485
1249.6361,124.6259222,-337.4073516
1251.382135,125.7865327,-338.7118053
1253.113282,126.9250892,-340.0158519
1254.829883,128.0422539,-341.3191679
1256.532273,129.1376635,-342.6223133
1258.220779,130.2115579,-343.925298
1259.895721,131.2639096,-345.2283576
1261.554438,132.2928676,-346.5293388
1263.199698,133.3000736,-347.8302583
1264.832214,134.2858434,-349.131538
1266.452285,135.2499998,-350.4334618
1268.060203,136.1930248,-351.7357944
1269.654281,137.1129758,-353.037619
1271.234605,138.0106326,-354.3382364
1272.507184,138.7223851,-355.3931505
1272.803501,138.8867917,-355.6396737
1274.361239,139.7413178,-356.9420947
1275.908084,140.5746918,-358.245239
1277.440227,141.3844029,-359.5459278
1278.961342,142.1721324,-360.8471723
1280.472215,142.9386459,-362.1491558
1281.973089,143.6839129,-363.4519075
1283.460307,144.405496,-364.752329
1284.936654,145.1049686,-366.0524454
1286.403553,145.7831286,-367.353158
1287.861225,146.4399419,-368.6544515
1289.304361,147.0729461,-369.9513359
1290.738445,147.6842342,-371.2485966
1292.163782,148.2739082,-372.5462228
1293.577778,148.8410618,-373.8414756
1294.980047,149.3855394,-375.1337055
1296.374012,149.9086388,-376.425782
1297.758927,150.4099897,-377.7167474
1299.130256,150.8879547,-379.0020675
1300.493704,151.3445703,-380.2867653
1301.849488,151.7798197,-381.5707684
1303.190663,152.1914843,-382.8471862
1304.524371,152.5818722,-384.1224635
1305.850854,152.9509771,-385.3965412
1307.162603,153.2967458,-386.6618822
1308.467293,153.6213564,-387.9255258
1309.764214,153.9245834,-389.1864814
1311.047189,154.2050709,-390.4383996
1312.323549,154.4645766,-391.6880789
1313.590496,154.7025374,-392.9324553
1314.845365,154.9186064,-394.168561
1316.094098,155.1139243,-395.4019064
1317.330549,155.2876283,-396.6260853
1318.558014,155.4395726,-397.8440993
1319.778998,155.5707889,-399.0579935
1320.985247,155.6806316,-400.2592064
1322.186125,155.7702175,-401.4567126
1323.375705,155.839216,-402.644273
1324.555669,155.8871297,-403.8232542
1325.729303,155.9144318,-404.9965501
1326.888443,155.9217194,-406.155639
1328.04316,155.9093505,-407.3102709
1329.184365,155.8763881,-408.4509892
1330.318656,155.8234581,-409.584018
1331.443367,155.7515338,-410.7063995
1332.557391,155.6601715,-411.8166608
1333.665434,155.5485751,-412.9190436
1334.759404,155.4192863,-414.0053189
1335.850557,155.2699911,-415.086199
1336.924819,155.1027512,-416.1473316
1337.996656,154.9171369,-417.202955
1339.053861,154.7127698,-418.2402019
1340.106776,154.4904241,-419.2693384
1341.146865,154.2507885,-420.2814318
1342.181336,153.9926299,-421.2831347
1343.204297,153.7183261,-422.2686185
1344.22089,153.4252915,-423.2420247
1345.226785,153.1169632,-424.1994848
1346.226163,152.7899965,-425.1438244
1347.215132,152.4483275,-426.0718822
1348.19805,152.0883688,-426.9864755
1349.170347,151.7140692,-427.8838215
1350.137656,151.3220384,-428.7680821
1351.093663,150.9158353,-429.6334777
1352.046301,150.4926187,-430.4869028
1352.9866,150.0552126,-431.3192392
1353.925591,149.6012973,-432.1412043
1354.850978,149.1336733,-432.9397016
1355.776366,148.6486903,-433.727794
1356.688919,148.1525443,-434.4936391
1357.600456,147.637746,-435.245848
1358.502853,147.1114513,-435.9788496
1359.401919,146.5688436,-436.6956542
1360.295292,146.0117427,-437.3940011
1361.183166,145.44189,-438.074839
1362.069265,144.8553979,-438.7390002
1362.950214,144.2552416,-439.3838355
1363.831164,143.6395247,-440.0138452
1364.7091,143.0092244,-440.6249136
1365.586994,142.3624793,-441.2184984
1366.463853,141.7018552,-441.7950397
1367.340286,141.0264037,-442.3534442
1368.216718,140.3353492,-442.892426
1369.093151,139.63095,-443.4138603
1369.969959,138.9129793,-443.9170893
1370.848983,138.1788676,-444.4005031
1371.728006,137.4330235,-444.8656223
1372.612035,136.6715628,-445.3146495
1373.313023,136.058994,-445.6554148
1373.496812,135.8968098,-445.741873
1374.386006,135.1081377,-446.1524849
1375.278028,134.3073028,-446.5453069
1376.17329,133.4929172,-446.9170678
1377.074123,132.6651064,-447.2722808
1377.976427,131.8277764,-447.6083816
1378.887204,130.97406,-447.9255925
1379.797982,130.1136024,-448.2240641
1380.719074,129.2364593,-448.5050472
1381.640684,128.3524417,-448.7654799
1382.571289,127.4545104,-449.0098277
1383.504397,126.5483525,-449.2323282
1384.445165,125.6303499,-449.4379439
1385.390255,124.7037943,-449.6240001
1386.341811,123.7670111,-449.7908951
1387.299257,122.8212614,-449.939907
1388.262192,121.866921,-450.0680947
1389.232267,120.9032556,-450.179279
1390.207137,119.9325513,-450.2690121
1391.190061,118.9523243,-450.3415592
1392.177392,117.9663752,-450.3932035
1393.173333,116.9710256,-450.4270909
1394.173623,115.9708535,-450.4403263
1395.182716,114.9617852,-450.4355918
1396.196434,113.9484147,-450.4101421
1397.21878,112.9269979,-450.3668796
1398.246364,111.9014524,-450.302516
1399.282042,110.8690591,-450.2203465
1400.323908,109.832305,-450.1174178
1401.372977,108.7903106,-449.9960251
1402.429516,107.7432479,-449.8549217
1403.492023,106.6929742,-449.6943369
1404.563606,105.6364812,-449.5152023
1405.639585,104.5792048,-449.3155322
1406.726568,103.5144739,-449.0968453
1407.816045,102.4510735,-448.8599444
1408.918762,101.3790365,-448.6017283
1410.024006,100.3087113,-448.32619
1411.140521,99.2321164,-448.0303335
1412.262116,98.15566999,-447.7153805
1413.392158,97.07605112,-447.3816591
1414.530396,95.99384825,-447.0289471
1415.673968,94.9124774,-446.6569731
1416.829136,93.82579186,-446.2652071
1417.987982,92.74150328,-445.8563005
1419.158616,91.65245537,-445.4269475
1420.334945,90.56473141,-444.9790904
1421.519117,89.4762311,-444.5128413
1422.713202,88.38529919,-444.0273871
1423.911761,87.29712119,-443.5250027
1425.123029,86.20475175,-443.0016622
1426.339875,85.11466341,-442.4609287
1427.564707,84.02475767,-441.9021076
1428.80011,82.9329461,-441.3240669
1430.040747,81.8441363,-440.7293899
1431.292756,80.75311538,-440.1152459
1432.552481,79.6632657,-439.4834861
1433.818113,78.57646935,-438.8348853
1435.097213,77.48622789,-438.1659677
1436.382292,76.39906729,-437.4807761
1437.675268,75.31345678,-436.7784876
1438.98028,74.22605244,-436.0569734
1440.291758,73.14163235,-435.3194232
1441.612245,72.0581637,-434.5646021
1442.94424,70.97370226,-433.7912148
1444.28319,69.89204445,-433.0020498
1445.63141,68.81136048,-432.1959514
1446.991499,67.72963338,-431.3715192
1448.359049,66.65042702,-430.5315879
1449.735282,65.57277282,-429.675632
1451.124637,64.49321596,-428.8010759
1452.521973,63.41579906,-427.9112961
1453.927511,62.34049682,-427.0061727
1455.346413,61.26314611,-426.082818
1456.774794,60.18667992,-425.1439475
1458.211927,59.11157161,-424.1902818
1459.659785,58.03625836,-423.220756
1461.12055,56.95904625,-422.2341281
1462.590649,55.88270045,-421.2327995
1464.070321,54.80682846,-420.2169659
1465.562521,53.72899512,-419.1850133
1467.067057,52.64920304,-418.1373163
1468.581796,51.56900324,-417.0754346
1470.10699,50.48804645,-415.9994499
1471.644772,49.40437286,-414.9083878
1473.196164,48.31712155,-413.8017281
1474.118861,47.67341024,-413.1406639
1474.758676,47.22809156,-412.6812578
1476.332572,46.13644009,-411.5474852
1477.918117,45.04186405,-410.4003802
1479.518695,43.9418097,-409.2377415
1481.132185,42.83715267,-408.061697
1482.757963,41.72835714,-406.8726966
1484.396268,40.61452035,-405.6712759
1486.047333,39.49537237,-404.4573896
1487.712505,38.36943207,-403.2305825
1489.392759,37.23582938,-401.9903408
1491.086115,36.09541083,-400.738583
1492.79269,34.94792823,-399.4753802
1494.51258,33.79289535,-398.2010486
1496.245859,32.63015911,-396.9156295
1497.992583,31.45942601,-395.6193171
1499.753439,30.28012112,-394.3117028
1501.529067,29.09176371,-392.9923613
1503.318037,27.8952163,-391.6624419
1505.120367,26.69044046,-390.3219527
1506.936073,25.47743709,-388.9708753
1508.765162,24.25616396,-387.6092379
1510.607635,23.02661781,-386.2370406
1512.463492,21.78880063,-384.8542852
1514.332725,20.54273461,-383.4609612
1516.215324,19.28841182,-382.0570907
1518.111274,18.02584325,-380.6426833
1520.020558,16.75504305,-379.2177506
1521.943156,15.47602708,-377.7823065
1523.879044,14.18881263,-376.3363677
1525.828195,12.89341815,-374.879953
1527.790811,11.58971089,-373.4129124
1529.766559,10.27791186,-371.9354937
1531.755389,8.958054838,-370.447737
1533.757269,7.630156507,-368.9496682
1535.772168,6.294237112,-367.4413124
1537.800052,4.950318333,-365.9226963
1539.840995,3.598346494,-364.3937678
1541.895069,2.238271387,-362.8544777
1543.962084,0.870213629,-361.3049711
1546.041998,-0.505803095,-359.7452847
1548.134768,-1.889754997,-358.1754566
1550.240347,-3.281618218,-356.595526
1552.35869,-4.681368915,-355.0055332
1554.489752,-6.088976616,-353.4055138
1556.633483,-7.504419462,-351.7955119
1558.789837,-8.927679498,-350.1755758
1560.958765,-10.35873376,-348.5457502
1563.140217,-11.79755389,-346.9060758
1565.334145,-13.24411392,-345.256596
1567.540498,-14.69840125,-343.5973666
1569.759226,-16.16039189,-341.9284337
1571.99113,-17.63061333,-340.2491954
1574.235643,-19.10871983,-338.5601012
1576.492407,-20.59448184,-336.8614257
1578.761371,-22.08787509,-335.1532184
1581.04248,-23.58888919,-333.4355411
1583.335681,-25.09748711,-331.7084323
1585.640921,-26.61366608,-329.9719609
1587.958782,-28.1378119,-328.2256907
1590.289405,-29.67004342,-326.4695395
1592.631924,-31.20980025,-324.7041654
1594.986286,-32.75707355,-322.9296334
1597.352435,-34.31183556,-321.1459921
1599.730317,-35.87408054,-319.3533087
1602.121147,-37.44461605,-317.5506747
1604.523978,-39.02284697,-315.7388304
1606.938389,-40.60851724,-313.9181076
1609.364326,-42.20160963,-312.0885643
1611.801735,-43.80211556,-310.2502661
1614.252268,-45.41114115,-308.4019826
1616.714223,-47.0275905,-306.5450195
1619.187491,-48.65142048,-304.6794814
1621.672018,-50.28261962,-302.8054312
1624.169069,-51.92204081,-300.9219348
1626.677805,-53.56916372,-299.029649
1629.19764,-55.22362888,-297.1290406
1631.728518,-56.88542737,-295.2201745
1634.272008,-58.55561679,-293.3018913
1636.826735,-60.2333221,-291.3752538
1639.392342,-61.91833909,-289.4405554
1641.969312,-63.61101356,-287.4974577
1644.558497,-65.31193422,-285.5453442
1647.158399,-67.0201463,-283.5853696
1649.768963,-68.7356431,-281.6176
1652.392024,-70.45965852,-279.6406788
1655.025773,-72.19103379,-277.6559939
1657.670021,-73.92967315,-275.663714
1660.326331,-75.67663462,-273.6626867
1662.993471,-77.43113727,-271.6538677
1665.670944,-79.19288552,-269.6376561
1668.360366,-80.96297168,-267.6128636
1671.060431,-82.74056849,-265.5804999
1673.770667,-84.52539553,-263.540949
1676.493019,-86.31876687,-261.4927739
1679.225539,-88.11943131,-259.4374703
1681.968525,-89.92761808,-257.3748428
1684.723129,-91.74412024,-255.3040546
1687.487628,-93.56783519,-253.2264318
1690.263226,-95.39959209,-251.1410988
1693.049493,-97.23914611,-249.048416
1695.845599,-99.0859815,-246.9490333
1698.653425,-100.9413748,-244.84157
1701.47087,-102.8039742,-242.7276348
1704.299169,-104.6746327,-240.6063355
1707.137851,-106.553082,-238.4780628
1709.986454,-108.4390451,-236.3431897
1712.846159,-110.33334,-234.2008639
1715.715211,-112.2348493,-232.0524414
1718.595506,-114.1448633,-229.8965322
1721.485254,-116.0622259,-227.7345041
1724.385589,-117.9877343,-225.5655502
1727.295819,-119.9209607,-223.3902177
1730.216098,-121.8620355,-221.2084152
1733.146593,-123.8111218,-219.0200689
1736.086712,-125.7678444,-216.8256357
1739.037253,-127.7327788,-214.6245613
1741.997098,-129.7052151,-212.4177142
1744.967468,-131.6859982,-210.2042105
1747.946916,-133.6742111,-207.9851757
1750.936895,-135.670846,-205.759546
1753.935815,-137.674896,-203.5285593
1756.945184,-139.687388,-201.291111
1759.963438,-141.7073331,-199.0484163
1762.991974,-143.735688,-196.7994586
1766.02942,-145.7715804,-194.5453033
1769.076905,-147.8158,-192.2851411
1772.133395,-149.8676803,-190.0197672
1775.199614,-151.9277557,-187.7486908
1778.275003,-153.9956571,-185.4723345
1781.359746,-156.0715525,-183.1906037
1784.453887,-158.1554877,-180.9034826
1787.55695,-160.2471509,-178.6113345
1790.669701,-162.3470953,-176.313628
1793.790889,-164.4544728,-174.0112868
1796.920262,-166.5691134,-171.7044988
1800.041826,-168.6802152,-169.4050624
1803.140264,-170.7773797,-167.1242251
1806.2162,-172.8609585,-164.8614657
1809.268562,-174.9301929,-162.6175445
1812.297978,-176.9854265,-160.3919259
1815.304418,-179.0265839,-158.1845845
1818.287925,-181.0536222,-155.9954222
1821.248609,-183.0665475,-153.8242985
1824.186855,-185.0655363,-151.6708518
1827.101958,-187.0500554,-149.5355506
1829.995627,-189.0211662,-147.4170499
1832.865334,-190.9770828,-145.3171437
1835.714742,-192.9202345,-143.2330876
1838.539653,-194.8476718,-141.1678742
1841.343879,-196.7619272,-139.1186524
1844.125888,-198.6618899,-137.0864825
1846.885135,-200.5471296,-135.0717086
1849.624123,-202.419282,-133.0724339
1852.339564,-204.2760392,-131.0910018
1855.033816,-206.1189533,-129.1256362
1857.707826,-207.9486156,-127.1755936
1860.358061,-209.7625528,-125.2433994
1862.987605,-211.5628227,-123.3267539
1865.596927,-213.3496954,-121.4252675
1868.183466,-215.121367,-119.540761
1870.748629,-216.8787533,-117.6721647
1873.293598,-218.6226245,-115.8185793
1875.81814,-220.3527712,-113.9801277
1878.319303,-222.0671276,-112.1589186
1880.800312,-223.767861,-110.3525664
1883.261158,-225.4549332,-108.5610439
1885.701837,-227.1282987,-106.7843166
1888.119931,-228.7862619,-105.0241071
1890.517347,-230.4301012,-103.2790001
1892.894656,-232.0601699,-101.5485456
1895.251855,-233.6764359,-99.83271665
1897.588941,-235.2788688,-98.13148681
1899.904966,-236.8667866,-96.4455196
1902.199513,-238.4398788,-94.7750922
1904.474045,-239.9991204,-93.11911518
1906.728566,-241.5444908,-91.47756173
1908.963084,-243.0759697,-89.85040362
1911.177607,-244.5935409,-88.2376144
1913.372144,-246.0971907,-86.63916789
1915.546708,-247.5869041,-85.05503398
1917.701311,-249.0626736,-83.48518724
1919.835473,-250.524153,-81.92996227
1921.949171,-251.971311,-80.38936015
1924.043112,-253.4046154,-78.86285254
1926.117324,-254.8240702,-77.35040197
1928.171843,-256.2296886,-75.85197491
1930.206705,-257.621485,-74.3675334
1932.221953,-258.9994775,-72.89703739
1934.217632,-260.3636885,-71.44044445
1936.193794,-261.7141446,-69.99770938
1938.150495,-263.0508772,-68.56878381
1940.0878,-264.3739222,-67.15361563
1942.005777,-265.6833197,-65.75214763
1943.904502,-266.97911,-64.36431296
1945.78406,-268.2613479,-62.99004793
1947.643051,-269.5290708,-61.63036917
1949.4827,-270.7831061,-60.28437311
1951.303188,-272.0235634,-58.95191652
1953.104619,-273.2504936,-57.63290299
1954.887111,-274.4639777,-56.32724875
1956.650792,-275.6640923,-55.03484922
1958.395806,-276.8509034,-53.75557104
1960.12231,-278.0245335,-52.48931289
1961.830481,-279.1850763,-51.23592341
1963.517066,-280.3303237,-49.99778784
1965.184524,-281.4619407,-48.77310092
1966.833797,-282.5805588,-47.56116229
1968.465112,-283.6863309,-46.36180501
1970.078722,-284.7794301,-45.17484649
1971.673421,-285.8590214,-44.00115649
1973.245927,-286.9229104,-42.84317781
1974.80101,-287.9742972,-41.6973734
1976.339001,-289.013408,-40.56350212
1977.86027,-290.0404785,-39.44127879
1979.358303,-291.0510633,-38.3354653
1980.838196,-292.0485203,-37.24223115
1982.301807,-293.0339852,-36.16009532
1983.749216,-294.0073101,-35.08882078
1985.17089,-294.9618198,-34.03522372
1986.576587,-295.9037216,-32.99176542
1987.966874,-296.8329378,-31.95762167
1989.333118,-297.7431465,-30.93872961
1990.679347,-298.6364636,-29.93159865
1991.692451,-299.3058413,-29.17113005
1992.010406,-299.5154565,-28.93205593
1993.315988,-300.3726542,-27.94729695
1994.600146,-301.2100656,-26.97374681
1995.870207,-302.0317831,-26.00533163
1997.110017,-302.826761,-25.05394925
1998.335143,-303.6045281,-24.1073783
1999.54353,-304.3632035,-23.16685282
2000.727456,-305.0975374,-22.23818949
2001.902399,-305.8165154,-21.30891335
2003.051739,-306.5092119,-20.39178009
2004.190613,-307.1849744,-19.47507661
2005.312062,-307.839345,-18.56434726
2006.417567,-308.4718396,-17.65766403
2007.512085,-309.0859011,-16.75165311
2008.58668,-309.6763703,-15.85383087
2009.655153,-310.2491613,-14.95188128
2010.701123,-310.7969239,-14.06083151
2010.787831,-310.8414468,-13.98642861
2011.744407,-311.3283606,-13.16306016
2012.763914,-311.8333751,-12.27745228
2013.782524,-312.3226425,-11.38405399
2014.778021,-312.7852866,-10.50262636
2015.773403,-313.2318578,-9.613056481
2016.746486,-313.6521379,-8.73545073
2017.719568,-314.0552337,-7.849803556
2018.672549,-314.4335011,-6.975142866
2019.624473,-314.7924297,-6.093507113
2020.559818,-315.1284528,-5.220622479
2021.492221,-315.4432203,-4.342997184
2022.412346,-315.7355732,-3.4705753
2023.327321,-316.0072494,-2.596900636
2024.234823,-316.2551603,-1.723953366
2025.135396,-316.4819833,-0.852437611
2026.032586,-316.6865366,0.021075374
2026.921821,-316.8669005,0.89178777
2027.810807,-317.0265642,1.766289526
2028.694993,-317.1624583,2.639919925
2029.579179,-317.2747114,3.516909284
2029.88321,-317.3095017,3.818945141
2030.463365,-317.3652982,4.396411394
2031.347551,-317.4323056,5.278005106
2032.233065,-317.4750206,6.162447799
2033.119776,-317.4962092,7.048874369
2034.00849,-317.4944856,7.937542088
2034.902597,-317.469334,8.831260773
2035.797104,-317.4242286,9.724603519
2036.702895,-317.3571763,10.62787274
2037.608687,-317.2698576,11.52942124
2038.527466,-317.1641999,12.44208733
2039.448972,-317.0392971,13.35506749
2040.383271,-316.8974403,14.27852061
2041.324268,-316.7404192,15.20630916
2042.277342,-316.5673904,16.14353687
2043.241076,-316.382256,17.08931535
2044.216498,-316.1834788,18.04426448
2045.205854,-315.9748251,19.01136528
2046.207279,-315.7561497,19.98862216
2047.224389,-315.5299444,20.9802583
2048.254915,-315.2969408,21.98409727
2048.978589,-315.1326528,22.68887576
2049.300646,-315.0594478,23.00250308
2050.361978,-314.8184455,24.03610997
2051.435748,-314.5764667,25.08225733
2051.64306,-314.530087,25.28431562
2052.527717,-314.3336774,26.14689315
2053.62771,-314.0939293,27.22043929
2054.7489,-313.8553635,28.31595033
2055.875267,-313.6225017,29.41798304
2057.021877,-313.3936581,30.54152089
2058.175932,-313.1716737,31.67402003
2059.343628,-312.9559001,32.82160194
2060.524304,-312.7471552,33.98367538
2061.712263,-312.5471391,35.15467147
2062.918988,-312.3537169,36.34578836
2064.132313,-312.1691749,37.54499033
2065.359003,-311.9926585,38.75890932
2066.598245,-311.8245235,39.98668834
2067.844838,-311.6658142,41.22313435
2069.10857,-311.5153743,42.47787738
2070.38099,-311.3742508,43.74244216
2071.662716,-311.2424483,45.01736858
2072.960747,-311.1193891,46.30954777
2074.266811,-311.0060265,47.61067726
2075.583585,-310.9021867,48.92334569
2076.067383,-310.866576,49.40582989
2076.915145,-310.8076769,50.25154139
2078.255169,-310.7230677,51.58888698
2079.605872,-310.6482625,52.9375123
2080.971261,-310.5831399,54.3013424
2082.345471,-310.5280802,55.67444491
2083.729133,-310.4830733,57.05737032
2085.128584,-310.4479742,58.45637708
2086.537159,-310.4230588,59.86472888
2087.955087,-310.4086092,61.28258017
2089.386646,-310.4043331,62.71412912
2090.829746,-310.4102901,64.15721268
2092.28244,-310.4264774,65.60981282
2093.745066,-310.4528754,67.07219671
2095.222852,-310.4896815,68.54952135
2096.710459,-310.5370911,70.03636979
2098.208058,-310.594683,71.53285767
2099.71623,-310.6624351,73.03950396
2100.491705,-310.7010001,73.81401836
2101.238924,-310.7406589,74.56018414
2102.771818,-310.8293889,76.09050463
2104.315062,-310.9281449,77.63058299
2105.868801,-311.0369244,79.18050639
2107.436166,-311.1563984,80.74330851
2109.015121,-311.2857849,82.31695173
2110.604773,-311.4251766,83.90047678
2112.205254,-311.5746576,85.49396073
2113.816698,-311.7337061,87.09753416
2115.442012,-311.9031471,88.71398951
2117.078894,-312.0820504,90.34106389
2118.726949,-312.2707018,91.97828313
2120.386304,-312.4686597,93.62578655
2122.057087,-312.6760687,95.28364343
2123.739561,-312.8925528,96.95213006
2124.916027,-313.0485229,98.11821076
2125.436105,-313.1185699,98.63354977
2127.144301,-313.3532621,100.3255455
2128.864275,-313.5969729,102.0281646
2130.596151,-313.8490444,103.7415965
2132.34005,-314.1095833,105.465923
2134.096093,-314.3783354,107.201277
2135.864394,-314.6549535,108.9478076
2137.645922,-314.939657,110.7064389
2139.44066,-315.2320508,112.4771977
2141.247834,-315.5317573,114.2593458
2143.067529,-315.8387018,116.0529653
2144.899817,-316.1527289,117.8581429
2146.744765,-316.4735526,119.6749814
2148.602429,-316.8010189,121.5035547
2150.472861,-317.1349731,123.3439317
2152.356106,-317.4753615,125.1961595
2154.252208,-317.8218999,127.0603242
2156.161204,-318.1744121,128.9364905
2158.08313,-318.5327134,130.824722
2160.018016,-318.8966059,132.725082
2161.965891,-319.2658797,134.637633
2163.926775,-319.6403131,136.5624358
2165.900686,-320.0196744,138.4995492
2167.887634,-320.4037191,140.4490296
2169.887626,-320.7921898,142.4109306
2171.900658,-321.1848158,144.3853024
2173.926723,-321.5813126,146.3721913
2175.965802,-321.9813825,148.371639
2178.017873,-322.3847141,150.383682
2180.082901,-322.7909821,152.4083515
2182.160844,-323.1998477,154.4456727
2184.251652,-323.6109585,156.4956642
2186.355263,-324.0239484,158.558337
2188.471605,-324.4384419,160.6336921
2190.600594,-324.8540356,162.7217234
2192.742132,-325.2703078,164.8224144
2194.896109,-325.6868345,166.9357342
2197.0624,-326.1031781,169.0616392
2199.240865,-326.5188603,171.2000774
2201.431351,-326.9334089,173.3509788
2203.633689,-327.3463515,175.5142568
2205.848175,-327.757258,177.6902848
2208.074682,-328.1656026,179.8790256
2210.312447,-328.5707965,182.0798002
2212.561241,-328.9722367,184.2924718
2214.175822,-329.2566896,185.881798
2214.820822,-329.3693681,186.5168789
2217.090936,-329.7616697,188.7528378
2219.37132,-330.1484141,191.0001861
2221.6617,-330.529156,193.2586973
2223.962583,-330.903269,195.5289596
2226.27316,-331.2701459,197.8102226
2228.59282,-331.6290177,200.1019523
2230.921257,-331.9792992,202.4038885
2233.258157,-332.3202827,204.7157751
2235.603203,-332.6513691,207.0373286
2237.956661,-332.9718837,209.3688561
2240.317954,-333.2812446,211.7097922
2242.686341,-333.5785143,214.0594455
2245.061482,-333.8632804,216.4174501
2247.443032,-334.1345195,218.7834996
2249.83082,-334.3918701,221.1573734
2252.224867,-334.6344972,223.5390898
2254.624157,-334.861655,225.927597
2257.028311,-335.0728295,228.3224525
2259.436936,-335.2669234,230.7232387
2261.849766,-335.4436597,233.1295802
2264.26656,-335.6022081,235.5411622
2266.686445,-335.7417305,237.9570134
2269.108949,-335.8618413,240.3765293
2271.533577,-335.9616147,242.7990966
2273.95989,-336.0405426,245.2241162
2276.387252,-336.0982572,247.6507826
2278.815056,-336.1338599,250.0783182
2281.242874,-336.1472815,252.5060883
2283.669021,-336.1383598,254.9322091
2286.088492,-336.1064094,257.3514608
2288.499529,-336.0521095,259.7618754
2290.902081,-335.9753987,262.1631936
2293.295943,-335.876245,264.5549914
2295.680911,-335.7553162,266.9368819
2298.055698,-335.6122346,269.3073468
2300.420979,-335.4478175,271.6668952
2302.776741,-335.2618542,274.0152975
2305.122792,-335.0548549,276.3521886
2307.458943,-334.8268939,278.6771819
2309.784809,-334.578362,280.9897214
2312.099338,-334.3095086,283.288574
2314.403396,-334.0206755,285.5744461
2316.696801,-333.7118492,287.8469553
2318.979373,-333.3837785,290.1058184
2319.422447,-333.3174561,290.5439022
2321.250929,-333.0360654,292.3505952
2323.511284,-332.669689,294.5810511
2325.760126,-332.2845756,296.7966628
2327.996395,-331.8812496,298.9962521
2330.220922,-331.4601372,301.1805474
2332.433531,-331.021124,303.3491562
2334.634044,-330.5647648,305.5018199
2336.822287,-330.0915379,307.6382715
2338.998083,-329.6016053,309.7581818
2341.161261,-329.0951271,311.8612235
2343.311649,-328.5727582,313.9471921
2345.449078,-328.0348257,316.0158132
2347.573376,-327.4816629,318.0668177
2349.684373,-326.9133763,320.0998766
2351.781575,-326.3305934,322.1144705
2353.864913,-325.733724,324.1104692
2355.934496,-325.1230526,326.0878965
2357.990154,-324.4989466,328.046516
2360.03172,-323.8617805,329.9860985
2362.059027,-323.2119356,331.9064222
2364.071908,-322.5497998,333.8072732
2366.070198,-321.8757665,335.6884463
2368.053737,-321.1902323,337.5497472
2370.02238,-320.4935902,339.3910011
2371.976006,-319.7862205,341.2120589
2373.914538,-319.0684735,343.0128128
2375.837963,-318.340651,344.7932079
2377.746335,-317.6029912,346.5532398
2379.639065,-316.8559417,348.2922966
2381.516797,-316.0992912,350.0108232
2383.379956,-315.3328996,351.7090517
2385.228838,-314.5569132,353.3871994
2387.06375,-313.7712583,355.0453953
2388.885,-312.9758218,356.6837503
2390.692895,-312.1700026,358.302118
2392.487736,-311.3541959,359.900828
2394.269814,-310.5283219,361.4799743
2396.039414,-309.691751,363.0393355
2397.79681,-308.8447988,364.5791632
2399.540809,-307.9882771,366.0983315
2401.272457,-307.1209813,367.5971218
2402.992571,-306.2434616,369.0765505
2404.70138,-305.3551301,370.536299
2406.399102,-304.4562067,371.9764906
2408.085947,-303.5467066,373.3971327
2409.762115,-302.6264157,374.7980468
2411.425483,-301.6969937,376.1775159
2413.078192,-300.7570455,377.5368895
2414.720751,-299.8067683,378.8766437
2416.353369,-298.8459851,380.1966007
2417.976252,-297.8747261,381.4967441
2419.588592,-296.8939321,382.776445
2421.189629,-295.9036082,384.0344363
2422.781569,-294.9033975,385.2729076
2424.364646,-293.8925799,386.4912389
2424.669071,-293.6963877,386.7240175
2425.939093,-292.871525,387.6896936
2427.503576,-291.8415524,388.8672835
2429.05836,-290.8018044,390.02324
2430.60533,-289.7519671,391.1594238
2432.14476,-288.6920537,392.27584
2433.676643,-287.6215231,393.3715495
2435.198935,-286.5424914,394.4453359
2436.714906,-285.4529649,395.4994007
2438.224931,-284.3525922,396.5334715
2439.729366,-283.2409083,397.5470961
2441.226415,-282.1199314,398.5393249
2442.719206,-280.9875032,399.5119388
2444.208076,-279.8433612,400.4646287
2445.69322,-278.6872056,401.39678
2447.175718,-277.5189138,402.3093818
2448.65817,-276.3366625,403.2037475
2450.140663,-275.140616,404.079649
2451.623258,-273.9304765,404.936153
2453.106461,-272.7066126,405.7740039
2454.590685,-271.4691496,406.593488
2456.076267,-270.2182057,407.3947638
2457.563961,-268.9532824,408.1778024
2459.054932,-267.6737954,408.9432185
2460.548741,-266.3808401,409.6913397
2462.04563,-265.0746208,410.422381
2463.546492,-263.7545615,411.1365125
2465.052379,-262.4200045,411.8340877
2466.562366,-261.0724795,412.5154082
2468.076657,-259.7121747,413.1806956
2469.596021,-258.3384455,413.8297667
2471.121889,-256.9504804,414.4636367
2472.65285,-255.5500597,415.082206
2474.189077,-254.1372268,415.6854121
2475.730747,-252.7119047,416.2729273
2477.280363,-251.2724128,416.8466347
2478.835933,-249.8207916,417.4057055
2480.397537,-248.3569546,417.9495437
2481.965336,-246.8813778,418.4792966
2483.540482,-245.3930935,418.9951092
2485.123584,-243.8916272,419.4968907
2486.713406,-242.3786492,419.9851589
2488.310105,-240.8539773,420.4592847
2489.913842,-239.3178383,420.9199647
2491.525905,-237.7692257,421.3677584
2493.146519,-236.2079613,421.8022929
2494.774662,-234.6354782,422.2243426
2496.410497,-233.0515051,422.6329572
2498.054188,-231.4563738,423.0295134
2499.705944,-229.8498287,423.4132965
2501.367976,-228.2300792,423.7857806
2503.03835,-226.5990105,424.1459807
2504.717235,-224.9567754,424.49484
2506.404802,-223.3032078,424.831858
2508.101227,-221.6384624,425.1581465
2509.806686,-219.9623167,425.4729712
2511.522594,-218.2736992,425.7777569
2513.248476,-216.5730939,426.0720325
2514.983902,-214.8611051,426.3562559
2516.729059,-213.1376918,426.6308664
2518.484138,-211.4027028,426.8956377
2520.249331,-209.6561529,427.1514827
2522.024834,-207.897924,427.3985357
2523.810847,-206.1278926,427.6369097
2525.608262,-204.3453231,427.8674267
2527.407569,-202.5597393,428.0892183
2529.193883,-200.7859778,428.3006047
2529.915696,-200.068975,428.3837924
2530.960989,-199.0303917,428.5020298
2532.708018,-197.2939534,428.694102
2534.43537,-195.5763387,428.8772444
2536.143418,-193.8773184,429.0526077
2537.832513,-192.1965862,429.2204745
2539.500074,-190.5368098,429.3814097
2541.147117,-188.8970154,429.5357634
2542.775616,-187.275301,429.6842504
2544.385789,-185.6714547,429.8268458
2545.977857,-184.0852879,429.9637847
2547.549516,-182.5190827,430.0945933
2549.098352,-180.9752357,430.2187942
2550.628692,-179.4494189,430.336353
2551.231468,-178.8483048,430.3810841
2552.140713,-177.9414275,430.4466441
2553.633299,-176.4523465,430.5488543
2555.098638,-174.9899669,430.641897
2556.545271,-173.5457663,430.7257074
2557.974029,-172.1189269,430.7996576
2559.379029,-170.7153516,430.8628214
2560.76222,-169.333136,430.9146511
2562.13012,-167.965836,430.9550092
2563.479115,-166.6171427,430.983311
2564.805779,-165.2905789,430.9991447
2566.119575,-163.9767932,431.0022958
2567.415569,-162.680843,430.9923871
2568.691698,-161.40493,430.9691525
2569.95704,-160.1401384,430.9320344
2571.202403,-158.8958214,430.8812235
2572.433087,-157.6668535,430.8164796
2573.653854,-156.4486671,430.7373705
2574.851426,-155.2546969,430.6447367
2576.041142,-154.0698329,430.5374652
2577.213864,-152.9035074,430.4152249
2578.372875,-151.7525822,430.2787027
2579.522046,-150.6134197,430.1275031
2580.651602,-149.4959567,429.9627062
2581.77596,-148.3863342,429.7813644
2582.878768,-147.3007312,429.5874475
2583.975803,-146.2238754,429.3780461
2585.055739,-145.1674279,429.1541242
2586.126579,-144.123419,428.9160127
2587.183813,-143.0968498,428.6632686
2588.229556,-142.0857926,428.3962831
2589.264221,-141.0900204,428.1153043
2590.285939,-140.111974,427.8198798
2591.298143,-139.1480826,427.5109336
2592.296891,-138.2031341,427.1876467
2593.286696,-137.2722904,426.8511641
2594.263552,-136.3604952,426.5007118
2595.231045,-135.4638718,426.1372776
2596.187131,-134.5852214,425.7604402
2597.132405,-133.724009,425.3707958
2598.068888,-132.8784142,424.9684043
2598.992069,-132.0537811,424.5534409
2599.910167,-131.2417774,424.1250446
2600.811416,-130.4541263,423.6871078
2600.968269,-130.3182057,423.6088233
2601.712385,-129.6764314,423.2322598
2602.591889,-128.9265448,422.7727358
2603.471393,-128.1875338,422.2959522
2604.334993,-127.4727916,421.811295
2605.192978,-126.7733085,421.3144866
2606.042305,-126.0923516,420.8069412
2606.879086,-125.434488,420.2898712
2607.715484,-124.7890227,419.7580131
2608.531522,-124.1716611,419.2244097
2609.34756,-123.567327,418.676091
2610.15222,-122.9866236,418.1191287
2610.948221,-122.4260184,417.5540881
2611.743173,-121.8806309,416.9757909
2612.5203,-121.3622771,416.3968492
2613.297427,-120.8592205,415.8045515
2614.066171,-120.3787656,415.2044851
2614.825919,-119.9208566,414.5982898
2615.585667,-119.4799649,413.9796233
2616.332409,-119.0639839,413.3595483
2617.076859,-118.6671548,412.7297529
2617.819432,-118.2898239,412.0902594
2618.552431,-117.9362796,411.4482108
2619.285431,-117.6021077,410.7958533
2620.016397,-117.2894651,410.1351516
2620.744732,-116.9993484,409.4671291
2621.473067,-116.7301463,408.7904262
2622.201239,-116.4823617,408.1057775
2622.929338,-116.2563374,407.4137261
2623.657437,-116.0523525,406.7148652
2624.385537,-115.8706256,406.0098879
2625.113636,-115.7112809,405.2995111
2625.842455,-115.5742108,404.5837586
2626.574209,-115.4590666,403.8611659
2627.305963,-115.3663581,403.1353356
2628.041562,-115.297134,402.4030288
2628.781601,-115.2501002,401.6645282
2629.52164,-115.2250722,400.9249671
2630.269732,-115.2216854,400.1769428
2631.020343,-115.2399389,399.4266158
2631.772199,-115.2794577,398.675855
2632.535554,-115.3406532,397.9149992
2633.298909,-115.4226288,397.156085
2634.069086,-115.5278689,396.3931613
2634.846714,-115.6544954,395.6259528
2635.624342,-115.8006838,394.8622359
2636.41599,-115.9689062,394.0887125
2637.209086,-116.1564574,393.3181437
2638.008455,-116.3648329,392.5464423
2638.817849,-116.5961288,391.7708315
2639.627243,-116.8451984,391.0007506
2640.452077,-117.1166135,390.2218842
2641.278362,-117.405738,389.4478583
2642.113192,-117.7171356,388.6733095
2642.956779,-118.0486936,387.8976447
2643.802534,-118.3971595,387.1270397
2644.6637,-118.768273,386.3499692
2645.524866,-119.1572487,385.5816841
2646.400261,-119.567754,384.8085346
2647.279185,-119.9947017,384.0402941
2648.167499,-120.4433555,383.2736346
2649.064274,-120.9105895,382.5082185
2649.966349,-121.3944347,381.7469023
2650.705071,-121.8023983,381.1310619
2650.88103,-121.9013523,380.9855639
2651.797675,-122.4224189,380.2314415
2652.730269,-122.966547,379.4740724
2653.662864,-123.5248341,378.7270678
2654.612762,-124.1056711,377.9754635
2655.563279,-124.7014722,377.2348758
2656.52924,-125.3185804,376.4917505
2657.497682,-125.9504352,375.7578604
2658.480404,-126.6033536,375.0234082
2659.466773,-127.2708458,374.2972323
2660.466924,-127.9591323,373.5715975
2661.471212,-128.6617414,372.8540389
2662.48944,-129.3849723,372.1373044
2663.511647,-130.1220994,371.4291307
2664.54858,-130.8798655,370.7213135
2665.58871,-131.6508429,370.0231498
2666.644973,-132.4429711,369.3244354
2667.703211,-133.2469844,368.6363861
2668.779274,-134.0735026,367.9473697
2669.858055,-134.91113,367.267563
2670.95217,-135.769887,366.5896263
2672.052142,-136.6413587,365.9184723
2673.164397,-137.5309784,365.2508816
2674.286231,-138.4364253,364.5885728
2675.416735,-139.3562665,363.9313767
2676.561133,-140.2947757,363.2765194
2677.7103,-141.2446778,362.6297909
2678.877708,-142.2163131,361.9826866
2680.050764,-143.1990857,361.3422187
2681.236849,-144.1990517,360.7043634
2682.434537,-145.215099,360.0702537
2683.639448,-146.2429262,359.4414726
2684.862475,-147.2916596,358.8122361
2686.092458,-148.3515956,358.1882319
2687.33532,-149.4276559,357.5663059
2688.591761,-150.5203144,356.9460366
2689.856096,-151.624609,356.3303476
2691.136969,-152.7477947,355.7146507
2692.428575,-153.8846855,355.1016934
2693.728903,-155.033381,354.4923145
2695.047483,-156.2021934,353.8819669
2696.375646,-157.3833606,353.2746351
2697.713241,-158.5766226,352.6702512
2699.069116,-159.7897666,352.0647173
2700.435029,-161.0153334,351.4616436
2700.441872,-161.0214798,351.458634
2701.811025,-162.253234,350.8608418
2703.203858,-163.5094236,350.2592049
2704.608669,-164.7794608,349.6587914
2706.024189,-166.0620637,349.0599403
2707.453753,-167.3600762,348.4609312
2708.898609,-168.6745037,347.8610251
2710.354777,-170.0015855,347.2616296
2711.822561,-171.3414473,346.662331
2713.306932,-172.698535,346.0609415
2714.804824,-174.0698848,345.458382
2716.314869,-175.4540205,344.8547255
2717.837334,-176.8510182,344.2494997
2719.37612,-178.2643617,343.6409608
2720.929252,-179.6919891,343.029325
2722.495191,-181.1322706,342.4147064
2724.074138,-182.5852619,341.7967347
2725.666494,-184.0510535,341.1745988
2727.27615,-185.5330143,340.546281
2728.898912,-187.0270748,339.9129255
2730.534862,-188.533018,339.2738119
2732.184045,-190.0506672,338.6284084
2733.846467,-191.5797153,337.9759836
2735.523618,-193.1212579,337.3153154
2737.215075,-194.6745961,336.6458638
2738.91913,-196.2378083,335.9675079
2740.635583,-197.8104078,335.279658
2741.741181,-198.822146,334.8338644
2742.364186,-199.3917671,334.5815396
2744.104644,-200.9812558,333.8725183
2745.856612,-202.5781862,333.1519621
2747.620148,-204.1820875,332.4187828
2749.395358,-205.7927087,331.6722867
2751.176034,-207.4039529,330.9142059
2752.949984,-209.0042405,330.1487197
2754.708259,-210.5853044,329.379468
2756.448317,-212.1445449,328.6070971
2758.1708,-213.6821663,327.8307934
2759.876314,-215.1986743,327.0504329
2761.564057,-216.6928038,326.2655537
2763.233547,-218.1642274,325.4768289
2764.887616,-219.6148841,324.6821475
2766.52677,-221.0453328,323.8817621
2768.151495,-222.4553079,323.0744959
2769.762257,-223.8454182,322.2607868
2771.355891,-225.2123395,321.441539
2772.93547,-226.5586915,320.6154765
2774.502325,-227.8855141,319.782082
2776.056863,-229.1923817,318.9402646
2777.59859,-230.4791209,318.0910327
2779.124624,-231.7431056,317.2359939
2780.639472,-232.9874463,316.3720818
2782.143497,-234.2124617,315.4995017
2783.636597,-235.4178963,314.6184581
2785.114694,-236.6002227,313.7314175
2786.583049,-237.7631085,312.8349111
2788.041989,-238.9067055,311.9290124
2789.489963,-240.0296523,311.0149118
2790.925608,-241.1306519,310.09359
2792.1441,-242.0549399,309.2996233
2792.352881,-242.2124903,309.1626267
2793.772063,-243.2750687,308.2219017
2795.178919,-244.3147837,307.2741683
2796.577679,-245.3345125,306.3167539
2797.969499,-246.3349398,305.3491471
2799.352023,-247.3140446,304.3730949
2800.726318,-248.272283,303.3879993
2802.095083,-249.2111854,302.3920441
2803.45708,-250.1295192,301.3862408
2804.811747,-251.0265757,300.3711773
2806.162194,-251.9040762,299.3447088
2807.50766,-252.7611605,298.3075858
2808.847096,-253.5968563,297.2608586
2810.183336,-254.4126451,296.2025762
2811.515781,-255.2078474,295.1334661
2812.844943,-255.9824955,294.0534076
2814.173341,-256.7377663,292.9606405
2815.501215,-257.4734763,291.8552385
2816.82909,-258.1896274,290.7370658
2818.157026,-258.8860082,289.6064024
2819.48507,-259.5624634,288.46358
2820.81404,-260.2192848,287.3082964
2822.144047,-260.8564522,286.1408759
2823.47568,-261.4742298,284.9612438
2824.810472,-262.0733317,283.7684802
2826.147495,-262.6533739,282.5638553
2827.487593,-263.2148141,281.3470607
2828.832556,-263.7584791,280.1168994
2830.180708,-264.2837783,278.8753187
2831.532874,-264.791175,277.6219831
2832.891363,-265.2816396,276.3551415
2834.253825,-265.7544185,275.0773549
2835.620682,-266.2098228,273.7886107
2836.995344,-266.6491109,272.4860428
2838.37466,-267.0713581,271.1729603
2839.758748,-267.4767741,269.8495904
2841.151241,-267.86622,268.5126753
2842.547019,-268.2386725,267.167519
2842.549543,-268.2393253,267.1650811
2843.953234,-268.5961899,265.8075231
2845.364618,-268.9375433,264.4380533
2846.783712,-269.263491,263.0569116
2848.208748,-269.5737573,261.6660739
2849.640109,-269.868595,260.2654187
2851.08157,-270.1489111,258.8514854
2852.529488,-270.4134813,257.427953
2853.984016,-270.6630819,255.9950104
2855.446994,-270.8982275,254.5510626
2856.919221,-271.1191776,253.0955188
2858.398568,-271.3257608,251.630675
2859.885202,-271.5175152,250.1564674
2861.381515,-271.6955527,248.670791
2862.887075,-271.8600534,247.1742515
2864.400443,-272.011046,245.6684421
2865.921795,-272.1479699,244.1532695
2867.453017,-272.272003,242.6270854
2868.994507,-272.3833979,241.0896317
2870.544515,-272.48166,239.5427467
2872.103235,-272.5673559,237.9863898
2873.67086,-272.6410607,236.4205032
2875.250936,-272.7024983,234.841627
2876.84029,-272.7522763,233.2530562
2878.43912,-272.790744,231.6546932
2880.047637,-272.8176279,230.0464045
2881.666078,-272.8340205,228.4280494
2883.297617,-272.8395134,226.7965232
2884.939445,-272.8350076,225.154704
2886.591787,-272.820429,223.5024291
2888.254873,-272.7964488,221.8395178
2889.928937,-272.7631971,220.1657868
2891.614655,-272.7213207,218.4805903
2892.949939,-272.682365,217.1458762
2893.313885,-272.6708638,216.7821116
2895.024727,-272.6127342,215.0722582
2896.747418,-272.5468187,213.3508303
2898.48219,-272.4741284,211.6175833
2900.229272,-272.3948575,209.8723007
2901.988888,-272.3095677,208.1147539
2903.761249,-272.2189586,206.3447108
2905.547531,-272.1232844,204.5609931
2907.347578,-272.0232495,202.7637284
2909.160743,-271.9195182,200.9535329
2910.98713,-271.81258,199.1302793
2912.826811,-271.7028823,197.2938718
2914.67983,-271.5909962,195.4442342
2916.546206,-271.477304,193.5813237
2918.425945,-271.3621189,191.7051176
2920.319038,-271.2456798,189.8156086
2922.225472,-271.128166,187.9128
2924.145228,-271.0097101,185.9967022
2926.078284,-270.8903882,184.0673328
2928.024614,-270.77025,182.1247136
2929.984192,-270.6493297,180.16887
2931.956988,-270.5276534,178.1998303
2933.942969,-270.4052438,176.2176252
2935.942102,-270.2821225,174.2222873
2937.95435,-270.1583116,172.2138513
2939.979677,-270.0338337,170.1923533
2942.018043,-269.9087119,168.1578312
2944.069408,-269.7829703,166.1103241
2946.133729,-269.6566338,164.0498724
2948.210964,-269.5297279,161.9765179
2950.301068,-269.4022791,159.8903033
2952.403995,-269.2743167,157.7912722
2954.519701,-269.1458681,155.6794694
2956.648137,-269.0169609,153.5549406
2958.789256,-268.8876226,151.417732
2960.943008,-268.7578783,149.2678912
2963.109345,-268.6277569,147.1054655
2965.288217,-268.4972695,144.9305042
2967.479575,-268.3664193,142.743057
2969.670945,-268.2359431,140.5555741
2971.843695,-268.10693,138.3866577
2973.996592,-267.9793977,136.2375417
2976.129657,-267.8532949,134.1082076
2978.242914,-267.7285653,131.9986345
2980.33639,-267.6051503,129.9087991
2982.410115,-267.4829752,127.8386763
2984.464121,-267.361939,125.78824
2986.498439,-267.2418991,123.7574669
2988.513094,-267.1226396,121.7463443
2990.508094,-267.0038418,119.7548845
2992.483408,-266.8850639,117.7831454
2994.438953,-266.7657355,115.8312447
2996.374587,-266.6451711,113.8993697
2998.290111,-266.5226017,111.9877717
3000.185286,-266.3972077,110.0967495
3002.059851,-266.2681574,108.2266337
3002.859388,-266.2114484,107.4291093
3003.913535,-266.134648,106.3777652
3005.74608,-265.9959347,104.5504793
3007.555906,-265.8514078,102.7464342
3009.3424,-265.7003724,100.9663384
3011.107081,-265.5422864,99.20875591
3012.85071,-265.3764915,97.47303023
3014.574067,-265.2022735,95.75850505
3016.277898,-265.0194511,94.06451467
3017.962907,-264.8270372,92.39053209
3019.629443,-264.6251891,90.73627011
3021.274062,-264.4134373,89.1053442
3022.901582,-264.191571,87.49302354
3024.512577,-263.9584592,85.89898853
3026.1076,-263.7144582,84.3227448
3027.68718,-263.4589336,82.76397767
3029.246533,-263.1923819,81.22758246
3030.790813,-262.9142408,79.70856376
3032.320959,-262.6238548,78.20623369
3033.83743,-262.3208417,76.72035198
3035.33658,-262.0062391,75.25459312
3036.820321,-261.6796072,73.80726014
3038.291529,-261.3399628,72.37580409
3039.750619,-260.98703,70.96005183
3041.192032,-260.6224618,69.56551558
3042.620658,-260.2450607,68.18765123
3044.038203,-259.8543232,66.82503377
3045.442343,-259.4508464,65.48012282
3046.830893,-259.0353094,64.1552193
3048.209344,-258.6061377,62.84529064
3049.577118,-258.1633313,61.55118797
3050.819875,-257.7460498,60.38058833
3050.928014,-257.7091182,60.27895229
3052.269794,-257.2410753,59.02146208
3053.602197,-256.7592686,57.77923425
3054.917976,-256.2664318,56.55925025
3056.225653,-255.7595281,55.35382857
3057.52395,-255.2389201,54.16449246
3058.807356,-254.7068915,52.99656574
3060.083673,-254.1604902,51.84313778
3061.349479,-253.601201,50.70761278
3062.603454,-253.0297709,49.59142754
3063.851325,-252.4437117,48.48976462
3065.086769,-251.8460931,47.40850755
3066.314482,-251.2348399,46.34380086
3067.535763,-250.6093769,45.29484979
3068.744937,-249.9718698,44.26739686
3069.949773,-249.3192519,43.25464553
3071.145402,-248.654257,42.26104542
3072.334583,-247.9755514,41.28459955
3073.5191,-247.2821576,40.32425617
3074.695003,-246.5754543,39.38442452
3075.868385,-245.8531141,38.45977543
3077.035457,-245.1175928,37.5536909
3078.199452,-244.3670659,36.66399494
3079.360067,-243.600594,35.79249391
3080.518349,-242.8189568,34.93775374
3081.675867,-242.0214111,34.09889066
3082.833385,-241.2075202,33.27584835
3083.991254,-240.3762187,32.46989989
3085.149945,-239.5287973,31.679735
3086.310267,-238.6650228,30.90502886
3087.471807,-237.7852848,30.14660418
3088.63692,-236.8876199,29.40388145
3089.803418,-235.9751022,28.67727709
3090.974771,-235.0454334,27.96473268
3092.148963,-234.1004285,27.26783531
3093.32695,-233.1391354,26.58700489
3094.510387,-232.161446,25.92023473
3095.696192,-231.170284,25.26933752
3096.88981,-230.1614592,24.63140486
3098.086663,-229.1387645,24.00969053
3098.780363,-228.5413261,23.65716413
3099.289069,-228.1008252,23.40271547
3100.498059,-227.0473574,22.80958383
3101.710342,-225.9815734,22.23193271
3102.931929,-224.8985178,21.66693245
3104.15781,-223.8029137,21.11700991
3105.38968,-222.6932601,20.58207908
3106.630021,-221.5680341,20.06028075
3107.874592,-220.4313715,19.55341465
3109.12815,-219.2792395,19.05949963
3110.388407,-218.1140077,18.57945643
3111.65343,-216.9377714,18.11392899
3112.930053,-215.7444518,17.66036299
3114.211988,-214.5401794,17.22097303
3115.50063,-213.3239393,16.79513354
3116.800243,-212.0919246,16.38146757
3118.105661,-210.8492983,15.98149497
3119.419233,-209.5941245,15.5942046
3120.743501,-208.3242078,15.21873719
3122.074189,-207.0438655,14.85619626
3123.413764,-205.7509621,14.50570487
3124.764445,-204.4435654,14.16653636
3126.122192,-203.1257851,13.83955474
3127.488761,-201.7961099,13.52418078
3128.867646,-200.4513206,13.21946435
3130.254276,-199.096082,12.92611295
3131.648884,-197.7303557,12.64378537
3133.057737,-196.3481741,12.37097496
3134.475141,-194.9552804,12.10855675
3135.90126,-193.5516768,11.8561723
3137.339499,-192.1341659,11.61289944
3138.789653,-190.7030877,11.37847799
3140.249305,-189.260895,11.15341456
3141.718737,-187.8075183,10.93681223
3143.202881,-186.3382038,10.72754727
3144.69818,-184.8565881,10.52574478
3146.204098,-183.3632794,10.33129315
3146.74085,-182.8307668,10.26396027
3147.720945,-181.8580836,10.14365761
3149.253184,-180.3367096,9.961529025
3150.797766,-178.8022677,9.784841037
3152.354123,-177.2553681,9.613538496
3153.92256,-175.6958504,9.44650909
3155.504804,-174.1220631,9.283146794
3157.10257,-172.5323537,9.122903942
3158.713057,-170.9296109,8.965158856
3160.336476,-169.3136557,8.809675642
3161.973009,-167.6843834,8.655687898
3163.622949,-166.0415347,8.502880064
3165.289441,-164.3820205,8.350541947
3166.969147,-162.7091855,8.19876556
3168.662148,-161.0229724,8.047318643
3170.368508,-159.323323,7.896133076
3172.088281,-157.6101964,7.745081292
3173.821509,-155.8835451,7.594231018
3175.568818,-154.142754,7.443457452
3177.331111,-152.3869174,7.29274072
3179.106741,-150.6176744,7.142270995
3180.895731,-148.8350032,6.992044623
3182.698097,-147.0388836,6.842115551
3184.513851,-145.2293008,6.692547064
3186.342997,-143.4062504,6.54333997
3188.185536,-141.5697297,6.394536624
3190.041464,-139.7197401,6.246189825
3191.910772,-137.8562864,6.098361019
3193.793449,-135.9793812,5.951063439
3195.689477,-134.0890383,5.804341989
3197.599082,-132.1850322,5.65822352
3199.522296,-130.2673282,5.512750477
3201.458685,-128.336357,5.368000539
3203.408227,-126.3921389,5.224019778
3205.370898,-124.4346963,5.080861231
3207.346669,-122.4640553,4.938565262
3209.335513,-120.4802438,4.797175058
3211.337397,-118.483292,4.656738092
3213.352288,-116.4732318,4.517302165
3215.38015,-114.4500971,4.378915365
3217.420947,-112.4139227,4.241638676
3219.47464,-110.3647463,4.105513251
3221.541189,-108.3026066,3.97058751
3223.620553,-106.2275436,3.836910848
3225.713176,-104.1391145,3.704502256
3227.818639,-102.0377343,3.573436218
3229.936844,-99.92350305,3.443766549
3232.06774,-97.79646719,3.315554956
3234.211281,-95.65667324,3.188876065
3236.367416,-93.50417173,3.063749917
3238.536097,-91.339012,2.940227312
3240.717272,-89.16124355,2.818367859
3242.910891,-86.97091437,2.698268528
3245.116904,-84.76807834,2.579930259
3247.335258,-82.55278702,2.463403955
3249.565902,-80.32508867,2.348812236
3251.809677,-78.08414666,2.236099261
3254.065968,-75.83057463,2.125360064
3256.33442,-73.5647256,2.016714274
3258.61498,-71.28665764,1.910146308
3260.907592,-68.99642204,1.805787015
3263.212203,-66.69407659,1.703631564
3265.528758,-64.37967461,1.603778469
3267.858239,-62.05223791,1.50621457
3270.200007,-59.71240464,1.411047165
3272.553574,-57.36066458,1.318327103
3274.918886,-54.99707294,1.22814899
3277.295886,-52.62168849,1.140513715
3279.684776,-50.23430989,1.055554475
3282.086636,-47.83386217,0.973206349
3284.500033,-45.4217781,0.893634264
3286.92491,-42.99811571,0.81688411
3289.361214,-40.56293336,0.742982606
3291.809619,-38.11555682,0.67202902
3294.270377,-35.65573846,0.604039685
3296.742404,-33.18456492,0.539090184
3299.225645,-30.70209323,0.477269181
3301.720415,-28.20801253,0.418641064
3304.227776,-25.70126523,0.363207111
3306.746191,-23.18338959,0.311067378
3309.275608,-20.65444339,0.262288969
3311.816666,-18.11379044,0.216959436
3314.369845,-15.56095463,0.175091607
3316.933866,-12.99722066,0.136772173
3319.508674,-10.42264648,0.102062285
3322.095819,-7.835688138,0.070997793
3324.694019,-5.237632367,0.043637666
3327.302852,-2.628907161,0.019999245
3329.923266,-0.008571015,-0.000179567
3329.931835,-1.85E-06,-0.000243267
