Distance,X,Y,Banking
0,0,0,-1.439373828
2.872651401,2.872646775,-0.005155027,-1.439400811
5.754646739,5.754637447,-0.010341806,-1.439395849
8.647523158,8.647509122,-0.01558036,-1.439460093
11.5502416,11.55022271,-0.02088705,-1.439384632
14.46326855,14.46324466,-0.026282564,-1.442757922
17.38651117,17.38648211,-0.03178803,-1.439459519
20.31960545,20.31957097,-0.037425019,-1.439376045
23.26317324,23.26313305,-0.043217625,-1.439396205
26.21624377,26.21619755,-0.04918736,-1.439397125
29.17993782,29.17988517,-0.055360542,-1.439374399
32.15288639,32.15282686,-0.061758971,-1.439375808
35.13650815,35.13644121,-0.06840473,-1.44320888
38.12923014,38.12915526,-0.075297493,-1.439472757
41.13258154,41.13249816,-0.082442984,-1.439381531
44.14496651,44.14487405,-0.08983971,-1.439427032
47.16785019,47.16774804,-0.097493801,-1.439417526
50.19978248,50.19967001,-0.105404499,-1.439389407
53.24200186,53.24187842,-0.113576458,-1.43945205
56.29336112,56.29322602,-0.122008867,-1.442890826
59.35472059,59.35457313,-0.13070628,-1.439402693
62.42538221,62.42522168,-0.139668973,-1.439392217
65.5056872,65.50551283,-0.148901481,-1.439439402
68.59552284,68.59533385,-0.158405058,-1.439387681
71.69457993,71.69437553,-0.168180298,-1.439456121
74.80345783,74.80323717,-0.178231282,-1.439376919
77.92107485,77.92083709,-0.188558676,-1.443242642
81.04886024,81.04860448,-0.199168119,-1.439430515
84.18522408,84.18494943,-0.210055843,-1.439402087
87.33133532,87.33104082,-0.221229649,-1.439460375
90.48628794,90.48597263,-0.232688247,-1.439378536
93.65025247,93.64991536,-0.244433067,-1.439436556
96.82346835,96.82310841,-0.256469722,-1.43940455
100.0049827,100.0045989,-0.268794934,-1.443231817
103.1960901,103.1956813,-0.281416007,-1.439472097
106.3954173,106.3949824,-0.294331415,-1.439406844
109.6034924,109.6030303,-0.307542626,-1.439473207
112.8203177,112.8198273,-0.321055557,-1.439397571
116.0451474,116.0446274,-0.334865406,-1.439447327
119.2790427,119.2784919,-0.348982069,-1.442182224
122.5209318,122.520349,-0.363400232,-1.439423889
125.7709649,125.7703486,-0.378125407,-1.439409678
129.0296108,129.0289599,-0.393158945,-1.439436008
132.2959652,132.2952783,-0.408502104,-1.439416497
135.570576,135.5698516,-0.424155971,-1.43945478
138.8532626,138.8524993,-0.440125282,-1.43941629
142.142987,142.1421836,-0.456404156,-1.439471301
145.4237006,145.4228555,-0.472915198,-1.439410584
148.6810986,148.680211,-0.489582663,-1.439396036
151.9158186,151.9148872,-0.506403703,-1.439402959
155.1249133,155.1239371,-0.523357717,-1.439404845
158.3118946,158.3108725,-0.54045727,-1.439510202
161.4747638,161.4736948,-0.557684619,-1.439968632
164.6142535,164.6131366,-0.575041298,-1.439484315
167.7312067,167.7300407,-0.592523446,-1.439451092
170.8236898,170.8224738,-0.610115004,-1.439455934
173.8948288,173.8935616,-0.627829256,-1.439380911
176.9408172,176.939498,-0.645639251,-1.43942219
179.9661977,179.9648254,-0.663565085,-1.439451227
182.9662868,182.9648604,-0.681573981,-1.440369705
185.9461296,185.9446482,-0.699690935,-1.439420244
188.9007915,188.8992541,-0.717880973,-1.439389031
191.8351691,191.8335747,-0.736168962,-1.439440574
194.7450722,194.7434199,-0.754523877,-1.439382851
197.6341202,197.6324091,-0.77296333,-1.439422052
200.4999236,200.4981527,-0.79146714,-1.439439313
203.3437904,203.3419589,-0.810038579,-1.439379203
206.1662025,206.1643094,-0.828676726,-1.439406688
208.9650512,208.9630957,-0.847366826,-1.439397529
211.7436689,211.7416497,-0.866175087,-1.439376992
214.4988465,214.4967614,-0.885231973,-1.439401607
217.2325442,217.230389,-0.904812026,-1.439386147
219.9455903,219.9433578,-0.925286333,-1.439419047
222.6337228,222.6314058,-0.946596976,-1.439460421
225.300479,225.2980758,-0.968052009,-1.439378214
227.9456755,227.9431931,-0.988511105,-1.439480086
230.5661751,230.5636242,-1.007450913,-1.439379435
233.1658429,233.163227,-1.025816377,-1.439395569
235.7444163,235.7417243,-1.04558061,-1.439436814
238.2992124,238.2964163,-1.068594631,-1.439393164
240.831121,240.8281705,-1.096487109,-1.439453058
241.6655065,241.6624911,-1.106910708,-1.439421712
243.3411935,243.3380156,-1.130196448,-1.439431814
245.8291251,245.8256205,-1.170449214,-1.442956964
248.2918389,248.2878774,-1.217814217,-1.439434357
250.7309477,250.7263634,-1.272862953,-1.439375463
253.1470156,253.1416011,-1.336133178,-1.439385027
255.5400427,255.5335433,-1.408118279,-1.439402552
257.9104368,257.9025451,-1.489287855,-1.439382665
260.256119,260.2464708,-1.579982093,-1.439392552
262.5801599,262.5683261,-1.680687856,-1.416520294
264.8832299,264.8687115,-1.79179411,-1.418584937
267.1657688,267.1479919,-1.913654358,-1.420339883
269.4281988,269.4065093,-2.04659472,-1.420355112
271.6709258,271.6445846,-2.190916378,-1.420323487
273.8943413,273.8625081,-2.347047631,-1.420336428
276.0975376,276.0592878,-2.515020098,-1.420348614
278.2820194,278.2363273,-2.695131545,-1.420314596
280.4484279,280.3941562,-2.887700153,-1.430996296
282.5970966,282.5329864,-3.093035522,-1.439408936
284.7283486,284.6530449,-3.311128038,-1.439511132
286.8424971,286.7545043,-3.54237103,-1.439380138
288.9398463,288.8375522,-3.786830456,-1.440533593
291.0206904,290.9023574,-4.044648304,-1.4394994
293.0853152,292.9490544,-4.316092031,-1.441108184
295.1340011,294.9778072,-4.601141406,-1.439403454
297.1670233,296.9887272,-4.90006033,-1.440381933
299.1846501,298.9819468,-5.212901768,-1.43947767
301.1871393,300.9575874,-5.539671507,-1.435602095
303.1747418,302.9156967,-5.880767287,-1.432005515
305.1477076,304.8564286,-6.235910726,-1.431791468
307.1062872,306.7798373,-6.605373285,-1.431745126
309.0507256,308.6859822,-6.989332536,-1.428302258
310.9812591,310.574978,-7.387610743,-1.417481238
312.8981182,312.4468809,-7.800282504,-1.414241288
314.801533,314.3016767,-8.227704581,-1.404504748
316.6917336,316.1394631,-8.669710297,-1.411061494
318.5689487,317.9602974,-9.126292585,-1.406472579
320.4334038,319.764215,-9.597505093,-1.401739346
322.285322,321.5512452,-10.08339703,-1.394043291
324.1249241,323.3214081,-10.58402433,-1.389328428
325.9524247,325.0746716,-11.09957678,-1.384038412
327.7669225,326.8100342,-11.62956393,-1.393323283
329.5693993,328.5282467,-12.17420488,-1.393343284
331.3602936,330.229533,-12.73357211,-1.392551154
333.1398074,331.9138871,-13.30766558,-1.391789832
334.9081425,333.5813006,-13.89648119,-1.387498762
336.6654987,335.2317597,-14.50001016,-1.393310261
338.4120701,336.8652432,-15.1182374,-1.390974327
340.1480449,338.4817222,-15.75114021,-1.379534179
341.8733029,340.0808809,-16.39857369,-1.39619896
343.5866062,341.6613779,-17.05993962,-1.395649035
345.2898047,343.224657,-17.73596715,-1.403853049
346.9830853,344.7707035,-18.42655015,-1.407948402
348.6666331,346.2995051,-19.13157347,-1.4048826
350.3406312,347.8110191,-19.85098238,-1.405630618
352.0052604,349.3051995,-20.58471881,-1.409516903
353.6589436,350.7804331,-21.331922,-1.42405477
355.3029488,352.2375629,-22.09316681,-1.427093284
356.9381095,353.6770508,-22.86878687,-1.431197407
358.5646157,355.0989915,-23.65844367,-1.431002918
360.1826573,356.5033394,-24.4620717,-1.428598068
361.7916302,357.8892587,-25.27937636,-1.430653392
363.3907027,359.2556428,-26.11003086,-1.429707594
364.9819228,360.604309,-26.95444093,-1.43161001
366.5655017,361.9352201,-27.81255307,-1.452963795
368.1416493,363.2478518,-28.68502287,-1.45112495
369.7093502,364.5415342,-29.57047039,-1.452379957
371.2686842,365.8161817,-30.46866576,-1.453562573
371.7326327,366.1928039,-30.73960483,-1.453829467
372.8213709,367.0723546,-31.38125964,-1.454437988
374.3676641,368.3105939,-32.30739612,-1.455192564
375.9078138,369.5306381,-33.24735047,-1.458978714
377.4397503,370.7303083,-34.20001454,-1.460164932
378.9664232,371.9121974,-35.16635649,-1.456612273
380.4881568,373.0755626,-36.14728164,-1.476797571
382.0052619,374.220908,-37.14213356,-1.480882397
383.5166958,375.3468725,-38.15039709,-1.480853139
385.0240777,376.4543498,-39.17295902,-1.478811082
386.5279135,377.543725,-40.20965517,-1.465718661
388.0283067,378.6142063,-41.26093708,-1.465566156
389.5240129,379.6654895,-42.3248414,-1.465401045
391.0157989,380.6968388,-43.40266161,-1.465897702
392.5040431,381.7094662,-44.49325892,-1.465096411
393.9887106,382.7020057,-45.59736864,-1.477357935
395.4680557,383.6741985,-46.71237825,-1.481286204
396.9432967,384.6256686,-47.83976304,-1.483208101
398.414758,385.5574534,-48.97858623,-1.484731379
399.8823581,386.4682974,-50.12931163,-1.487232573
401.3440087,387.3578378,-51.28908982,-1.481108723
402.8018152,388.2260418,-52.46014751,-1.478631249
404.2558114,389.0740362,-53.64123188,-1.480866367
405.7052131,389.8998387,-54.83235154,-1.482641067
407.1493888,390.704232,-56.03174614,-1.481240026
408.589911,391.4869408,-57.24104854,-1.497227097
410.0268491,392.2485292,-58.45954298,-1.497207143
411.4585942,392.987662,-59.68572126,-1.49869783
412.8865903,393.7048638,-60.92052844,-1.497916772
414.3115789,394.400925,-62.16392467,-1.500105272
415.7332902,395.0744034,-63.41597978,-1.500289017
417.152133,395.7265919,-64.67602585,-1.497259424
418.5699365,396.357191,-65.94584835,-1.494454941
419.9869959,396.9665853,-67.22516413,-1.509386951
421.4039174,397.555036,-68.51409049,-1.507118169
422.8208389,398.121493,-69.81283777,-1.509365119
424.2376822,398.6669581,-71.12045488,-1.507491213
425.6542799,399.1901312,-72.43688093,-1.50956697
427.0706321,399.6915677,-73.76148189,-1.507779672
428.4870221,400.1713129,-75.09412705,-1.505350936
429.9035375,400.6284933,-76.43481867,-1.504053882
431.3204701,401.0642627,-77.78305926,-1.501284419
432.7376908,401.4772687,-79.13874392,-1.514527808
434.1551925,401.8682345,-80.50124509,-1.517711219
435.5730702,402.2369658,-81.87031463,-1.512820069
436.9912167,402.5826902,-83.24565689,-1.50695111
438.4094986,402.9063758,-84.62648994,-1.505419198
439.8278805,403.2065694,-86.01271991,-1.503152298
441.2457049,403.4841265,-87.40309409,-1.501275836
442.662615,403.7385619,-88.79694927,-1.497496656
444.0784753,403.9693983,-90.19384853,-1.493044446
445.492328,404.177442,-91.59229235,-1.506883204
446.9042242,404.3612838,-92.99214855,-1.506053642
448.3144498,404.5221653,-94.39315009,-1.503160987
449.7225813,404.6596712,-95.79452901,-1.497202993
451.1274231,404.7731973,-97.1947591,-1.497246209
452.5296126,404.8638694,-98.59399565,-1.494781575
453.9290227,404.9305945,-99.9917924,-1.496975984
455.3230526,404.974002,-101.3851293,-1.489110785
456.7135364,404.9946864,-102.77544,-1.500115346
458.1006251,404.9912639,-104.1625062,-1.499869341
459.4823471,404.96526,-105.543966,-1.490878746
460.8593386,404.916693,-106.9200804,-1.493181199
462.2325939,404.8444934,-108.2914183,-1.488215043
463.6006018,404.750113,-109.6561488,-1.48494908
464.9628006,404.633743,-111.0133486,-1.479157148
466.3210111,404.4941121,-112.3643439,-1.476809119
467.6740452,404.3326975,-113.7076971,-1.479187645
469.0203962,404.1498822,-115.0415594,-1.482254313
470.3625847,403.9448383,-116.3679716,-1.489061555
471.6995131,403.718022,-117.6855006,-1.479491828
473.0291704,403.4704881,-118.9918946,-1.473900817
474.354566,403.2018791,-120.2897666,-1.476424579
475.6743799,402.9118689,-121.5773025,-1.470924119
476.986685,402.6015557,-122.8523713,-1.462170001
478.2946854,402.2707013,-124.1178156,-1.464031816
479.5964374,401.9199627,-125.3714064,-1.458586843
480.8908865,401.54977,-126.6117715,-1.459600385
482.1810507,401.1588467,-127.8412652,-1.472192392
483.4638855,400.749075,-129.0568726,-1.466778362
484.7401437,400.3204883,-130.2589939,-1.467616894
486.0121985,399.8725008,-131.4495307,-1.464859709
487.2753651,399.4069899,-132.6237705,-1.468667126
488.5332705,398.9229328,-133.784791,-1.465917673
489.7863432,398.4198573,-134.932424,-1.456793597
491.029936,397.9004066,-136.0623114,-1.456294904
492.2694821,397.362669,-137.1791195,-1.45425793
493.5019432,396.808187,-138.2797806,-1.468196912
494.727124,396.2373658,-139.3638354,-1.47259086
495.9484867,395.6488533,-140.4340328,-1.472730377
497.1598966,395.0458896,-141.4846953,-1.470515239
498.366982,394.4260356,-142.5204461,-1.468623048
499.5677793,393.7905418,-143.5392721,-1.468517341
500.7606787,393.1405908,-144.5395312,-1.465511512
501.7997589,392.5592089,-145.4007161,-1.46863327
501.950176,392.474044,-145.5247039,-1.468645729
503.1297289,391.794857,-146.4890673,-1.47154218
504.3054277,391.0999179,-147.4373676,-1.490989319
505.4744837,390.3911383,-148.367028,-1.488590259
506.6367533,389.6689611,-149.2776728,-1.484976301
507.7954769,388.9316856,-150.171544,-1.481026372
508.9448437,388.1833346,-151.0438703,-1.482330132
510.0916917,387.4198364,-151.8995955,-1.481595614
511.2307732,386.6449762,-152.7344795,-1.476923566
512.3659674,385.8564856,-153.5511067,-1.49237157
513.4961147,385.0554709,-154.3483148,-1.489141804
514.6209182,384.2424899,-155.1256059,-1.484930234
515.7430401,383.4159376,-155.8844957,-1.480912731
516.8588737,382.5788117,-156.6222384,-1.477635304
517.973492,381.7274429,-157.3416232,-1.472958134
519.0842014,380.86419,-158.0404991,-1.471008504
520.1946929,379.9867715,-158.7211376,-1.491221798
521.3046525,379.0957344,-159.3829471,-1.484974867
522.4151266,378.1905673,-160.0261797,-1.480785336
523.5261382,377.2715907,-160.6504814,-1.476868084
524.6384051,376.3385685,-161.2559048,-1.470192633
525.7512378,375.3924571,-161.8417484,-1.46472689
526.8654776,374.4329383,-162.4081534,-1.48464359
527.9799801,373.4611729,-162.9538232,-1.479859652
529.095339,372.4772352,-163.4790329,-1.475206646
530.2107516,371.4823807,-163.9833619,-1.470559528
531.3262862,370.4770002,-164.4666376,-1.463094408
532.4414363,369.462006,-164.928449,-1.460410253
533.5562218,368.4378435,-165.3686324,-1.456477324
534.6699373,367.4056306,-165.7867567,-1.468091816
535.7832359,366.3652329,-166.1829217,-1.463522386
536.8945062,365.3186335,-166.5564311,-1.458738336
538.0052285,364.2647941,-166.9072808,-1.456440108
539.1132659,363.2062665,-167.2347276,-1.453500051
540.2200804,362.1422639,-167.5394807,-1.448928051
541.3242897,361.0745992,-167.8210778,-1.444202175
542.4260444,360.0036242,-168.0795315,-1.455803031
543.5254278,358.92975,-168.3148279,-1.451343277
544.6205111,357.8553617,-168.5265762,-1.446688125
545.7136613,356.7786352,-168.7152622,-1.442027036
546.8006043,355.7041557,-168.8792956,-1.440063988
547.8863926,354.6275883,-169.0202945,-1.43409174
548.9646077,353.5558068,-169.1375864,-1.431913808
550.0414738,352.4831255,-169.2320178,-1.43972478
551.1115142,351.4154841,-169.3031856,-1.435692724
552.1790387,350.3490658,-169.3514571,-1.4313143
553.2405905,349.287805,-169.3755681,-1.427696735
554.2985679,348.2298619,-169.3769904,-1.427839287
555.3514612,347.1772192,-169.3558463,-1.426116808
556.3998819,346.1297327,-169.3123028,-1.425770937
557.4440697,345.0876693,-169.2459455,-1.427814844
558.4831804,344.0524484,-169.1564156,-1.430409871
559.5188904,343.0228079,-169.0448215,-1.434826087
560.5518389,341.9985771,-168.9111737,-1.436024315
561.5834166,340.9789193,-168.7549018,-1.436038937
562.600029,339.9779758,-168.5772454,-1.435952814
563.6111062,338.9866175,-168.3787506,-1.439665428
564.6017245,338.0197789,-168.1631146,-1.43992664
565.58561,337.0648299,-167.9263239,-1.44012434
566.5596927,336.1248453,-167.6710126,-1.443897931
567.529966,335.1942143,-167.3965786,-1.440040772
568.4909468,334.2793795,-167.1024304,-1.443885487
569.4471272,333.3757789,-166.789856,-1.444082677
570.3950546,332.4871566,-166.4598734,-1.44785461
571.336711,331.6126433,-166.1107688,-1.451795953
572.2717435,330.7520084,-165.7453419,-1.455635055
573.198509,329.9082319,-165.3620713,-1.456501882
574.1208825,329.0772864,-164.9617957,-1.459438734
575.0323621,328.265846,-164.5466723,-1.452426721
575.9423785,327.4658837,-164.1129647,-1.450771468
576.8382301,326.6885868,-163.6676234,-1.454476089
577.7340817,325.9226524,-163.2030716,-1.458179272
578.6162617,325.1792954,-162.7280664,-1.463353017
579.4962466,324.4501353,-162.2355084,-1.469754599
580.3667577,323.7406037,-161.7312062,-1.470296156
581.2306702,323.0495296,-161.2128681,-1.456659831
582.0901443,322.3749573,-160.6803182,-1.460263148
582.9379151,321.7230282,-160.1384493,-1.467055267
583.785686,321.0855745,-159.5795945,-1.468607151
584.6188454,320.4725099,-159.0154547,-1.472951021
585.4506721,319.876798,-158.4349379,-1.478445209
586.274565,319.3008691,-157.845815,-1.480946173
587.0909159,318.7465837,-157.2465574,-1.479786664
587.9063485,318.2092866,-156.6332176,-1.466057657
588.7082027,317.6963664,-156.0169064,-1.464583941
589.5100569,317.2023938,-155.3853327,-1.466805638
590.304442,316.7297097,-154.7469266,-1.4717098
591.0931865,316.2774291,-154.1007799,-1.478357836
591.8816459,315.8459545,-153.4409119,-1.484509552
592.6621693,315.4366859,-152.7763398,-1.448349451
593.4426928,315.0458005,-152.1007861,-1.447148047
594.2222605,314.6778171,-151.4135887,-1.453852996
595.000763,314.3296841,-150.7173111,-1.460616828
595.7792655,314.0012671,-150.011509,-1.476821922
596.557768,313.6965422,-149.2951794,-1.479845131
597.3362705,313.4125063,-148.5703902,-1.455401659
598.1158565,313.1485642,-147.83688,-1.442984492
598.8975827,312.9078476,-147.093195,-1.449732708
599.6793089,312.6884522,-146.3429322,-1.456462591
600.4671788,312.4878568,-145.5810585,-1.469954957
601.2567988,312.3105767,-144.8116479,-1.440823977
602.0490956,312.1536888,-144.0350774,-1.427093835
602.8495945,312.0151076,-143.2466933,-1.436123077
603.6500933,311.899997,-142.4545538,-1.448268277
604.4607328,311.8029753,-141.6497697,-1.451723322
605.2747843,311.7253782,-140.8394613,-1.407399756
606.093382,311.6689899,-140.0228374,-1.407568134
606.923003,311.6298538,-139.1941601,-1.419063062
607.752624,311.6112043,-138.3647851,-1.429964133
608.5973721,311.610513,-137.5200564,-1.445292311
609.4441469,311.6280028,-136.6734942,-1.447627352
610.3005063,311.6644017,-135.817927,-1.393930236
611.1656944,311.7175931,-134.9543985,-1.394239883
612.0349605,311.7894491,-134.0881238,-1.403827962
612.919618,311.8777386,-133.2079009,-1.417435356
613.8042755,311.9835506,-132.329608,-1.389148103
614.7083225,312.1059992,-131.4339092,-1.366157587
615.6134062,312.2447467,-130.5395341,-1.375609243
616.5342617,312.3997007,-129.6318277,-1.388676826
617.4606571,312.5698884,-128.7212064,-1.374096175
618.3999422,312.755923,-127.8005449,-1.328023956
619.3484972,312.9559147,-126.8733184,-1.347879867
620.3079443,313.1714675,-125.9384057,-1.358178101
621.2794919,313.4006051,-124.9942765,-1.373485225
622.2609325,313.6428481,-124.043205,-1.36463035
623.2562808,313.8992795,-123.0814617,-1.316338524
624.2616322,314.1673579,-122.112518,-1.327836944
625.2815696,314.4477837,-121.1318915,-1.339485449
626.3128226,314.7397693,-120.1428395,-1.30090172
627.3581092,315.0427019,-119.1424147,-1.220936053
628.4172713,315.3557288,-118.1305681,-1.184841011
629.488566,315.6775445,-117.1087538,-1.121752026
630.577508,316.0089499,-116.0714668,-1.060627152
631.6752579,316.3464713,-115.0268932,-1.00134956
631.8668852,316.4056506,-114.8446329,-0.9914477
632.795439,316.6930005,-113.9616594,-0.939810836
633.9214643,317.0422492,-112.891165,-0.838618566
635.0717912,317.3986784,-111.7974513,-0.776882149
635.1087395,317.4101058,-111.7623145,-0.774705749
636.2264983,317.7547606,-110.6990194,-0.711423368
637.3901423,318.1104773,-109.5910797,-0.644363636
638.5429714,318.4583698,-108.4919977,-0.58050603
639.6889032,318.7983051,-107.3976501,-0.517831088
640.8028232,319.1217317,-106.3317217,-0.456856991
641.9094954,319.4349196,-105.270296,-0.396279202
642.9820242,319.7294269,-104.2389989,-0.335220568
644.0477563,320.0118369,-103.2113698,-0.233727898
645.0860209,320.2759196,-102.2072599,-0.159954019
646.1154794,320.52616,-101.2086923,-0.098087724
647.1214335,320.7584918,-100.2299454,-0.037975095
648.1186771,320.9751281,-99.25652313,0.017285179
649.0940545,321.1731382,-98.30147503,0.084868169
650.0626114,321.3557977,-97.35031194,0.15420789
651.0089517,321.5184311,-96.41806118,0.290400428
651.9519263,321.6651635,-95.48659954,0.334902777
652.8706784,321.7922264,-94.57668522,0.342728621
653.7894305,321.9019998,-93.66454397,0.466535239
654.6834669,321.9927206,-92.77513361,0.534836357
655.5760835,322.0645712,-91.88544317,0.544194014
656.4513481,322.1184024,-91.01184882,0.540547671
657.3193735,322.1521662,-90.14451431,0.591252526
658.1782239,322.1679825,-89.28582464,0.70099143
659.0234316,322.1637344,-88.44066891,0.691431852
659.867884,322.1403465,-87.59656082,0.691601171
660.6923425,322.0983043,-86.77321366,0.698049947
661.516801,322.0351197,-85.95121234,0.699578135
662.330117,321.9539827,-85.1419754,0.784940389
663.1363439,321.8516611,-84.34231693,0.880536201
663.9405307,321.7290221,-83.54756997,0.891833724
664.7311942,321.5888367,-82.76946031,0.891947668
665.5218578,321.4251925,-81.99596473,0.9139392
666.3046131,321.2428311,-81.23478759,0.946234944
667.0821441,321.0415789,-80.48378441,1.029748645
667.8594148,320.8166953,-79.73981008,1.137872885
668.6284323,320.5735249,-79.01029865,1.141061455
669.3974499,320.3101119,-78.28783679,1.169138258
670.1648445,320.0245866,-77.57559993,1.187119023
670.9300919,319.7184079,-76.87432874,1.25056335
671.6953394,319.3922131,-76.18212836,1.362461691
672.4595429,319.04553,-75.50114577,1.365997503
673.2235135,318.6768346,-74.83208934,1.383221597
673.9874763,318.2888142,-74.17405516,1.400330087
674.7514083,317.8817686,-73.5276405,1.414112994
675.5153402,317.4528144,-72.89557232,1.428079708
676.2792722,317.0053109,-72.27649679,1.502026926
677.0432041,316.5398734,-71.6707716,1.491892006
677.8071361,316.0551398,-71.08040375,1.468245139
678.5713526,315.5517547,-70.50546886,1.448880779
679.3355794,315.0317537,-69.94548942,1.419732647
680.0999398,314.4949609,-69.40140576,1.488204292
680.8645497,313.9399656,-68.87554399,1.484014317
681.6291595,313.3698219,-68.36614172,1.455849564
682.3934673,312.7852384,-67.87382656,1.435698286
683.1576659,312.1844854,-67.40158861,1.410028945
683.9218244,311.5697542,-66.94775535,1.386844216
684.6856831,310.9422424,-66.51226677,1.418154239
685.4495418,310.3012666,-66.09688556,1.451135632
686.2137393,309.6469417,-65.70219922,1.425349383
686.9782756,308.9810743,-65.3266071,1.399723844
687.7428119,308.3043886,-64.97086963,1.379329467
688.5089205,307.6145688,-64.63770815,1.40128779
689.2752342,306.9152088,-64.32456476,1.437684404
690.0427025,306.206047,-64.03123295,1.415383643
690.8132087,305.4848333,-63.76022689,1.395825215
691.5837149,304.7558887,-63.51073565,1.376224115
692.3587966,304.0158442,-63.28044924,1.358108619
693.1360279,303.2669913,-63.07255289,1.358907086
693.914168,302.5113576,-62.88694641,1.417910751
694.6998335,301.7436043,-62.7202932,1.399916996
695.485499,300.9712872,-62.57637175,1.380155972
696.2768561,300.1894716,-62.45412053,1.365166618
697.0726355,299.4003487,-62.35163603,1.373025079
697.8689916,298.6080523,-62.27183221,1.421743155
698.6762807,297.8029557,-62.21286098,1.401586201
699.4835699,296.9966362,-62.17384498,1.387214056
700.2980259,296.1823779,-62.15799209,1.371444183
701.1178163,295.3626255,-62.16221748,1.355693797
701.9393799,294.5414782,-62.18703733,1.359265306
702.7723788,293.709865,-62.23452114,1.40167277
703.6053777,292.8795403,-62.30093707,1.391095435
704.448406,292.0413449,-62.39070787,1.377186937
705.2950715,291.2017831,-62.49999485,1.36587117
706.1469302,290.3600638,-62.63075005,1.387583049
707.0075469,289.5130187,-62.78286807,1.401394307
707.8688507,288.6690523,-62.95461209,1.39072013
708.7435181,287.8163858,-63.14946105,1.380543494
709.6181855,286.9682405,-63.36307027,1.372410811
710.5035701,286.1150678,-63.59964253,1.364148808
711.3922859,285.2640014,-63.85545196,1.405341224
712.288225,284.412204,-64.13314869,1.396141523
713.1910216,283.5600641,-64.43119629,1.388215646
714.0980366,282.7107642,-64.74953185,1.38046057
715.0149793,281.8593033,-65.08972103,1.375348204
715.9335874,281.013549,-65.44821185,1.395050289
716.864695,280.1645017,-65.83033595,1.404609112
717.7958026,279.3230082,-66.22885499,1.400860643
718.7405911,278.478444,-66.6522977,1.39668783
719.4951908,277.8096902,-67.00181664,1.403295485
719.6858009,277.6418886,-67.09222379,1.408947501
720.6429679,276.8039456,-67.55482255,1.421304261
721.6021675,275.9740691,-68.03577263,1.419162832
722.5720243,275.1443127,-68.53784689,1.417333616
723.5450616,274.3223571,-69.05858443,1.413292514
724.5278817,273.5026326,-69.60073517,1.419121175
725.5145966,272.6899776,-70.16033642,1.423720802
726.5106199,271.8810887,-70.74148964,1.417407848
727.5108485,271.0802238,-71.34067139,1.41294599
728.5202751,270.2832668,-71.96014528,1.418304956
729.533839,269.4948552,-72.59708955,1.421035298
730.5568347,268.7118668,-73.2554313,1.419745003
731.5835532,267.9381743,-73.93033378,1.425231225
732.620262,267.1694002,-74.62582276,1.427555058
733.659963,266.4113594,-75.33739284,1.424273746
734.7105033,265.6591283,-76.07070773,1.423839996
735.7630113,264.918714,-76.81870989,1.427514786
736.827477,264.1834004,-77.58835127,1.427874159
737.8934822,263.4607554,-78.37200514,1.426881325
738.9710905,262.7444785,-79.17709331,1.425062093
740.0513308,262.0412182,-79.99704181,1.427712973
741.141245,261.3460947,-80.83648883,1.427679006
742.235767,260.6627052,-81.69141947,1.427725714
743.3378288,259.9894905,-82.56392846,1.431162807
744.4466712,259.3272403,-83.4532606,1.431826881
745.5607343,258.677158,-84.35796722,1.430820043
746.6839311,258.0372614,-85.28104776,1.423619465
747.809853,257.4116866,-86.21717589,1.425467247
748.9474291,256.7956204,-87.17347873,1.425311549
750.0878165,256.1940483,-88.14227263,1.423676817
751.2370538,255.6039577,-89.12842785,1.423625351
752.391992,255.0272663,-90.1290624,1.423660302
753.552703,254.4641407,-91.1440001,1.423618659
754.7222073,253.9133604,-92.17566846,1.421402369
755.8950439,253.37773,-93.21903042,1.419570567
757.0783645,252.8541733,-94.28020634,1.423615324
758.2659065,252.3457374,-95.35338308,1.419529179
759.46038,251.8514052,-96.44074832,1.419568782
760.6626454,251.3710399,-97.54286127,1.462853644
761.8686823,250.9064249,-98.65579511,1.518209988
763.0851882,250.4551305,-99.78547915,1.521779892
764.3060759,250.0196658,-100.926052,1.521707654
765.5334742,249.5994741,-102.079272,1.521764347
766.7692376,249.1942738,-103.2467026,1.521674191
768.009158,248.8053477,-104.4240326,1.522682071
769.2581301,248.4312785,-105.6156564,1.525783329
770.5130649,248.0731664,-106.8183949,1.522592612
771.7727332,247.7314357,-108.0308087,1.529507357
773.0427229,247.4046919,-109.2580317,1.525829832
774.3172237,247.0946014,-110.4942207,1.528731605
775.598118,246.8011526,-111.7410346,1.525885701
776.887814,246.5238077,-113.0005436,1.527274573
778.1822588,246.2632679,-114.2684839,1.529923958
779.4841905,246.0190274,-115.5472876,1.529795101
780.7939772,245.7911221,-116.8370811,1.525823707
782.1087395,245.5806907,-118.1348809,1.525825676
783.4315568,245.3870209,-119.4434321,1.529568253
784.7618161,245.2099974,-120.7618481,1.525767655
786.0972702,245.0499603,-122.0876663,1.52920142
787.4408538,244.9072797,-123.4236396,1.529862453
788.7919731,244.7816835,-124.7688976,1.527407672
790.1485053,244.6731037,-126.1210662,1.525758821
791.5127801,244.5817268,-127.4822644,1.525812651
792.8851667,244.5079193,-128.8526545,1.529162052
794.263183,244.4511174,-130.2294892,1.525853561
795.6481043,244.4116606,-131.6138356,1.525757275
797.0421777,244.3898329,-133.0077285,1.525766029
798.4421008,244.3849597,-134.4076331,1.525868892
799.8479826,244.3977899,-135.8134445,1.529897681
801.2638641,244.4279646,-137.2289953,1.525856688
802.6861413,244.4752252,-138.6504758,1.529537765
803.881642,244.528389,-139.8447876,1.529934919
804.1145965,244.5403537,-140.0774368,1.529918112
805.5511409,244.6223221,-141.5116316,1.529833419
806.9962249,244.7222659,-142.9532453,1.531220892
808.4477095,244.8390834,-144.4000132,1.533982264
809.9056995,244.97342,-145.8517904,1.529848945
811.3733192,245.1250385,-147.3115495,1.533267013
812.8482949,245.2941168,-148.7767917,1.535522682
814.3299871,245.4801679,-150.2467491,1.534502703
815.8184947,245.6835467,-151.721287,1.535587259
817.3172566,245.9041819,-153.2037125,1.538123878
818.8230754,246.1422798,-154.6905796,1.53811037
820.3359242,246.396885,-156.1818421,1.538132129
821.855907,246.6689877,-157.6772645,1.538088703
823.3859504,246.9581094,-159.1797335,1.542109004
824.9236586,247.2642374,-160.6866555,1.542134673
826.4687421,247.5872291,-162.1975934,1.540671851
828.0213068,247.9265793,-163.7126101,1.542013467
829.5829035,248.2832408,-165.2329258,1.542158691
831.1536403,248.6566529,-166.7586229,1.546266429
832.7321081,249.046297,-168.2882365,1.549631599
834.3184164,249.4526608,-169.8216075,1.554457873
835.9126746,249.8752208,-171.3588385,1.550306884
837.5168501,250.3143134,-172.9017432,1.553301934
839.1299119,250.7697799,-174.4491616,1.560189783
840.7511808,251.2414742,-176.0002901,1.562621467
842.380766,251.7289771,-177.5552394,1.562606622
844.0187774,252.2322143,-179.1140254,1.570713629
845.6661602,252.7513726,-180.6774609,1.583014686
847.3236134,253.2869087,-182.2460079,1.58304856
848.9897585,253.8379138,-183.8183997,1.574522971
850.6647088,254.4042915,-185.3946791,1.56667863
852.3485783,254.9859452,-186.9748935,1.562696776
854.041482,255.5827741,-188.5590975,1.554375668
855.7438365,256.1947808,-190.1476331,1.558542841
857.457029,256.8223279,-191.7417479,1.55745483
859.1795426,257.4648171,-193.3399503,1.558503514
860.9114986,258.122015,-194.9423708,1.558493717
862.6530192,258.7937799,-196.5491111,1.55846331
864.4042284,259.4799806,-198.1602756,1.553629852
866.1652518,260.1804809,-199.7759772,1.562524299
867.9362168,260.8951391,-201.3963382,1.56258012
869.7176973,261.6239897,-203.0218964,1.562508022
871.5102751,262.3670736,-204.6532002,1.558503476
873.3131202,263.123842,-206.2895204,1.56020547
875.1263676,263.8941288,-207.9310187,1.554410577
876.9501539,264.6778558,-209.5778221,1.553108709
878.7846174,265.4747671,-211.2301483,1.554414465
880.6298983,266.2846679,-212.8881939,1.55440988
882.4861381,267.1073636,-214.5521623,1.554367653
884.3534794,267.9426527,-216.2222668,1.546516784
886.232066,268.7903267,-217.8987306,1.546222019
888.1220422,269.6502084,-219.5817662,1.546177793
888.2680932,269.7170034,-219.7116483,1.546165523
890.0235526,270.5221721,-221.271564,1.54309719
891.936741,271.4058375,-222.9684498,1.545089157
893.86175,272.3009618,-224.6726823,1.540403371
895.7987193,273.2073484,-226.3844972,1.530107473
897.7479824,274.1249285,-228.1042851,1.517613241
899.7094977,275.0532266,-229.8322326,1.521661164
901.683243,275.9919929,-231.5684313,1.521721601
903.6692843,276.9411311,-233.3129928,1.518426092
905.6676582,277.9003058,-235.0661273,1.521145193
907.6783815,278.8694742,-236.8278648,1.521647678
909.7014564,279.8484922,-238.5982754,1.521677626
911.7368792,280.8372362,-240.3774129,1.521650351
913.7846985,281.835725,-242.1653118,1.521723759
915.8451514,282.8438922,-243.9622712,1.521661017
917.9179953,283.8616354,-245.7680618,1.519496473
920.0032198,284.8887542,-247.5827758,1.539169574
922.1008139,285.9252191,-249.4064097,1.564147845
924.2107654,286.970875,-251.2390302,1.526048768
926.3330616,288.0256021,-253.0806846,1.525737095
928.4676888,289.089332,-254.9313902,1.525811167
930.6146322,290.1618748,-256.7912335,1.525762226
932.7738761,291.2431681,-258.6602275,1.440936049
934.9454035,292.3330817,-260.5384232,1.431805099
937.1291962,293.4314541,-262.4258892,1.427692669
939.3252345,294.538172,-264.3226652,1.427713138
941.5334974,295.6531261,-266.2287874,1.431739334
943.753962,296.7761285,-268.1443365,1.403184616
945.9876826,297.9075782,-270.0702984,1.40314114
948.2336592,299.046829,-272.0058909,1.407274955
950.491791,300.1937025,-273.9511004,1.403267358
952.7620455,301.3480124,-275.9059978,1.403190455
955.0443878,302.5095732,-277.8706512,1.407281037
957.3387807,303.6782006,-279.8451254,1.403119818
959.6451839,304.8537033,-281.8294867,1.40318966
961.9644577,306.0363425,-283.8245795,1.407281993
964.2962181,307.2257394,-285.830182,1.403130941
966.639871,308.4214014,-287.8458956,1.403194103
968.9953628,309.6231051,-289.8717904,1.407778385
971.3626367,310.8306193,-291.9079376,1.420588289
973.7416328,312.043705,-293.954409,1.414668951
976.1338372,313.2629047,-296.0126106,1.416900921
978.5377209,314.4872173,-298.081358,1.42705776
980.9531292,315.7163362,-300.1606519,1.433126574
983.3799829,316.9499878,-302.2505616,1.435098895
985.8184346,318.1880099,-304.3513586,1.431803455
988.2696557,319.4307501,-306.4641957,1.431795183
990.7320506,320.6771405,-308.587848,1.43556655
993.2055173,321.9268687,-310.7223775,1.444353315
995.6899483,323.1796162,-312.8678424,1.437986399
998.186774,324.4358321,-315.0256328,1.431578166
1000.694553,325.6945063,-317.1946634,1.44183022
1003.21292,326.955154,-319.3747869,1.447224098
1005.741742,328.217432,-321.566041,1.43658319
1008.282628,329.4818462,-323.7699813,1.425899085
1010.833694,330.7471176,-325.9851621,1.444058068
1013.394753,332.0128625,-328.2115735,1.437047858
1015.966307,333.2790501,-330.4498003,1.426282524
1018.548612,334.5454458,-332.7002525,1.41540153
1021.140383,335.8111666,-334.9619386,1.422242184
1023.741447,337.0757986,-337.2348744,1.414027187
1023.836548,337.121916,-337.3180452,1.41362733
1026.353302,338.3397334,-339.5205366,1.411216624
1028.974064,339.6017602,-341.8174205,1.397167173
1031.603526,340.8613512,-344.1255575,1.386838468
1034.242756,342.1187453,-346.4460069,1.386833357
1036.890619,343.3729152,-348.7780086,1.390911527
1039.546549,344.6233386,-351.121168,1.330174399
1042.211418,345.8699134,-353.4764961,1.251420706
1044.884359,347.1119702,-355.8433292,1.187617666
1047.5647,348.3486807,-358.221305,1.12088998
1050.25329,349.580141,-360.6112863,1.019308449
1052.949179,350.8054319,-363.0126338,0.948412545
1055.651779,352.0239106,-365.4249652,0.870393821
1058.362018,353.235603,-367.8492562,0.778652714
1061.078643,354.4394317,-370.2845861,0.631290807
1063.801373,355.6349674,-372.7307955,0.472573052
1066.530955,356.8220154,-375.1887457,0.313992349
1069.266031,357.9995719,-377.6573449,0.093718221
1072.006769,359.167335,-380.136853,-0.053696548
1074.753191,360.3247467,-382.6274779,-0.196609971
1077.504364,361.4710513,-385.1284615,-0.319213118
1080.260703,362.6060062,-387.6402851,-0.40332541
1083.021551,363.7287668,-390.1625207,-0.577667786
1084.351163,364.264472,-391.3794386,-0.658733757
1085.786439,364.8387619,-392.6948099,-0.751474615
1088.555779,365.9357399,-395.237615,-0.778597723
1091.328542,367.0187526,-397.790119,-0.863938664
1094.104789,368.0873491,-400.3524661,-0.949223596
1096.884227,369.1410419,-402.9244255,-1.003195199
1099.666243,370.1791505,-405.5054941,-1.060929202
1102.451005,371.2011411,-408.0959398,-1.142955203
1105.237842,372.2065594,-410.6950854,-1.226693403
1108.026746,373.1951484,-413.3028899,-1.321124019
1110.817827,374.1667398,-415.9193981,-1.325287395
1113.610909,375.1211017,-418.5443691,-1.366379232
1116.406525,376.0586219,-421.1780915,-1.419545123
1119.204481,376.9793297,-423.8202165,-1.417195331
1122.005018,377.883364,-426.4708204,-1.415501148
1124.808446,378.7708935,-429.1300444,-1.418121523
1127.61454,379.6421469,-431.7974496,-1.420525892
1130.423989,380.4975046,-434.4735177,-1.423155853
1133.236479,381.3370247,-437.1577831,-1.415430416
1136.052338,382.1608362,-439.8504352,-1.41953564
1138.871855,382.9693771,-442.5515298,-1.415456182
1141.694728,383.762746,-445.2606172,-1.416628141
1144.521855,384.5413802,-447.9784014,-1.413908947
1144.865777,384.6349814,-448.3093422,-1.41533711
1147.352621,385.3052413,-450.7041552,-1.413561094
1150.187599,386.0546278,-453.4382904,-1.413631284
1153.024575,386.7892509,-456.1784983,-1.411371375
1155.851951,387.5063962,-458.9134095,-1.411361131
1158.658068,388.2035898,-461.6315329,-1.410632776
1161.445051,388.8818304,-464.334725,-1.411167606
1164.209643,389.5409,-467.0196048,-1.410860176
1166.952635,390.1816665,-469.686702,-1.419569675
1169.675085,390.804811,-472.3368743,-1.41746747
1172.37238,391.4098177,-474.9654394,-1.419533053
1175.04794,391.9981276,-477.5755162,-1.419737011
1177.701561,392.5699967,-480.1667823,-1.426753541
1180.328457,393.1251429,-482.7343463,-1.423629661
1182.932411,393.6646964,-485.2817853,-1.423571858
1185.513197,394.1892208,-487.8087049,-1.423562566
1188.068204,394.6986881,-490.3124016,-1.42773623
1190.598966,395.1937126,-492.7942758,-1.427662985
1193.107074,395.6752278,-495.2557271,-1.427665339
1195.59268,396.1436701,-497.6967903,-1.428432662
1198.053266,396.5989724,-500.114884,-1.430562793
1200.490893,397.0418686,-502.5119372,-1.427684378
1202.906546,397.4729852,-504.888808,-1.427738936
1205.300348,397.89273,-507.2455212,-1.427742081
1205.380392,397.9066283,-507.3243491,-1.427734148
1207.672415,398.3014823,-509.5821038,-1.427690212
1210.020307,398.6991802,-511.896068,-1.427755907
1212.346559,399.0866079,-514.1898295,-1.429407992
1214.651514,399.464155,-516.4636528,-1.430918625
1216.935269,399.8321593,-518.7175618,-1.431748853
1219.197915,400.1908786,-520.9515912,-1.429563484
1221.439542,400.5406838,-523.1657556,-1.430820601
1223.660233,400.8818888,-525.3600773,-1.432022871
1225.858676,401.214584,-527.5331997,-1.435892596
1228.03615,401.5391861,-529.6863425,-1.433657772
1230.193069,401.856019,-531.8198649,-1.435899605
1232.329513,402.1654019,-533.9337885,-1.435870239
1234.445558,402.4674649,-536.0281628,-1.435839135
1236.541281,402.7624809,-538.1030163,-1.435926417
1238.616757,403.0506538,-540.1583887,-1.43592467
1240.672062,403.3321844,-542.1943207,-1.435869661
1242.707274,403.6073258,-544.2108478,-1.435826571
1244.722469,403.8762898,-546.2080129,-1.435879368
1246.717727,404.1392517,-548.1858665,-1.435929422
1248.693129,404.3964874,-550.1444486,-1.43591602
1250.648761,404.6481092,-552.0838247,-1.43584163
1252.584708,404.8943475,-554.0040486,-1.435876077
1254.501065,405.1354068,-555.9051827,-1.432727838
1256.397926,405.3714553,-557.7872995,-1.431827596
1258.275395,405.6026138,-559.6504836,-1.431780639
1260.133581,405.8290923,-561.4948158,-1.431777389
1261.9726,406.0510546,-563.3203906,-1.431786478
1263.792577,406.2686535,-565.127313,-1.431811211
1265.592497,406.481902,-566.9145559,-1.431826164
1267.372105,406.6909023,-568.6818482,-1.431830583
1269.132756,406.8959412,-570.4305193,-1.431747952
1270.874599,407.0971564,-572.1607015,-1.431784156
1272.597798,407.2946824,-573.8725415,-1.432624061
1274.30253,407.4886509,-575.566202,-1.427674077
1275.98899,407.6791906,-577.2418636,-1.42773221
1277.656995,407.8663834,-578.899332,-1.427714285
1279.302609,408.0498607,-580.5346856,-1.428902931
1280.930142,408.2302178,-582.1521947,-1.431875886
1282.539842,408.4075728,-583.7520944,-1.429213297
1284.131982,408.5820145,-585.3346485,-1.427708145
1285.706862,408.7535803,-586.9001557,-1.427745488
1287.258152,408.9215849,-588.4423212,-1.427672279
1288.791787,409.0865159,-589.9670619,-1.427782169
1290.308403,409.2482045,-591.4750344,-1.427712627
1291.808328,409.406184,-592.9666167,-1.427724679
1293.284813,409.5591666,-594.4351537,-1.427728109
1294.741818,409.7067735,-595.8846617,-1.42765849
1296.181824,409.8483643,-597.3176893,-1.427703175
1297.33117,409.9575605,-598.461835,-1.427671445
1297.603723,409.9829086,-598.7332065,-1.42767203
1298.997814,410.1085442,-600.1216223,-1.427751352
1300.374504,410.225386,-601.4933432,-1.427636571
1301.734706,410.3327769,-602.8492964,-1.427711869
1303.064836,410.4287615,-604.1759538,-1.427650564
1304.378628,410.5138078,-605.4869869,-1.427727094
1305.678379,410.5875231,-606.7846406,-1.427715956
1306.948738,410.6485585,-608.0535264,-1.427753901
1308.206925,410.6974025,-609.3107593,-1.427639151
1309.448697,410.7333718,-610.5520037,-1.42640874
1310.667775,410.7557762,-611.7708694,-1.423565731
1311.877134,410.7647689,-612.9801878,-1.423628178
1313.063851,410.7599728,-614.1668873,-1.423771526
1314.237671,410.7412281,-615.3405496,-1.427746851
1315.397695,410.7082948,-616.5000973,-1.427703231
1316.537777,410.6612631,-617.639202,-1.427701377
1317.671543,410.5992464,-618.7712644,-1.427754365
1318.779509,410.5231956,-619.8766084,-1.427655818
1319.882469,410.4319658,-620.9757752,-1.423641297
1320.964679,410.3267243,-622.0528392,-1.42359894
1322.038145,410.2064643,-623.1195291,-1.423589883
1323.094893,410.0721091,-624.1676858,-1.423660263
1324.140199,409.9227855,-625.2022641,-1.423634256
1325.171593,409.7584745,-626.220471,-1.423646083
1326.189997,409.5799779,-627.223087,-1.423609782
1327.196052,409.3874101,-628.2105228,-1.421249891
1328.188774,409.1800694,-629.1813419,-1.419566263
1329.169442,408.958391,-630.1366,-1.422061631
1330.137711,408.7233637,-631.0758928,-1.423664316
1331.09288,408.4738381,-631.9978815,-1.421200548
1332.037953,408.210324,-632.9054411,-1.419517815
1332.967421,407.9347623,-633.7931113,-1.419580113
1333.890638,407.643197,-634.6690501,-1.419554818
1334.794233,407.3423747,-635.5210858,-1.421148553
1335.697081,407.0232176,-636.3656182,-1.423651699
1336.574718,406.6978908,-637.1807115,-1.423624051
1337.452355,406.3542152,-637.9882342,-1.423574475
1338.310457,406.0031599,-638.7712242,-1.42366824
1339.162066,405.6365939,-639.5398688,-1.423584079
1340.003252,405.2591327,-640.2915942,-1.423591066
1340.828973,404.8716387,-641.0207025,-1.423661255
1341.654694,404.4676255,-641.7408062,-1.423643863
1342.455363,404.060811,-642.4303992,-1.423596854
1343.255547,403.6362465,-643.1086232,-1.423654476
1344.04359,403.2030357,-643.766877,-1.423644374
1344.818596,402.7619677,-644.4041007,-1.426497754
1345.593602,402.3032561,-645.0287299,-1.423531073
1346.346897,401.8426444,-645.6247473,-1.420721549
1347.09784,401.3688093,-646.2072903,-1.423575108
1347.843561,400.8822625,-646.7723621,-1.423592595
1348.572708,400.3910366,-647.3111471,-1.423657818
1349.301855,399.8854134,-647.8364419,-1.423660873
1350.021843,399.3718714,-648.3410272,-1.424393779
1350.732574,398.8504576,-648.8239478,-1.433387657
1351.443305,398.3136824,-649.2897231,-1.425155316
1352.146693,397.7688449,-649.7344977,-1.417678768
1352.846688,397.2133385,-650.1603184,-1.423532757
1353.546683,396.6448208,-650.5686248,-1.432027277
1354.244565,396.065318,-650.957426,-1.429054258
1354.942007,395.4724771,-651.3247188,-1.419565085
1355.63945,394.8680284,-651.6725407,-1.419533191
1356.336892,394.252546,-652.0004311,-1.424120973
1357.034335,393.6266586,-652.3080128,-1.420730649
1357.73201,392.9908311,-652.5950946,-1.403070758
1358.431944,392.3432242,-652.860508,-1.412085603
1359.131878,391.6869749,-653.1037551,-1.410027105
1359.833683,391.0215768,-653.3266626,-1.40434565
1360.54151,390.3437686,-653.5304132,-1.410614464
1361.249338,389.6599975,-653.7132222,-1.414075919
1361.962185,388.965799,-653.8750138,-1.409745891
1362.682194,388.2597927,-654.0160858,-1.399358239
1363.402203,387.5500241,-654.1367842,-1.402724291
1364.131487,386.8279516,-654.2388066,-1.408194052
1364.866101,386.0979965,-654.3211031,-1.406001644
1365.600716,385.365852,-654.3808565,-1.396430127
1366.350284,384.6174732,-654.4223449,-1.40591736
1367.101273,383.8668483,-654.444718,-1.391589407
1367.856658,383.1115055,-654.4470968,-1.38616347
1368.625176,382.3432427,-654.428663,-1.392814091
1369.393694,381.5756286,-654.3919981,-1.399258064
1370.174048,380.7972917,-654.3363264,-1.386161829
1370.960804,380.0143559,-654.2591922,-1.390437948
1371.206154,379.770517,-654.2320019,-1.393542868
1371.749559,379.2313272,-654.1645271,-1.39672607
1372.554903,378.4342231,-654.0498331,-1.393749237
1373.360247,377.6402263,-653.9152787,-1.379733333
1374.177257,376.8377237,-653.762094,-1.389921438
1375.001277,376.0321339,-653.5889626,-1.378427912
1375.829001,375.2269097,-653.3973691,-1.382266718
1376.671715,374.4112141,-653.1857902,-1.390854908
1377.514429,373.600627,-652.9554018,-1.387726121
1378.372563,372.7797357,-652.7053924,-1.377429601
1379.233956,371.9615991,-652.4359373,-1.388444639
1380.104724,371.1397278,-652.14829,-1.398849811
1380.984709,370.3155215,-651.8400579,-1.383808253
1381.868976,369.4931154,-651.5151651,-1.389735431
1382.767418,368.664469,-651.1680418,-1.378243332
1383.665979,367.8419781,-650.8062414,-1.380142629
1384.58274,367.0104579,-650.4202575,-1.382900394
1385.4995,366.1856072,-650.0202059,-1.37344791
1386.431254,365.3554442,-649.5971564,-1.370804631
1387.366179,364.5298125,-649.158555,-1.378690217
1388.313478,363.7013111,-648.6992702,-1.37330508
1389.26642,362.8762744,-648.2224373,-1.367992722
1390.229892,362.0500538,-647.726848,-1.369351141
1391.200726,361.2266311,-647.2125762,-1.367760327
1392.180962,360.4038383,-646.6798196,-1.380144142
1393.16957,359.5825896,-646.1294813,-1.379320197
1394.167128,358.7635206,-645.5600682,-1.368650804
1395.17341,357.9464186,-644.9727794,-1.366506331
1396.188834,357.1309974,-644.3676837,-1.368723686
1397.212719,356.3183102,-643.7448949,-1.370514584
1398.246546,355.5077096,-643.1032553,-1.373321464
1399.287982,354.7006426,-642.4450795,-1.374604122
1400.340745,353.8944285,-641.7681029,-1.381450488
1401.3997,353.0931827,-641.0757327,-1.390359014
1402.471941,352.2922197,-640.36289,-1.399035249
1403.548414,351.4979969,-639.6362671,-1.398512217
1404.640687,350.7020066,-638.8883163,-1.3928623
1405.735985,349.9137141,-638.1278922,-1.38523852
1406.847578,349.1236455,-637.3459693,-1.376244086
1407.964013,348.3400646,-636.5507273,-1.364936429
1409.093256,347.5574081,-635.7367109,-1.351954232
1410.231437,346.778429,-634.9068693,-1.346065708
1411.378423,346.0033286,-634.0614187,-1.359074568
1412.53899,345.2287399,-633.197175,-1.362343851
1413.704626,344.4603163,-632.3206939,-1.359852317
1414.887468,343.6899615,-631.423109,-1.364858142
1416.07673,342.9247209,-630.512758,-1.366628695
1417.27773,342.1610196,-629.5858534,-1.373475539
1418.491347,341.3982819,-628.6418789,-1.370485608
1419.711569,340.6401993,-627.685718,-1.364196878
1420.949358,339.8797621,-626.7090674,-1.35394129
1422.195184,339.1227561,-625.7196167,-1.350042231
1423.451516,338.3675462,-624.7156157,-1.350001349
1424.723411,337.6110571,-623.6931539,-1.353896792
1426.003233,336.8578313,-622.6584623,-1.377605438
1427.296358,336.1046987,-621.6072944,-1.386847788
1428.602593,335.3521627,-620.5396194,-1.386789766
1429.917323,334.602733,-619.459406,-1.390908977
1431.246166,333.8532539,-618.3620927,-1.401414482
1432.587106,333.1050199,-617.2493236,-1.40723321
1433.936901,332.3603445,-616.1235367,-1.404842426
1435.300099,331.6165641,-614.9811322,-1.410549116
1436.675738,330.8742741,-613.8229532,-1.418578982
1438.060485,330.1357717,-612.6515745,-1.418102155
1439.456768,329.3996968,-611.4650707,-1.42359923
1440.866975,328.6647465,-610.2615255,-1.428026744
1442.286475,327.9340957,-609.0445125,-1.431815226
1443.715469,327.2071185,-607.8142615,-1.433683707
1445.081138,326.5206201,-606.633684,-1.439443136
1445.159294,326.4816311,-606.5659479,-1.439773942
1446.613307,325.7599557,-605.3036757,-1.435865221
1448.07692,325.0425569,-604.0279448,-1.43580519
1449.551219,324.3290262,-602.73782,-1.435873789
1451.039491,323.6178764,-601.4304542,-1.427592092
1452.537442,322.9112967,-600.1096229,-1.413202722
1454.045203,322.2094167,-598.775196,-1.411778157
1455.563633,321.5116796,-597.4265738,-1.407304676
1457.095653,320.8172969,-596.0609575,-1.404144065
1458.637531,320.1276065,-594.6819345,-1.410698724
1460.189371,319.4429768,-593.2892816,-1.414820993
1461.751267,318.7633539,-591.8830031,-1.415577826
1463.326039,318.0874178,-590.4606792,-1.419541445
1464.911777,317.4164002,-589.0239139,-1.419591811
1466.507598,316.7506177,-587.5736149,-1.41951109
1468.113581,316.0899719,-586.1098131,-1.419561295
1469.729799,315.4345448,-584.6324616,-1.420503196
1471.358588,314.7837182,-583.1393539,-1.427385317
1472.99831,314.1379399,-581.632156,-1.425258768
1474.648291,313.4975402,-580.1115261,-1.42368121
1476.308599,312.8625441,-578.577449,-1.427766893
1477.979297,312.2330072,-577.0299,-1.431788697
1479.660445,311.6090564,-575.4688305,-1.429926212
1481.354218,310.9897575,-573.8923387,-1.42773964
1483.058598,310.3758987,-572.3023462,-1.427681875
1484.773463,309.7675419,-570.6990198,-1.430628912
1486.498875,309.1646755,-569.0823607,-1.427707748
1488.23489,308.5672819,-567.4523729,-1.427746409
1489.981566,307.9753371,-565.8090622,-1.431871831
1491.738959,307.3888104,-564.1524364,-1.431845898
1493.507996,306.8073788,-562.481682,-1.427767626
1495.28849,306.231089,-560.7970339,-1.431765546
1497.079761,305.660132,-559.0991961,-1.427736204
1498.881869,305.0944461,-557.3881774,-1.428677136
1500.694873,304.5339622,-555.663987,-1.427785079
1502.518831,303.9786039,-553.9266348,-1.423727719
1504.353803,303.4282877,-552.1761306,-1.427177684
1506.199846,302.8829225,-550.4124844,-1.428644014
1508.057022,302.3424202,-548.6357027,-1.427735792
1509.92539,301.8068056,-546.845756,-1.432621292
1511.80501,301.2758305,-545.0426945,-1.433652083
1513.695943,300.7493718,-543.2265272,-1.431775247
1515.598434,300.2272487,-541.3970861,-1.430011285
1517.512709,299.7093262,-539.5542078,-1.423606062
1518.956122,299.3236932,-538.1632632,-1.416363204
1519.438405,299.1956894,-537.6982775,-1.412321027
1521.375586,298.6860199,-535.8293466,-1.36885325
1523.324317,298.1801532,-533.9474204,-1.295152806
1525.284662,297.6780913,-532.0524576,-1.228304622
1527.256687,297.1795299,-530.1444967,-1.157323812
1529.240456,296.6842195,-528.2235589,-1.045169612
1531.236032,296.1921825,-526.2895934,-0.929528962
1533.24348,295.703005,-524.3426598,-0.809332455
1535.262862,295.2165523,-522.3827456,-0.690297346
1537.294239,294.7326309,-520.409852,-0.567484519
1539.33767,294.2509041,-518.4240153,-0.446036888
1541.393213,293.7712759,-516.4252131,-0.324869184
1543.460921,293.293322,-514.4135031,-0.200522302
1545.540847,292.8169365,-512.3888679,-0.117181338
1547.633113,292.3417085,-510.3512877,0.00615686
1549.738198,291.8673749,-508.3003393,0.130257372
1551.855687,291.3937448,-506.2364993,0.255080657
1553.985611,290.9204865,-504.1598191,0.376832225
1556.127991,290.4473975,-502.0703266,0.633756467
1558.282842,289.9740266,-499.968113,0.759332956
1560.450169,289.5000681,-497.8532445,0.888504949
1562.629967,289.0252209,-495.7257951,1.013531094
1564.822222,288.5490499,-493.5858785,1.094114178
1567.026908,288.0711861,-491.4336043,1.150255954
1569.243986,287.5912824,-489.2690887,1.230116064
1571.473408,287.1089192,-487.0924752,1.310426317
1573.715611,286.6235632,-484.9034335,1.390893589
1575.970743,286.1347472,-482.701916,1.431770669
1578.238008,285.642193,-480.4887997,1.431785042
1580.517295,285.1454613,-478.2642987,1.431751534
1582.808472,284.6441041,-476.0286479,1.431825669
1585.111393,284.1376505,-473.7821066,1.431807752
1587.425892,283.6256313,-471.524954,1.43182255
1589.752384,283.1074347,-469.2569068,1.431763624
1592.090844,282.5825167,-466.9781234,1.43177431
1594.440254,282.050508,-464.689742,1.429943962
1596.800373,281.5108555,-462.392149,1.435793678
1599.170946,280.9630232,-460.085746,1.434182522
1599.707767,280.8381148,-459.563659,1.431869932
1601.551706,280.4064919,-457.7709489,1.431762121
1603.943533,279.8404624,-455.4470638,1.431807824
1606.345113,279.26464,-453.1155395,1.431769332
1608.755942,278.6785369,-450.7770409,1.431837816
1611.175707,278.0816162,-448.4320591,1.431809584
1613.604087,277.4732981,-446.0811086,1.428770351
1616.041959,276.8527518,-443.7235398,1.431815615
1618.487702,276.2197523,-441.3611347,1.431784602
1620.940972,275.5737536,-438.9944473,1.43180034
1623.401423,274.9142092,-436.6240459,1.431791948
1625.858493,274.2433617,-434.260332,1.431833966
1628.297425,273.5648009,-431.9176996,1.431812373
1630.717443,272.8784784,-429.5970464,1.431770158
1633.118867,272.1841416,-427.2981955,1.43176768
1635.502008,271.4815075,-425.0209944,1.431774259
1637.865419,270.7708395,-422.7669663,1.431830995
1640.210645,270.0515405,-420.5347765,1.431772181
1642.538589,269.3232012,-418.3237078,1.432033383
1644.849523,268.5856153,-416.133648,1.431766932
1647.143712,267.838594,-413.9644921,1.431764594
1649.421411,267.0818725,-411.8161753,1.431762084
1651.682309,266.3155301,-409.6891219,1.431783765
1653.926221,265.539609,-407.5836379,1.431815972
1656.154485,264.753619,-405.4986076,1.431890725
1658.367331,263.9574504,-403.433959,1.431817579
1660.564983,263.1508097,-401.3897034,1.431810086
1662.747661,262.3337137,-399.3657441,1.431726996
1664.915583,261.5061626,-397.3619948,1.431807128
1667.068959,260.6679235,-395.3784733,1.4317953
1669.207997,259.8189037,-393.4151546,1.431739948
1671.332903,258.9592634,-391.4719065,1.431807608
1673.44388,258.0885835,-389.5488592,1.431776364
1675.541128,257.2071345,-387.6458451,1.431849312
1677.624619,256.3147874,-385.7631277,1.431793146
1679.694569,255.4115649,-383.9006444,1.431787942
1681.751452,254.4973026,-382.0581293,1.435010647
1683.79545,253.5719874,-380.2355806,1.441961442
1685.826745,252.6355463,-378.4330256,1.444058945
1687.845513,251.6881469,-376.6503811,1.438726913
1689.851928,250.7294557,-374.8878309,1.425924903
1691.846163,249.7598919,-373.1451648,1.427756912
1693.828388,248.7791074,-371.4225967,1.436679984
1695.798774,247.7872778,-369.7200521,1.431768346
1697.757488,246.7845687,-368.0374649,1.427692244
1699.704699,245.7706725,-366.3750549,1.428318571
1701.640574,244.7457937,-364.7327399,1.427727703
1703.565182,243.7101247,-363.1105589,1.427044047
1705.478372,242.6638411,-361.5088273,1.434358215
1707.380664,241.6064675,-359.927485,1.436794449
1709.272231,240.5383703,-358.3663466,1.432996324
1711.153238,239.4595793,-356.8254511,1.437423912
1713.023854,238.3701276,-355.3048395,1.435932857
1714.884249,237.27005,-353.8045534,1.435964312
1715.825096,236.7071529,-353.0506692,1.43779403
1716.734593,236.1592027,-352.3247716,1.438466837
1718.575059,235.0377861,-350.8654222,1.435888159
1720.405821,233.9058827,-349.426519,1.431794983
1722.227055,232.7635352,-348.0081064,1.435874016
1724.038941,231.6107875,-346.6102297,1.432179409
1725.841661,230.4476837,-345.2329347,1.431805227
1727.635398,229.2742682,-343.8762683,1.431864194
1729.419484,228.0911546,-342.5409187,1.434113112
1731.194612,226.8980721,-341.2265407,1.435917461
1732.961322,225.6948401,-339.9329215,1.431787326
1734.719823,224.4814952,-338.6601014,1.43174161
1736.470329,223.2580708,-337.4081205,1.431821982
1738.213064,222.0245954,-336.1770178,1.429846507
1739.948261,220.7810911,-334.9668304,1.431800189
1741.676163,219.5275719,-333.777594,1.431825607
1743.396207,218.2646451,-332.6098963,1.435183111
1745.109064,216.9920294,-331.4634777,1.435914126
1746.815568,215.7093026,-330.3379914,1.437299649
1748.516086,214.4163789,-329.2334245,1.435999649
1750.211022,213.1130085,-328.1499145,1.439317406
1751.900808,211.7990981,-327.0873834,1.438250144
1753.585899,210.474564,-326.045707,1.43595049
1755.266011,209.1398436,-325.0252965,1.435939352
1756.942921,207.793751,-324.0252949,1.432844926
1758.617595,206.4357302,-323.0453664,1.43590778
1760.290786,205.0653986,-322.0853066,1.435974442
1761.963023,203.6823391,-321.1453694,1.435958214
1763.634576,202.28677,-320.2253559,1.435874209
1765.305452,200.87899,-319.3253973,1.435971115
1766.975974,199.4590018,-318.4455019,1.435922207
1768.646348,198.0269037,-317.5857408,1.439239616
1770.316669,196.5828924,-316.7462428,1.438081925
1771.986979,195.1270292,-315.9274887,1.439092296
1773.657238,193.6597773,-315.1294373,1.439822468
1775.326629,192.1822041,-314.352531,1.43869117
1776.994849,190.6948882,-313.5970243,1.438425152
1778.662362,189.1977304,-312.8628165,1.435909523
1780.329331,187.6908908,-312.1499531,1.439311387
1781.995846,186.1744204,-311.4589026,1.439983116
1783.661977,184.6487165,-310.7894491,1.440008163
1785.327737,183.1141073,-310.1416282,1.436071886
1786.993226,181.5708077,-309.5155129,1.439950664
1788.658507,180.0190666,-308.9111904,1.439990099
1790.323612,178.4591475,-308.3287939,1.439983364
1791.988568,176.8911935,-307.7688325,1.439972789
1793.653393,175.3156668,-307.2309604,1.437842001
1795.318082,173.7328836,-306.7152792,1.435886832
1796.982656,172.1431344,-306.2218779,1.439772174
1798.647129,170.5467173,-305.7508444,1.440051149
1800.311511,168.9438862,-305.3024479,1.44002774
1801.975815,167.3349201,-304.8769024,1.43585737
1803.640056,165.7202107,-304.4739692,1.435841848
1805.304249,164.1000597,-304.093718,1.435872616
1806.968424,162.4747566,-303.7362119,1.440005947
1808.632594,160.8446055,-303.4015141,1.440050051
1810.296767,159.2098538,-303.0900355,1.43731414
1811.960947,157.5708677,-302.8016469,1.435868159
1813.625133,155.9279985,-302.5362455,1.435958304
1815.28932,154.2815723,-302.2938831,1.439132198
1816.956064,152.6293755,-302.0742796,1.439997945
1818.625107,150.9719713,-301.8776225,1.439054516
1820.295071,149.311002,-301.7046476,1.435909614
1821.964834,147.6479636,-301.5551156,1.435942364
1823.634328,145.9832564,-301.429027,1.440022094
1825.303501,144.3172584,-301.3264046,1.439982311
1826.972675,142.6499792,-301.2472465,1.436718899
1828.64119,140.9824055,-301.1915912,1.435906359
1830.308713,139.3151959,-301.1599067,1.439931293
1831.942425,137.6815206,-301.1516577,1.439909956
1831.975291,137.6486538,-301.1516981,1.439906648
1833.641338,135.9826939,-301.1669009,1.440046053
1835.306951,134.317546,-301.2054834,1.435849263
1836.972293,132.6533724,-301.2674174,1.436218489
1838.637442,130.9904245,-301.3527644,1.43999053
1840.302439,129.3290163,-301.4618309,1.440000752
1841.967315,127.669424,-301.5941626,1.43995782
1843.632095,126.0119462,-301.749727,1.440005985
1845.296786,124.3568982,-301.9284877,1.44000391
1846.961411,122.7045808,-302.1304077,1.440023582
1848.625973,121.0553445,-302.3556795,1.443325276
1850.29047,119.4095335,-302.604296,1.439225491
1851.954897,117.7674387,-302.8759308,1.439985642
1853.61925,116.1293844,-303.1705287,1.440025575
1855.283514,114.4957038,-303.4880272,1.436114664
1856.947708,112.8666956,-303.8283648,1.440025741
1858.61185,111.2427503,-304.1918635,1.440048475
1860.275953,109.6241246,-304.5781751,1.440303948
1861.940026,108.0110973,-304.9871075,1.440870124
1863.604081,106.4039731,-305.4185805,1.44002067
1865.268116,104.8030647,-305.8725083,1.439075278
1866.932129,103.2087004,-306.3488493,1.439679624
1868.596115,101.6213268,-306.847904,1.440014041
1870.26007,100.0411302,-307.3691243,1.439971743
1871.92399,98.46842192,-307.9124071,1.440273039
1873.587871,96.90351039,-308.4776453,1.440913695
1875.251703,95.34671061,-309.0647245,1.440016275
1876.915489,93.79840745,-309.6737394,1.439987597
1878.579221,92.25894705,-310.3046277,1.440074472
1880.24407,90.72744816,-310.9574517,1.439970438
1881.91107,89.20328796,-311.6325531,1.438597955
1883.580125,87.68689019,-312.3298531,1.440070323
1885.249097,86.18052141,-313.0483722,1.440031499
1886.918068,84.68453636,-313.7882734,1.442012935
1888.586669,83.19951339,-314.5491208,1.439956208
1890.254776,81.7257425,-315.3304798,1.440065335
1891.92258,80.26328915,-316.1321926,1.442594346
1893.590633,78.81187806,-316.9542348,1.440016445
1895.259793,77.37094138,-317.7967032,1.43994632
1896.930683,75.9402675,-318.6598416,1.43999621
1898.603766,74.51947739,-319.5433128,1.43997527
1900.279525,73.10815012,-320.446792,1.438988966
1901.958418,71.70593676,-321.3700645,1.439889327
1903.640884,70.31248491,-322.3128988,1.437117118
1905.327997,68.92690152,-323.2754325,1.440040012
1907.019961,67.54900734,-324.25733,1.440741862
1908.716791,66.17893753,-325.2583858,1.444107538
1910.418806,64.81620307,-326.2780818,1.442777128
1912.126318,63.46047644,-327.3161433,1.4458703
1913.839632,62.11143908,-328.3723192,1.444100689
1915.559042,60.76876662,-329.4463638,1.448037813
1917.285966,59.43125825,-330.5387497,1.448187895
1919.019759,58.09931093,-331.6486705,1.448196502
1920.760559,56.77268956,-332.7758063,1.450945573
1922.508637,55.45104428,-333.9199247,1.452275707
1924.264263,54.13401238,-335.0807981,1.452274968
1926.027707,52.82121774,-336.2582034,1.456361047
1927.799238,51.51227025,-337.4519215,1.458603232
1929.57913,50.20676489,-338.6617369,1.460414506
1931.368539,48.90363821,-339.8880441,1.463582454
1933.167147,47.60289562,-341.1302372,1.464579541
1934.974932,46.30430276,-342.3879046,1.464540876
1936.792166,45.00739396,-343.6608354,1.465310291
1938.619123,43.71168603,-344.9488198,1.468553783
1940.456082,42.4166781,-346.2516484,1.466879621
1942.303322,41.12185135,-347.5691115,1.466698993
1944.161123,39.82670064,-348.9010285,1.46455691
1946.029768,38.53075322,-350.2472633,1.465793026
1947.909538,37.23331643,-351.6074795,1.467655706
1948.059753,37.12988548,-351.7164139,1.467016981
1949.800713,35.93379759,-352.9814473,1.469391402
1951.703566,34.6315895,-354.3689277,1.47333553
1953.618364,33.32613028,-355.7697221,1.467060561
1955.545361,32.01683486,-357.1836025,1.44279247
1957.485019,30.70277972,-358.6103227,1.4183228
1959.437412,29.38340955,-360.0494553,1.393763521
1961.402549,28.05831308,-361.5006211,1.368855627
1963.380572,26.72664007,-362.9632277,1.346677144
1965.371577,25.38774494,-364.4368165,1.298095908
1967.375616,24.0411043,-365.9209759,1.236985345
1969.392683,22.68593638,-367.4149909,1.177931902
1971.42272,21.32172118,-368.9183092,1.120768473
1973.465603,19.94778908,-370.4301566,1.035392489
1975.521179,18.56356593,-371.9498001,0.946979899
1977.589478,17.16827409,-373.4765682,0.859944817
1979.668375,15.76265725,-375.0082498,0.772426
1981.740431,14.35778077,-376.5313168,0.686148847
1982.246581,14.01394762,-376.9027563,0.67334403
1983.79095,12.96299519,-378.03438,0.588006535
1985.819603,11.57797026,-379.5166525,0.468423173
1987.826063,10.20246844,-380.9774288,0.350142437
1989.810067,8.83617202,-382.4160047,0.233189763
1991.771716,7.478690608,-383.832091,0.120633881
1993.711569,6.129251614,-385.2256594,0.014424276
1995.63033,4.787003149,-386.5967913,-0.093561885
1997.528666,3.451267288,-387.9456714,-0.205466137
1999.406076,2.12215131,-389.2716066,-0.31709654
2001.263884,0.798503176,-390.5752131,-0.42742157
2003.10289,-0.520477095,-391.8567045,-0.53757555
2004.923652,-1.835366481,-393.1161582,-0.617951325
2006.726703,-3.146645825,-394.3537045,-0.701424888
2008.512554,-4.45480687,-395.5694174,-0.784105636
2010.281694,-5.760307146,-396.7633637,-0.868417223
2012.034598,-7.063572265,-397.9356047,-0.959455618
2013.77172,-8.364997882,-399.0861969,-1.023367674
2015.493382,-9.664861323,-400.2151143,-1.074906052
2017.19718,-10.96137995,-401.3205318,-1.124209187
2018.886365,-12.2570642,-402.4042876,-1.178050963
2020.561343,-13.55212996,-403.4665157,-1.22736601
2022.222507,-14.84684545,-404.5072596,-1.261154052
2023.87024,-16.14145706,-405.5265604,-1.295315454
2025.504914,-17.43619106,-406.524456,-1.331018398
2027.123087,-18.72844386,-407.4983868,-1.358199698
2028.728815,-20.02118228,-408.4508344,-1.402471084
2030.322474,-21.31452287,-409.3819541,-1.423709951
2031.904404,-22.60872368,-410.291636,-1.423708751
2033.474683,-23.90394458,-411.1794118,-1.42775204
2035.029816,-25.19681186,-412.0436409,-1.424087221
2036.574154,-26.49094584,-412.886356,-1.425563145
2038.108006,-27.7865498,-413.7073754,-1.427568728
2039.63167,-29.08339773,-414.5071897,-1.428777056
2041.142073,-30.37921021,-415.2831758,-1.431715637
2042.64159,-31.67528337,-416.0373004,-1.431865022
2044.131788,-32.97316621,-416.7695283,-1.430806028
2045.612939,-34.27262916,-417.4802713,-1.427795122
2047.081545,-35.57061513,-418.1672971,-1.427756785
2048.540631,-36.86932,-418.8323162,-1.424511739
2049.991533,-38.1699742,-419.4752624,-1.423614323
2051.433958,-39.47174839,-420.0964928,-1.429893096
2052.86441,-40.77169035,-420.6934049,-1.43582124
2054.287579,-42.07328276,-421.268928,-1.435879901
2055.703702,-43.37693632,-421.8219593,-1.432386913
2056.318041,-43.94501034,-422.0558498,-1.435062236
2057.109968,-44.67953048,-422.3518581,-1.433456297
2058.508233,-45.98246286,-422.8592626,-1.435555478
2059.90045,-47.2876006,-423.3438675,-1.427753925
2061.28536,-48.59310964,-423.8060097,-1.427576041
2062.662158,-49.89808272,-424.2448286,-1.426275944
2064.034127,-51.20546028,-424.6607824,-1.431804316
2065.400917,-52.51436043,-425.0542891,-1.431745886
2066.760728,-53.82282591,-425.4243518,-1.434023503
2068.117063,-55.13407653,-425.7710749,-1.432120101
2069.469934,-56.44754436,-426.0951305,-1.430407872
2070.818314,-57.76188774,-426.3960935,-1.43014829
2072.165484,-59.08016353,-426.6735081,-1.427795785
2073.511507,-60.40188914,-426.9280054,-1.427782794
2074.856734,-61.72699379,-427.1596911,-1.431299304
2076.201955,-63.05593929,-427.3681692,-1.430811324
2077.54718,-64.38840448,-427.5528713,-1.427790068
2078.892581,-65.724031,-427.7145848,-1.427741096
2080.238035,-67.06230169,-427.8532293,-1.426061801
2081.58353,-68.40289244,-427.9677494,-1.423644415
2082.929008,-69.74526376,-428.0588374,-1.427772208
2084.274401,-71.08892233,-428.1267348,-1.427740454
2085.619711,-72.43347854,-428.1711,-1.427731229
2086.964819,-73.77841542,-428.1912923,-1.427776018
2088.309757,-75.12333032,-428.1882653,-1.427765107
2089.654556,-76.46785222,-428.1620229,-1.427771194
2090.999132,-77.81146308,-428.1116712,-1.425816825
2092.343613,-79.15389124,-428.0377616,-1.423672795
2093.688039,-80.4947879,-427.9406797,-1.42368653
2095.032466,-81.83378743,-427.8202476,-1.423658637
2096.376994,-83.17049432,-427.6756179,-1.423609136
2097.721609,-84.50458766,-427.5078984,-1.425251079
2099.066387,-85.83574505,-427.3171242,-1.42777691
2100.411269,-87.16338233,-427.1025886,-1.420258692
2101.7562,-88.48707569,-426.8646373,-1.421487736
2103.101136,-89.80646468,-426.6038457,-1.423266971
2104.445971,-91.12103259,-426.3202369,-1.426469992
2105.790712,-92.43014176,-426.0128133,-1.423551921
2107.135272,-93.73356886,-425.6828616,-1.42331596
2108.479641,-95.03091506,-425.3304886,-1.419471577
2109.823896,-96.32168445,-424.9551589,-1.419514202
2111.16801,-97.60545927,-424.5570241,-1.418705855
2112.512054,-98.88209466,-424.136781,-1.417981158
2113.856073,-100.1512488,-423.6945398,-1.415607334
2115.200078,-101.4121374,-423.2292919,-1.413925642
2116.544083,-102.6647693,-422.7422496,-1.411431522
2117.887907,-103.9086237,-422.2336877,-1.415440923
2119.231317,-105.1429238,-421.7034129,-1.413406233
2120.574166,-106.3670447,-421.1513987,-1.415030197
2121.916856,-107.5813023,-420.5783878,-1.411335619
2123.259479,-108.7854223,-419.9845215,-1.41144441
2124.602143,-109.978686,-419.3690473,-1.407483651
2125.944862,-111.1610757,-418.7328096,-1.40961497
2127.287673,-112.3323889,-418.0762182,-1.41057083
2128.630645,-113.4922073,-417.3992147,-1.407356829
2129.973712,-114.6397345,-416.7013905,-1.404951917
2130.389501,-114.9927813,-416.481744,-1.403220038
2131.316896,-115.7751522,-415.983812,-1.407215192
2132.660202,-116.8981224,-415.2466872,-1.407277966
2134.003548,-118.007797,-414.4896271,-1.404350444
2135.346932,-119.1039993,-413.7131171,-1.403222768
2136.690284,-120.1866112,-412.9178234,-1.405184404
2138.033586,-121.2552616,-412.1039495,-1.407356312
2139.376824,-122.3089046,-411.2708395,-1.403194524
2140.719987,-123.3479591,-410.419722,-1.403263771
2142.063234,-124.3722551,-409.5507707,-1.4031551
2143.406595,-125.3811487,-408.6638141,-1.404102739
2144.750835,-126.3748887,-407.7586013,-1.402345467
2146.095999,-127.3537383,-406.8359596,-1.40320988
2147.442181,-128.3175894,-405.8962011,-1.403234719
2148.79127,-129.2667887,-404.9375508,-1.403241575
2150.142461,-130.2014363,-403.9617923,-1.403229378
2151.495817,-131.1215965,-402.9694059,-1.403226317
2152.854198,-132.0286489,-401.958266,-1.403205233
2154.215846,-132.9214403,-400.9301782,-1.405306451
2155.580748,-133.8004592,-399.8860312,-1.399694545
2156.951825,-134.6672312,-398.8237172,-1.399080235
2158.327472,-135.5204338,-397.7446383,-1.399157296
2159.707248,-136.3605287,-396.6501132,-1.403272729
2161.093565,-137.1885872,-395.5382906,-1.403232041
2162.485998,-138.0041842,-394.4097347,-1.403243277
2163.883312,-138.80731,-393.2663,-1.403273567
2165.286848,-139.5980549,-392.1067329,-1.399558177
2166.698432,-140.3779257,-390.930152,-1.397644086
2168.115592,-141.1458127,-389.7390782,-1.395090464
2169.538486,-141.9011159,-388.53321,-1.390880726
2170.970855,-142.6469311,-387.3103385,-1.390993437
2172.409967,-143.380976,-386.0725219,-1.391950494
2173.855494,-144.1039328,-384.8207799,-1.39209996
2175.308799,-144.8162023,-383.5539972,-1.39099267
2176.771857,-145.5190758,-382.2708431,-1.387993199
2178.242002,-146.2113289,-380.9738908,-1.384896264
2179.719432,-146.8932589,-379.6632599,-1.378759997
2181.206395,-147.5660749,-378.3372312,-1.378618756
2182.703099,-148.2301302,-376.9959119,-1.371898237
2184.207784,-148.884617,-375.6410319,-1.372946901
2185.720669,-149.5303114,-374.2728638,-1.370457687
2187.243791,-150.1676597,-372.8895082,-1.368456302
2188.777689,-150.7978491,-371.4910496,-1.368855996
2190.320511,-151.4198057,-370.07915,-1.344533949
2191.872501,-152.0341994,-368.6539566,-1.338895125
2193.434138,-152.6417339,-367.215346,-1.341916771
2195.008888,-153.243468,-365.7600984,-1.333807054
2196.593561,-153.8389993,-364.2915888,-1.328103663
2198.188422,-154.4288019,-362.8097982,-1.320483412
2199.79374,-155.0130435,-361.314572,-1.314944167
2201.410225,-155.5925475,-359.8055354,-1.315647305
2203.040591,-156.1688088,-358.2804095,-1.296893346
2204.460961,-156.6645264,-356.9493527,-1.291921069
2204.682205,-156.7412968,-356.7418557,-1.290973707
2206.335346,-157.3104601,-355.1897843,-1.28117754
2208.000296,-157.8768842,-353.6241473,-1.28461381
2209.677336,-158.4413181,-352.0449469,-1.275088249
2211.36755,-159.0046663,-350.4513788,-1.268284728
2213.072261,-159.5679325,-348.8424138,-1.236419455
2214.789731,-160.1311417,-347.2199171,-1.171148479
2216.520173,-160.6950091,-345.5839206,-1.111340441
2218.263776,-161.2602762,-343.934489,-1.023390629
2220.020693,-161.8277099,-342.271728,-0.919884588
2221.791034,-162.398101,-340.5957918,-0.815606807
2223.574863,-162.9722625,-338.9068915,-0.71049182
2225.372856,-163.5512434,-337.2046691,-0.604513734
2227.185115,-164.1359468,-335.4893259,-0.497668424
2229.010479,-164.7269074,-333.7622716,-0.39008107
2230.848736,-165.3249999,-332.0240332,-0.281722134
2232.699598,-165.9311074,-330.2752269,-0.172618025
2234.521793,-166.5325606,-328.5551564,-0.085803885
2234.562704,-166.5461199,-328.5165575,-0.084598029
2236.43762,-167.1709289,-326.7488136,-0.021827149
2238.323852,-167.806491,-324.972884,0.089367414
2240.220852,-168.4537149,-323.1897124,0.201205315
2242.128025,-169.1135083,-321.4003078,0.313638106
2244.044735,-169.7867794,-319.6057417,0.426636827
2245.970309,-170.4745328,-317.8071828,0.509443232
2247.902734,-171.1772292,-316.0070539,0.613075309
2249.835003,-171.8933518,-314.2123922,0.726950719
2251.757392,-172.6202163,-312.4327244,0.8402854
2253.665997,-173.357341,-310.672215,0.956842815
2255.561888,-174.1056085,-308.9302433,1.059541291
2257.446176,-174.8660821,-307.2062399,1.145915476
2259.319406,-175.6395981,-305.5001846,1.225817083
2261.183673,-176.4276122,-303.8106633,1.312466182
2263.040486,-177.2315504,-302.136926,1.388583905
2264.891484,-178.0524608,-300.4779343,1.429320795
2266.739409,-178.891941,-298.8317114,1.431758866
2268.586583,-179.7513388,-297.1966466,1.43174507
2270.433447,-180.630986,-295.572739,1.431787584
2272.279881,-181.5307502,-293.9603826,1.427800514
2274.126461,-182.450664,-292.3592666,1.435457671
2275.974133,-183.3910195,-290.768802,1.43914084
2276.764137,-183.799186,-290.0924059,1.439962357
2277.823565,-184.3516751,-289.1884538,1.442831394
2279.675299,-185.3323632,-287.617745,1.417069913
2281.529788,-186.3328931,-286.0563278,1.406942857
2283.387529,-187.353117,-284.5038128,1.418691928
2285.248977,-188.3928868,-282.9598476,1.428951989
2287.114265,-189.4518958,-281.4243464,1.444489427
2288.983669,-190.5302133,-279.8973005,1.448705529
2290.857448,-191.6273663,-278.3783319,1.462026705
2292.735844,-192.7431275,-276.8672348,1.472012036
2294.619089,-193.8772977,-275.363827,1.47621461
2296.507402,-195.0296819,-273.8679306,1.479781149
2298.400995,-196.2003056,-272.3795413,1.482767697
2300.300069,-197.3888756,-270.8984084,1.482797676
2302.20482,-198.5950906,-269.4242666,1.491298278
2304.115439,-199.8187715,-267.9569419,1.481363964
2306.032111,-201.0598663,-266.4963642,1.483457689
2307.955017,-202.3183042,-265.0424466,1.463041138
2309.884334,-203.5936815,-263.5948101,1.429224739
2311.820236,-204.8858335,-262.1532707,1.404975052
2313.762895,-206.1948528,-260.7178731,1.367673578
2315.712479,-207.5204261,-259.288289,1.328468314
2317.669155,-208.8622841,-257.864218,1.278608205
2319.006482,-209.7859231,-256.8970935,1.242741488
2319.63309,-210.2204633,-256.4456391,1.231043718
2321.604447,-211.5947993,-255.0323338,1.198079662
2323.583391,-212.9849535,-253.623905,1.159270202
2325.570084,-214.3910289,-252.2203797,1.141621549
2327.56469,-215.8127519,-250.8214017,1.105526437
2329.567371,-217.2498725,-249.4266269,1.06556513
2331.578289,-218.7025791,-248.0361517,1.021321409
2333.597608,-220.1703624,-246.6493402,0.976451664
2335.625491,-221.653353,-245.2662159,0.933169761
2337.662101,-223.1512514,-243.8863348,0.898359365
2339.707605,-224.6639953,-242.5094989,0.858097894
2341.762167,-226.1914402,-241.135408,0.80467849
2343.825953,-227.733426,-239.763737,0.77523585
2345.899131,-229.2898491,-238.3942102,0.766285276
2347.981868,-230.8605552,-237.0264878,0.763300246
2350.074332,-232.4453852,-235.6602105,0.856413081
2352.176693,-234.0442745,-234.2951223,0.95118386
2354.28912,-235.6569314,-232.9306898,1.09393937
2356.41178,-237.2834436,-231.5668201,1.215384086
2358.544844,-238.9234403,-230.2028688,1.324846194
2360.688476,-240.5768738,-228.8385689,1.434691806
2361.248827,-241.0099388,-228.4829746,1.457213953
2362.842844,-242.2436078,-227.4735447,1.475513712
2365.008107,-243.9233835,-226.1072662,1.474797523
2367.184426,-245.6161053,-224.7394021,1.474654946
2369.371952,-247.3216026,-223.3695316,1.474763011
2371.571566,-249.0401892,-221.9966655,1.474681776
2373.782949,-250.7713097,-220.6206451,1.46994748
2376.006004,-252.5146218,-219.2412114,1.474733182
2378.240843,-254.2697982,-217.8577882,1.474769256
2380.487559,-256.0365337,-216.4698474,1.484302447
2382.746229,-257.814542,-215.0769108,1.484262814
2385.016905,-259.6035099,-213.6784964,1.484191618
2387.299618,-261.4030954,-212.2741209,1.487447138
2389.595214,-263.2136052,-210.8628039,1.479423057
2391.903387,-265.0343788,-209.4441969,1.479522675
2394.223546,-266.8645449,-208.018143,1.47724034
2396.555603,-268.7036163,-206.5841593,1.478815138
2398.898062,-270.5499805,-205.1426142,1.47950132
2401.238753,-272.3936094,-203.7004408,1.474729131
2403.560262,-274.2203742,-202.2678437,1.479477135
2405.859809,-276.0277092,-200.8460654,1.484299888
2408.138547,-277.8161705,-199.4339571,1.479423057
2410.396305,-279.5853145,-198.0312463,1.484294432
2412.632906,-281.3347199,-196.6377025,1.479467526
2414.848172,-283.0639529,-195.2530901,1.479456718
2417.041922,-284.7726082,-193.8772151,1.479525693
2417.244493,-284.9301931,-193.7499278,1.47953147
2419.213979,-286.4602931,-192.5099018,1.474702646
2421.364169,-288.1265984,-191.1509529,1.476598902
2423.491463,-289.770516,-189.8008013,1.46994957
2425.596336,-291.3922435,-188.4589815,1.469913882
2427.679046,-292.9916991,-187.1250334,1.469994768
2429.739475,-294.5687444,-185.799028,1.46498636
2431.77752,-296.1229885,-184.4807171,1.430405155
2433.793092,-297.6543722,-183.1702263,1.317345833
2435.786121,-299.1626041,-181.8673859,1.20494056
2437.756557,-300.6475832,-180.5722235,1.092563481
2439.704385,-302.1092473,-179.2847587,0.9790188
2441.629712,-303.5474911,-178.0047864,0.872737758
2443.532758,-304.9624527,-176.7322073,0.757939799
2445.41376,-306.3542857,-175.4669176,0.646125147
2447.271319,-307.7219069,-174.2098858,0.541163869
2449.106748,-309.0662505,-172.960275,0.428443377
2450.920429,-310.38757,-171.7178792,0.321527517
2452.71256,-311.6859897,-170.4826346,0.208247636
2454.483334,-312.9616436,-169.2544905,0.10193175
2456.232947,-314.2146784,-168.0334081,-0.007285351
2457.961604,-315.4452587,-166.8193591,-0.112668646
2459.669516,-316.653566,-165.6123182,-0.224920965
2461.356325,-317.8393904,-164.4126788,-0.327110409
2462.925168,-318.9353616,-163.2901357,-0.424365718
2463.018165,-319.0000973,-163.2233683,-0.429851375
2464.659335,-320.1388023,-162.0415156,-0.53555828
2466.280069,-321.2557582,-160.8671313,-0.63168401
2467.880637,-322.3509835,-159.699958,-0.739056617
2469.461357,-323.4250158,-158.540166,-0.832933278
2471.015782,-324.47365,-157.3927377,-0.92985029
2472.548899,-325.5000841,-156.2539348,-1.024918516
2474.062294,-326.5058281,-155.1230797,-1.117047995
2475.55646,-327.4911407,-153.999834,-1.205387703
2477.024503,-328.4516791,-152.8896522,-1.28063202
2478.470149,-329.3900537,-151.7899523,-1.365397342
2479.897441,-330.3091397,-150.6979673,-1.411368941
2481.30535,-331.2081513,-149.6144646,-1.45112445
2482.684338,-332.0814976,-148.5472885,-1.460308331
2484.046127,-332.9365451,-147.4874055,-1.477898915
2485.391742,-333.7739615,-146.4341227,-1.480803998
2486.705056,-334.5839296,-145.4003259,-1.490236097
2488.002675,-335.3767169,-144.3730506,-1.498411512
2489.283249,-336.1512393,-143.3532608,-1.484989487
2490.534311,-336.8996788,-142.3507715,-1.466580448
2491.77288,-337.6321502,-141.35201,-1.448348593
2492.990146,-338.3430405,-140.3639028,-1.423144889
2494.187133,-339.0326338,-139.3855259,-1.381014122
2495.374297,-339.706521,-138.4081744,-1.351228386
2496.532662,-340.3535736,-137.4473882,-1.300040766
2497.683295,-340.9852929,-136.4856903,-1.275536206
2498.813103,-341.5940872,-135.5339483,-1.224819787
2499.929347,-342.1836378,-134.5861039,-1.196268411
2501.031642,-342.7533727,-133.6424703,-1.160286047
2502.115681,-343.3004439,-132.7066095,-1.129157856
2503.191091,-343.8298827,-131.7705689,-1.104913187
2504.244886,-344.3351126,-130.8458055,-1.070688073
2505.293929,-344.8241308,-129.9177347,-1.03466534
2506.319256,-345.287793,-129.0032427,-1.003223725
2507.342343,-345.7349552,-128.0830645,-0.97309345
2508.340846,-346.1566093,-127.177986,-0.939470015
2508.605843,-346.2662256,-126.9367198,-0.931123905
2509.338307,-346.5628302,-126.2670074,-0.909553998
2510.311527,-346.942706,-125.3709992,-0.88079991
2511.283598,-347.3063084,-124.4695222,-0.852203547
2512.233004,-347.6459349,-123.5829533,-0.824231396
2513.179831,-347.9666875,-122.6921302,-0.796325139
2514.106903,-348.264966,-121.814382,-0.769035457
2515.028598,-348.5439286,-120.9359303,-0.74186837
2515.934843,-348.8011031,-120.0669768,-0.721855441
2516.831484,-349.0381599,-119.2022539,-0.698292443
2517.718449,-349.2546036,-118.3421417,-0.674704545
2518.590063,-349.4496907,-117.4926551,-0.651245546
2519.459372,-349.62583,-116.6414172,-0.627189656
2520.306096,-349.7790529,-115.8086913,-0.605454317
2521.152819,-349.9143218,-114.9728778,-0.580501469
2521.981595,-350.0269187,-114.1518134,-0.556098886
2522.80377,-350.12124,-113.3350853,-0.535501279
2523.618788,-350.1940223,-112.5233636,-0.51550441
2524.417041,-350.2467065,-111.7268772,-0.493871841
2525.215294,-350.2809699,-110.9293872,-0.471512154
2525.995699,-350.2926121,-110.1491048,-0.452066626
2526.771482,-350.2854302,-109.3733864,-0.429228772
2527.542923,-350.2591568,-108.6024192,-0.409556409
2528.298685,-350.2110487,-107.8482327,-0.390996796
2529.054447,-350.14281,-107.095601,-0.371498307
2529.801749,-350.055301,-106.3534745,-0.349470307
2530.542701,-349.9475232,-105.620446,-0.338100084
2531.283653,-349.8164455,-104.8912287,-0.322469567
2532.019803,-349.6652429,-104.1708269,-0.304381941
2532.755253,-349.4930247,-103.4558676,-0.286337639
2533.490703,-349.2986432,-102.7466204,-0.268265376
2534.226153,-349.0802241,-102.0444058,-0.252676344
2534.961603,-348.840551,-101.3491642,-0.238216959
2535.698245,-348.5794761,-100.6603869,-0.223568835
2536.436432,-348.2963503,-99.97870483,-0.205447497
2537.17462,-347.9904658,-99.30692505,-0.187317923
2537.918723,-347.6625946,-98.6390057,-0.169039598
2538.665054,-347.3148806,-97.97866609,-0.151123177
2539.412031,-346.9475387,-97.32830484,-0.136442888
2540.17201,-346.5547228,-96.67776087,-0.118461028
2540.931988,-346.1457539,-96.03724449,-0.125842058
2541.699589,-345.7173846,-95.40031942,-0.16900661
2542.477875,-345.265765,-94.76649896,-0.24930189
2543.25616,-344.8008284,-94.14237943,-0.330123653
2544.052748,-344.3124021,-93.51312226,-0.419639054
2544.852637,-343.8077373,-92.89255309,-0.510159921
2545.660939,-343.2870355,-92.27433013,-0.59962437
2546.485042,-342.745519,-91.6531399,-0.688868464
2547.309145,-342.1933856,-91.04135815,-0.776477524
2548.157555,-341.6167509,-90.41904178,-0.865043078
2549.008043,-341.0294565,-89.80389801,-0.952517778
2549.874713,-340.424301,-89.18349867,-1.040585245
2550.753581,-339.8036072,-88.56129504,-1.136893045
2551.641343,-339.1714252,-87.93802729,-1.234754854
2552.550352,-338.5190387,-87.30503154,-1.327112855
2553.462352,-337.8612104,-86.67336395,-1.420699319
2554.286518,-337.2640908,-86.1052991,-1.512904226
2554.402708,-337.1798133,-86.02531531,-1.525302035
2555.343064,-336.4971145,-85.37863828,-1.628253815
2556.313805,-335.7918789,-84.71156993,-1.72624761
2556.496873,-335.6589473,-84.58570019,-1.735451866
2557.285514,-335.0867947,-84.0429339,-1.757526154
2558.262436,-334.3801633,-83.36836404,-1.734527937
2559.239864,-333.6767948,-82.6896623,-1.710312556
2560.191325,-332.996918,-82.02405589,-1.684102497
2561.138757,-332.3257853,-81.35532406,-1.650858604
2562.057517,-331.68249,-80.69937047,-1.620126453
2562.966986,-331.0533975,-80.04259395,-1.575861272
2563.858146,-330.4467285,-79.38982999,-1.527829227
2564.734728,-329.8595267,-78.73901488,-1.480644195
2565.603729,-329.2893999,-78.08320313,-1.429418886
2566.452811,-328.743454,-77.43292627,-1.371149055
2567.301894,-328.2120746,-76.7707114,-1.310656527
2568.131685,-327.7059165,-76.11319249,-1.249341145
2568.959815,-327.2164897,-75.44521982,-1.182821227
2569.709885,-326.7874916,-74.82997274,-1.116507003
2569.780729,-326.747594,-74.7714308,-1.110240465
2570.594604,-326.2987653,-74.09253772,-1.038248129
2571.408199,-325.8701559,-73.40104338,-0.957663637
2572.216431,-325.4619797,-72.70348666,-0.873532715
2573.024663,-325.0734993,-71.99480157,-0.7881875
2573.832896,-324.7062229,-71.27488434,-0.698325005
2574.641128,-324.3580773,-70.54551074,-0.599126888
2575.449778,-324.0320349,-69.80556275,-0.499916827
2576.262123,-323.725116,-69.05346699,-0.413445862
2577.074467,-323.4375625,-68.2937539,-0.324740767
2577.893624,-323.170601,-67.51935501,-0.239196403
2578.716609,-322.9208071,-66.73522094,-0.156119355
2579.542701,-322.6902117,-65.94200934,-0.07217772
2580.380435,-322.4758079,-65.13220058,0.000833141
2581.218169,-322.278661,-64.31802061,0.078554202
2582.070537,-322.0978363,-63.48507546,0.149102354
2582.922898,-321.9323748,-62.64894405,0.214608346
2582.926033,-321.9317809,-62.64586511,0.214844038
2583.791301,-321.7820928,-61.79366471,0.282750944
2584.666879,-321.6450553,-60.92888926,0.346406363
2585.546912,-321.5235949,-60.05729649,0.397910216
2586.444446,-321.4129586,-59.16661627,0.43393299
2587.34198,-321.31699,-58.2742409,0.441280687
2588.262558,-321.230029,-57.35778554,0.424468531
2589.183723,-321.1562853,-56.43958255,0.387666183
2590.125142,-321.0909338,-55.50044312,0.324958715
2591.071481,-321.0355599,-54.55572869,0.227466404
2592.036229,-320.9881404,-53.5921522,0.09420434
2593.009184,-320.9476823,-52.62004142,-0.062697811
2593.999883,-320.9137299,-51.62992569,-0.22870982
2595.000712,-320.8847128,-50.62951886,-0.406343232
2596.019849,-320.8590412,-49.6107059,-0.573601085
2596.13591,-320.856384,-49.49467507,-0.588933502
2597.049342,-320.8357829,-48.58147622,-0.716850292
2598.098731,-320.8133226,-47.53232694,-0.873718783
2598.64098,-320.8015566,-46.99020675,-0.899456553
2599.156792,-320.7899918,-46.47452426,-0.905060295
2600.2197,-320.7641819,-45.41193009,-0.903538727
2601.283771,-320.7342417,-44.34828264,-0.936529775
2602.321053,-320.699264,-43.31159242,-0.959530298
2603.356243,-320.6570038,-42.27726959,-0.95642909
2604.351809,-320.6079079,-41.28292291,-0.967636167
2605.347218,-320.5492417,-40.2892481,-0.957172523
2606.306658,-320.4812129,-39.33222944,-0.943415312
2607.265637,-320.4017617,-38.37656328,-0.943667818
2608.194558,-320.3119927,-37.45199575,-0.939219426
2609.120223,-320.2085756,-36.53214667,-0.927333237
2610.023443,-320.0938639,-35.63624905,-0.921345929
2610.918867,-319.9639737,-34.75031991,-0.929561081
2611.800637,-319.8212247,-33.8801924,-0.950074936
2612.669246,-319.6627902,-33.02618396,-0.971273702
2613.533146,-319.4890252,-32.17995319,-0.980382259
2614.379031,-319.3001295,-31.35546919,-0.992775306
2615.224916,-319.0932736,-30.53528574,-1.005233543
2616.05586,-318.8712113,-29.7346074,-1.014110157
2616.884031,-318.6296682,-28.9424748,-0.997845664
2617.70875,-318.3706747,-28.15950404,-0.987371136
2618.528875,-318.090635,-27.38872054,-1.001609397
2619.349,-317.791018,-26.62531474,-1.026354199
2620.168542,-317.4706909,-25.87102661,-1.026380494
2620.988078,-317.1281859,-25.12653665,-1.041421972
2621.807615,-316.7662914,-24.39126471,-1.051443488
2622.627152,-316.3818557,-23.66755177,-1.068648965
2623.447046,-315.97771,-22.95422156,-1.082081471
2624.269793,-315.552772,-22.24976401,-1.078786791
2625.09254,-315.1071054,-21.55822042,-1.078787529
2625.920935,-314.6411925,-20.87329753,-1.078830911
2626.751975,-314.1542195,-20.19994498,-1.078777289
2627.586101,-313.6486427,-19.53653209,-1.081541098
2628.161502,-313.2900102,-19.08659496,-1.083572386
2628.428366,-313.1213631,-18.87979098,-1.083595463
2629.27063,-312.5771105,-18.23702128,-1.083615615
2630.124616,-312.0107391,-17.59790752,-1.078975125
2630.979889,-311.4267389,-16.97309691,-1.058331556
2631.843146,-310.824138,-16.35499454,-1.041451271
2632.712594,-310.2016547,-15.7480354,-1.024352732
2633.585966,-309.5639111,-15.15135082,-1.010732944
2634.470308,-308.9039314,-14.5627697,-1.004040305
2635.354687,-308.2321661,-13.98759081,-0.939296665
2636.254398,-307.5355096,-13.41829776,-0.830187079
2637.154109,-306.8279707,-12.86256315,-0.719179285
2638.066075,-306.0982413,-12.31563187,-0.608270353
2638.981494,-305.3556605,-11.78034956,-0.490038888
2639.906407,-304.5939119,-11.25577942,-0.368766012
2640.837758,-303.8171015,-10.74204259,-0.248936925
2641.776333,-303.0242793,-10.23971255,-0.126298872
2642.723776,-302.2142616,-9.748321051,-0.009317137
2643.67671,-301.3909473,-9.268521081,0.112277351
2644.640376,-300.5488811,-8.799955837,0.235227931
2645.608345,-299.6949795,-8.344145009,0.365198853
2646.588332,-298.8226515,-7.897603054,0.540527758
2647.571982,-297.9387613,-7.466002039,0.691463353
2648.568373,-297.0363283,-7.043672916,0.794977571
2649.568335,-296.1238198,-6.634736362,0.893646598
2650.581219,-295.1923456,-6.236903124,0.940259223
2651.598124,-294.2508797,-5.852588939,0.941171462
2652.627596,-293.2918092,-5.478478583,0.941214892
2653.662073,-292.322329,-5.117598719,0.934134991
2654.708217,-291.3361081,-4.76864719,0.928972281
2655.760863,-290.3386374,-4.432371138,0.923495853
2656.823729,-289.3266096,-4.107646562,0.91522921
2657.682024,-288.5060067,-3.8561096,0.906081677
2657.895089,-288.3018583,-3.795122365,0.903428548
2658.974691,-287.2648302,-3.494958798,0.890146174
2660.065284,-286.2129237,-3.207083232,0.876691632
2661.161653,-285.1515922,-2.93217137,0.86713817
2662.272046,-284.0730604,-2.668139462,0.852995798
2663.38588,-282.9878012,-2.417521104,0.836844812
2664.516076,-281.8834302,-2.177353929,0.819733377
2665.650818,-280.7716721,-1.950177062,0.807988031
2666.798075,-279.6449228,-1.734279048,0.797898063
2667.954315,-278.5068271,-1.530294515,0.787332159
2669.118729,-277.3583703,-1.338233926,0.770443617
2670.297064,-276.1940531,-1.15706427,0.731365149
2671.480729,-275.0225338,-0.987980337,0.687424944
2672.679794,-273.8340112,-0.829377929,0.651185537
2673.886691,-272.6361354,-0.682142332,0.632246718
2675.103286,-271.427211,-0.545799488,0.613936185
2676.334089,-270.2028956,-0.41965738,0.562843555
2677.571645,-268.9707374,-0.304255109,0.500645102
2678.823789,-267.7230662,-0.198577046,0.437185848
2680.086518,-266.4639847,-0.102730964,0.366547506
2681.356935,-265.1964938,-0.016601658,0.297370253
2682.645382,-263.9103577,0.060477577,0.236641445
2683.94233,-262.6151996,0.128536805,0.186065228
2685.249244,-261.3096496,0.188148784,0.13592469
2686.573544,-259.9863693,0.240042144,0.070322654
2687.202546,-259.3577423,0.261768004,0.03441821
2687.907125,-258.6535189,0.284110375,-0.013831275
2689.251635,-257.3095101,0.320778075,-0.100439907
2690.614026,-255.9474568,0.35105992,-0.163067637
2691.986718,-254.5749795,0.375239486,-0.225705223
2693.370122,-253.1916961,0.393461661,-0.290003668
2694.772567,-251.789316,0.40691604,-0.353402972
2696.1867,-250.375213,0.415889359,-0.422035735
2697.612457,-248.949465,0.42089615,-0.506065827
2699.054048,-247.5078747,0.422833696,-0.594900852
2700.511292,-246.0506311,0.421951772,-0.680793691
2701.980775,-244.5811505,0.419447983,-0.763561013
2703.462797,-243.0991329,0.415854951,-0.85090714
2704.9623,-241.599634,0.412326351,-0.939288259
2706.475821,-240.0861155,0.409496397,-1.02847727
2708.00198,-238.5599581,0.407679089,-1.117153102
2709.540989,-237.0209497,0.406724257,-1.205231086
2711.095853,-235.466085,0.406131016,-1.258458497
2712.665959,-233.8959796,0.405319794,-1.289745297
2714.249039,-232.3129006,0.403973427,-1.324154579
2715.845243,-230.7166972,0.402036982,-1.359309887
2717.454712,-229.1072302,0.399676964,-1.391079576
2719.080199,-227.4817451,0.397059945,-1.426624797
2720.720136,-225.8418109,0.394313,-1.43803621
2722.373315,-224.1886341,0.391516513,-1.435354575
2724.039821,-222.5221301,0.388690616,-1.431955889
2725.719727,-220.8422263,0.385840866,-1.426043337
2727.413095,-219.1488609,0.382968222,-1.43308165
2729.121926,-217.4400326,0.38006936,-1.436168236
2730.844867,-215.7170945,0.377146578,-1.440268412
2732.581173,-213.9807901,0.374201146,-1.439498224
2734.330886,-212.2310799,0.371233001,-1.4395922
2736.094036,-210.4679322,0.36824207,-1.439566621
2737.870649,-208.6913225,0.36522827,-1.443101831
2739.660741,-206.9012329,0.36219154,-1.439603751
2741.464325,-205.0976516,0.35913181,-1.439530065
2743.281767,-203.2802119,0.356048435,-1.441919951
2745.113684,-201.4482978,0.352940356,-1.443409457
2746.958942,-199.6030421,0.349809483,-1.43949432
2748.817543,-197.7444444,0.346655681,-1.439545408
2750.689481,-195.8725089,0.343478221,-1.43573371
2752.574748,-193.987244,0.340274828,-1.438766415
2754.473333,-192.0886618,0.337040921,-1.436227621
2756.38522,-190.1767778,0.333768974,-1.435590136
2758.31039,-188.2516111,0.330450935,-1.435654225
2760.24882,-186.3131832,0.327084999,-1.435342582
2762.200488,-184.3615189,0.323675824,-1.432172204
2764.165365,-182.396645,0.320236564,-1.435676059
2766.143422,-180.4185909,0.31678001,-1.439453685
2768.134627,-178.4273882,0.313312263,-1.439411184
2770.138948,-176.4230703,0.309832393,-1.443230364
2772.156349,-174.4056726,0.306335892,-1.443196519
2774.186793,-172.375232,0.302819231,-1.443198657
2776.230241,-170.3317871,0.299280104,-1.441236789
2778.286653,-168.2753779,0.295718,-1.439382453
2780.355988,-166.2060456,0.292132858,-1.439392478
2782.438204,-164.1238328,0.288524715,-1.439375959
2784.533257,-162.0287829,0.284893648,-1.435560646
2786.641103,-159.9209405,0.281239679,-1.439373828
2788.761696,-157.8003512,0.277562857,-1.439387761
2790.894989,-155.6670612,0.273863204,-1.441718547
2793.040935,-153.5211178,0.270140752,-1.443192879
2795.199488,-151.3625687,0.266395559,-1.443211553
2797.370906,-149.1911533,0.262627125,-1.442155251
2799.555489,-147.0065736,0.258834888,-1.439385227
2801.752571,-144.8094956,0.255019959,-1.439392568
2803.962098,-142.5999713,0.251182368,-1.439396367
2806.18402,-140.3780528,0.24732214,-1.439389525
2808.418284,-138.1437928,0.243439332,-1.439389184
2810.664836,-135.897244,0.239534004,-1.439396632
2812.923624,-133.6384594,0.235606216,-1.443205878
2815.194594,-131.3674922,0.231656018,-1.443255351
2817.478493,-129.0835971,0.227682053,-1.439532088
2819.775032,-126.7870612,0.22368475,-1.439389906
2822.083617,-124.4784802,0.219665079,-1.439446564
2824.404191,-122.157909,0.21562307,-1.439415279
2826.736701,-119.8254026,0.211558761,-1.439397049
2829.081092,-117.4810156,0.207472194,-1.439462555
2831.437884,-115.1242268,0.20336241,-1.439404472
2833.807444,-112.754671,0.199228719,-1.443199274
2836.188734,-110.3733843,0.195072875,-1.439447042
2838.5817,-107.9804222,0.190894919,-1.4393885
2840.986286,-105.5758399,0.186694888,-1.439399214
2843.402846,-103.159283,0.182472101,-1.439395588
2845.832221,-100.7299123,0.178225013,-1.439398883
2848.273059,-98.28907742,0.17395591,-1.439411065
2850.725307,-95.83683381,0.169664825,-1.439399707
2853.188908,-93.37323665,0.165351788,-1.442112521
2855.665199,-90.89694917,0.161014388,-1.442252768
2858.153163,-88.40898899,0.15665435,-1.439415015
2860.652321,-85.90983453,0.152272438,-1.439410188
2863.162619,-83.39954065,0.147868708,-1.439396304
2865.685407,-80.8767563,0.143440709,-1.439405933
2868.219718,-78.34244928,0.138990037,-1.439399716
2870.765008,-75.79716374,0.134517545,-1.439395588
2873.321316,-73.24085906,0.130023139,-1.43940565
2875.890358,-70.67182099,0.125503748,-1.442981721
2878.470217,-68.09196623,0.120962656,-1.439469511
2881.060839,-65.50134849,0.116399908,-1.439410217
2883.663402,-62.8987893,0.111813301,-1.439397104
2886.277396,-60.28479983,0.107203654,-1.439418631
2888.901991,-57.66020883,0.102572361,-1.439406396
2891.537928,-55.02427584,0.09791804,-1.439430948
2894.185613,-52.37659506,0.093239918,-1.439416791
2896.843738,-49.71847378,0.088540169,-1.44321934
2899.512947,-47.04926951,0.083817601,-1.439454271
2902.193873,-44.36834705,0.079071006,-1.439398686
2904.88508,-41.6771443,0.074302897,-1.439417003
2907.587415,-38.9748141,0.069511689,-1.439411775
2910.301129,-36.26110365,0.064696794,-1.439397904
2913.024965,-33.53727193,0.059860344,-1.439373828
2915.760244,-30.80199777,0.054999844,-1.439716552
2918.506291,-28.05595527,0.05011645,-1.443230351
2921.262301,-25.29994905,0.04521156,-1.439408011
2924.030311,-22.53194425,0.040281452,-1.439392149
2926.808233,-19.75402635,0.035329769,-1.439373828
2929.596823,-16.96544024,0.030355057,-1.439381611
2932.396463,-14.16580525,0.025356518,-1.439392808
2935.205805,-11.35646809,0.020336437,-1.439421023
2938.02677,-8.535506672,0.01529134,-1.443185876
2940.857528,-5.704754094,0.010224433,-1.43939563
2943.698919,-2.863366769,0.005134149,-1.439393803
2946.550895,-0.011396193,2.12253597416437E-05,-1.439379328
2946.562291,1.41142209031386E-09,7.86849909673037E-07,-1.439379048
