Curvature,X,Y,Z
6.08E-05,-118.5479062,-0.003509047,0
6.09E-05,-117.9394961,-0.005833737,0
6.14E-05,-114.7196906,-0.01776752,0
6.19E-05,-111.580239,-0.028800091,0
6.20E-05,-111.1028975,-0.03042577,0
6.24E-05,-108.2552424,-0.039827286,0
6.28E-05,-105.0104644,-0.049927633,0
6.33E-05,-101.7576839,-0.059397852,0
6.38E-05,-98.49620212,-0.068229614,0
6.42E-05,-95.22704521,-0.076403912,0
6.46E-05,-91.94973781,-0.083917732,0
6.51E-05,-88.66429935,-0.090761175,0
6.55E-05,-85.37135131,-0.096921541,0
6.59E-05,-82.07023456,-0.102388146,0
6.63E-05,-78.76141954,-0.107154234,0
6.66E-05,-75.44526088,-0.111209808,0
6.70E-05,-72.12102683,-0.114546325,0
6.74E-05,-68.78940746,-0.117151062,0
6.77E-05,-65.45060999,-0.119016095,0
6.80E-05,-62.10392626,-0.120134267,0
6.83E-05,-58.75006563,-0.120496275,0
6.86E-05,-55.38919153,-0.120093466,0
6.89E-05,-52.02070225,-0.11891717,0
6.92E-05,-48.64515354,-0.116958992,0
6.94E-05,-45.26466514,-0.114211628,0
6.97E-05,-41.91475379,-0.110705516,0
6.99E-05,-38.59284819,-0.106456981,0
7.01E-05,-35.29403553,-0.101475979,0
7.03E-05,-32.01996238,-0.09577966,0
7.05E-05,-28.76984493,-0.089376472,0
7.07E-05,-25.54225249,-0.082280827,0
7.09E-05,-22.34000024,-0.07451588,0
7.10E-05,-19.16035271,-0.066080683,0
7.12E-05,-16.00398753,-0.057001296,0
7.13E-05,-12.87183925,-0.047284935,0
7.15E-05,-9.761268142,-0.036946757,0
7.09E-05,-6.676150272,-0.02600391,0
6.82E-05,-3.612175706,-0.014461493,0
6.87E-05,-0.572691894,-0.002353604,0
-4.44E-05,2.995422449,0.012709774,0
-4.26E-05,5.970571098,0.025879094,0
-4.12E-05,8.920644273,0.038582605,0
-4.11E-05,11.85053118,0.050831371,0
-4.13E-05,14.75569248,0.062625784,0
-4.14E-05,17.64036734,0.073992065,0
-4.15E-05,20.50133157,0.08492416,0
-4.15E-05,23.34093588,0.095438063,0
-4.15E-05,26.15838401,0.105537586,0
-4.16E-05,28.95307302,0.115228518,0
-4.16E-05,31.7275841,0.124527526,0
-4.16E-05,34.47768341,0.133428032,0
-4.17E-05,37.20746292,0.141950805,0
-4.18E-05,39.91574979,0.150096393,0
-4.18E-05,42.60099215,0.15787051,0
-4.19E-05,45.26607378,0.165288978,0
-4.20E-05,47.90926714,0.172349169,0
-4.21E-05,50.53005146,0.179060817,0
-4.22E-05,53.13068649,0.185434276,0
-4.23E-05,55.71022829,0.191473417,0
-4.25E-05,58.26684747,0.197180768,0
-4.26E-05,60.80333784,0.202568955,0
-4.28E-05,63.31968999,0.207642261,0
-4.29E-05,65.81366758,0.212405058,0
-4.31E-05,68.28637982,0.216861648,0
-4.33E-05,70.73898878,0.22102202,0
-4.35E-05,73.17148755,0.224892246,0
-4.37E-05,75.58255436,0.228475275,0
-4.39E-05,77.97188654,0.231773816,0
-4.41E-05,80.34116445,0.234797718,0
-4.43E-05,82.69038525,0.237552155,0
-4.46E-05,85.01954679,0.24004197,0
-4.48E-05,87.32838072,0.242271733,0
-4.51E-05,89.61506915,0.24424481,0
-4.54E-05,91.88179013,0.24596829,0
-4.57E-05,94.12854843,0.247446998,0
-4.60E-05,96.35535012,0.24868573,0
-4.63E-05,98.56220268,0.249689295,0
-4.66E-05,100.7491151,0.250461324,0
-4.70E-05,102.9160982,0.251005747,0
-4.73E-05,105.0631644,0.251328916,0
-4.77E-05,107.1896622,0.251435655,0
-4.81E-05,109.2958223,0.251328607,0
-4.85E-05,111.3822581,0.25101197,0
-4.89E-05,113.4489976,0.250493116,0
-4.93E-05,115.4960723,0.249771744,0
-4.98E-05,117.5235171,0.248855784,0
-5.02E-05,119.5313709,0.247747104,0
-5.07E-05,121.5196768,0.246451174,0
-5.12E-05,123.4884825,0.244970192,0
-5.17E-05,125.4378409,0.243311487,0
-5.23E-05,127.3678102,0.241473165,0
-5.28E-05,129.278455,0.239464529,0
-5.34E-05,131.1698462,0.237288141,0
-5.40E-05,133.0420622,0.234943924,0
-5.46E-05,134.8951893,0.232439423,0
-5.53E-05,136.7282823,0.229779296,0
-5.60E-05,138.5416007,0.226966714,0
-5.67E-05,140.3358425,0.224003217,0
-5.74E-05,142.1111161,0.220891757,0
-5.82E-05,143.8675413,0.21763695,0
-5.90E-05,145.6052504,0.214241855,0
-5.98E-05,147.3243893,0.210709455,0
-6.07E-05,149.0251197,0.207042655,0
-6.15E-05,150.7076198,0.203244278,0
-6.24E-05,152.3683185,0.199326035,0
-6.33E-05,154.0102506,0.195283292,0
-6.43E-05,155.6341116,0.191117752,0
-6.54E-05,157.240132,0.186833247,0
-6.67E-05,158.8285681,0.182432449,0
-6.89E-05,160.3973245,0.177924605,0
-7.37E-05,161.9448266,0.173313602,0
-8.99E-05,163.4750376,0.168593223,0
-0.000119704,164.9882943,0.163753836,0
-0.000163982,166.4849741,0.158764876,0
-0.000304153,167.9570192,0.153605122,0
-0.000474452,169.4124936,0.148132638,0
-0.000723772,170.8517901,0.142105739,0
-0.00112963,172.2728751,0.135164344,0
-0.001567248,173.6700257,0.126912462,0
-0.00210416,175.0510067,0.116563685,0
-0.002749409,176.4163851,0.103375532,0
-0.003396129,177.7539863,0.086602764,0
-0.004078779,179.0737772,0.065189583,0
-0.004796773,180.3780122,0.038236269,0
-0.005491667,181.6515958,0.005060975,0
-0.006192691,182.9080921,-0.035374051,0
-0.006900847,184.1487733,-0.083859423,0
-0.007576741,185.3603656,-0.140503753,0
-0.008262991,186.5601422,-0.206645927,0
-0.008932696,187.7388366,-0.282386929,0
-0.009595365,188.8982761,-0.368267166,0
-0.010268435,190.0464056,-0.465325783,0
-0.010908617,191.1675168,-0.572631798,0
-0.01156632,192.2804446,-0.692181706,0
-0.01220785,193.3696454,-0.822672719,0
-0.012857135,194.4469549,-0.96562684,0
-0.013497512,195.5059188,-1.12043092,0
-0.014139574,196.5487703,-1.287482275,0
-0.014785963,197.5771764,-1.467156542,0
-0.015430028,198.5864981,-1.658940233,0
-0.016085166,199.583712,-1.864644834,0
-0.01673155,200.5601302,-2.081874877,0
-0.01739025,201.5257095,-2.312734459,0
-0.01805799,202.4699721,-2.555190972,0
-0.01874663,203.4029777,-2.812297945,0
-0.019423447,204.315449,-3.080392989,0
-0.020108708,205.2153918,-3.362230824,0
-0.020825188,206.0963413,-3.656706453,0
-0.021573189,206.962397,-3.963330366,0
-0.022326633,207.8124244,-4.283556965,0
-0.023076344,208.6435673,-4.6149932,0
-0.023861385,209.463098,-4.960812585,0
-0.024694403,210.2588069,-5.316446436,0
-0.025560933,211.0471321,-5.687929607,0
-0.026488617,211.8082173,-6.067668141,0
-0.027453339,212.5603166,-6.462740294,0
-0.028521411,213.2925187,-6.869334922,0
-0.029666868,214.009239,-7.288773511,0
-0.030799677,214.7124787,-7.722917466,0
-0.031801912,215.394426,-8.168013842,0
-0.032833435,216.0657388,-8.628896344,0
-0.033784122,216.7227342,-9.107998609,0
-0.034712304,217.3675846,-9.602899407,0
-0.035127223,217.9977851,-10.11627116,0
-0.034572208,218.6136152,-10.6468372,0
-0.034016817,219.214433,-11.19431326,0
-0.033072656,219.8031737,-11.76371693,0
-0.032091263,220.3779364,-12.34834261,0
-0.030353423,220.9379105,-12.95381526,0
-0.027670128,221.4875115,-13.57715848,0
-0.025039593,222.0202792,-14.21529494,0
-0.022257274,222.5503466,-14.87902352,0
-0.01957197,223.0655875,-15.55421876,0
-0.016787043,223.5774113,-16.25094245,0
-0.014015161,224.0818237,-16.96347289,0
-0.011284787,224.5814157,-17.69032965,0
-0.008524164,225.0818837,-18.43967435,0
-0.005892766,225.576678,-19.19525153,0
-0.003200951,226.080705,-19.97989719,0
-0.000669689,226.5806965,-20.76685284,0
0.00202339,227.085836,-21.56692393,0
0.004671617,227.5910488,-22.36887247,0
0.007173609,228.0804309,-23.14204777,0
0.009842869,228.5676209,-23.90453637,0
0.012473879,229.0461551,-24.642905,0
0.015134811,229.5220061,-25.36344796,0
0.017833303,229.9989784,-26.06885413,0
0.020355862,230.4717631,-26.74915932,0
0.023048824,230.9543245,-27.42222657,0
0.025491945,231.4323791,-28.06522766,0
0.028048137,231.9207184,-28.69904471,0
0.030430779,232.4166574,-29.31374794,0
0.03259819,232.9187808,-29.91008989,0
0.03484601,233.4345249,-30.49456569,0
0.036240462,233.9569867,-31.05513794,0
0.037629513,234.4929727,-31.60200531,0
0.03872315,235.0433806,-32.13351069,0
0.039258145,235.6091427,-32.64722577,0
0.039792814,236.1889585,-33.14504234,0
0.039598518,236.7833703,-33.6253073,0
0.039160489,237.3930279,-34.08607309,0
0.038637102,238.016148,-34.52988234,0
0.037555081,238.6567542,-34.9577373,0
0.036488331,239.3105107,-35.3652172,0
0.035236445,239.9800482,-35.75792265,0
0.03383241,240.6653613,-36.13341899,0
0.032459356,241.3609646,-36.48947036,0
0.031000958,242.0779056,-36.83463137,0
0.029577962,242.8049358,-37.1596109,0
0.028141647,243.5462634,-37.47043432,0
0.026678755,244.3042692,-37.76741573,0
0.02526367,245.0691102,-38.04617583,0
0.023873944,245.8572649,-38.31574931,0
0.02253334,246.652515,-38.56716569,0
0.021176066,247.4629471,-38.80768216,0
0.01981266,248.2882903,-39.03378088,0
0.018488233,249.1206993,-39.24738753,0
0.017143234,249.9760867,-39.44981021,0
0.01585479,250.834215,-39.6397598,0
0.014506596,251.7161584,-39.81961029,0
0.013200058,252.6037693,-39.988438,0
0.01186554,253.5093748,-40.14806741,0
0.010541494,254.4266723,-40.29817581,0
0.009209983,255.3572295,-40.44056336,0
0.007856314,256.3044959,-40.57512105,0
0.006513418,257.2617752,-40.70276258,0
0.005121029,258.239296,-40.82584645,0
0.003754002,259.2250626,-40.9433282,0
0.002326606,260.2331332,-41.05812194,0
0.000926318,261.2491007,-41.17004886,0
-0.000539958,262.2871681,-41.28196318,0
-0.001987513,263.3341925,-41.39383785,0
-0.003489584,264.4006707,-41.5083323,0
-0.00491674,265.4506552,-41.62329844,0
-0.006404665,266.4784847,-41.73970726,0
-0.007865649,267.4840054,-41.85877372,0
-0.009315759,268.4690765,-41.98180456,0
-0.010739457,269.431643,-42.10982026,0
-0.012150622,270.3755659,-42.24409216,0
-0.013544924,271.2998766,-42.3849075,0
-0.014908102,272.2040221,-42.5336262,0
-0.01629692,273.0938692,-42.69112221,0
-0.017645346,273.9592718,-42.85626887,0
-0.019054671,274.8178004,-43.03320524,0
-0.020348359,275.644874,-43.21663084,0
-0.021722135,276.468524,-43.41371979,0
-0.023106645,277.2638055,-43.61832251,0
-0.024553636,278.0491243,-43.8351988,0
-0.025998792,278.8184929,-44.06401502,0
-0.027384121,279.5656238,-44.30115901,0
-0.028845883,280.3071509,-44.55463231,0
-0.030257408,281.0190584,-44.81467858,0
-0.031723609,281.7219338,-45.08801716,0
-0.033202114,282.4107746,-45.3756565,0
-0.0345704,283.0735115,-45.67073662,0
-0.036006318,283.7291048,-45.98101928,0
-0.037383764,284.3630379,-46.30008858,0
-0.038716936,284.9763087,-46.63073115,0
-0.040113971,285.5808385,-46.97677859,0
-0.041550087,286.1587444,-47.32795198,0
-0.043042973,286.7203194,-47.68997989,0
-0.044607302,287.2717327,-48.06707335,0
-0.046138884,287.7937798,-48.44788492,0
-0.047709031,288.2991166,-48.83970546,0
-0.049353728,288.7926219,-49.24609018,0
-0.051147227,289.2595649,-49.65474214,0
-0.053057488,289.7074555,-50.0714823,0
-0.055057468,290.141994,-50.50195268,0
-0.0570306,290.5540035,-50.93738648,0
-0.058946846,290.9419951,-51.37545626,0
-0.060948411,291.3150517,-51.82617628,0
-0.063015056,291.670925,-52.28778088,0
-0.064908963,291.9974082,-52.74380636,0
-0.066878531,292.3074697,-53.21105084,0
-0.068927382,292.6002395,-53.68921517,0
-0.070795784,292.8706508,-54.17045721,0
-0.072511034,293.1195518,-54.65565105,0
-0.074267929,293.3495537,-55.15005252,0
-0.076067468,293.5598388,-55.65312646,0
-0.077183636,293.7480132,-56.15972416,0
-0.078246955,293.9151842,-56.67320362,0
-0.079318037,294.0608988,-57.19318882,0
-0.080220803,294.1845704,-57.71871036,0
-0.080516612,294.2856407,-58.2485226,0
-0.080812597,294.363816,-58.78222102,0
-0.081108646,294.4188409,-59.31883442,0
-0.080874881,294.4491813,-59.85741455,0
-0.080142907,294.4558212,-60.39677775,0
-0.07940867,294.4390404,-60.93589031,0
-0.07867241,294.3990963,-61.47375995,0
-0.077291793,294.3355393,-62.01558983,0
-0.075780206,294.248678,-62.55564831,0
-0.074291966,294.1391484,-63.09154855,0
-0.072745312,294.0071252,-63.62438594,0
-0.070712793,293.8498622,-64.16366046,0
-0.068732593,293.6708114,-64.69606106,0
-0.066803414,293.4708168,-65.22092145,0
-0.064762534,293.2466601,-65.74705434,0
-0.062651136,292.9989327,-66.27191986,0
-0.060605517,292.7317257,-66.78708604,0
-0.058603603,292.4453393,-67.29344148,0
-0.056395426,292.1307648,-67.80636267,0
-0.054265781,291.798456,-68.30789948,0
-0.052211562,291.4494214,-68.79787255,0
-0.050321549,291.0745577,-69.28947756,0
-0.04854002,290.6798219,-69.77415139,0
-0.046825908,290.2701648,-70.24618936,0
-0.045114811,289.8375117,-70.71304408,0
-0.043402806,289.3820885,-71.17611557,0
-0.041758426,288.9136213,-71.62583624,0
-0.040237736,288.4263067,-72.0683361,0
-0.038883782,287.9148193,-72.50816702,0
-0.03758324,287.3919361,-72.93424175,0
-0.036333123,286.8507688,-73.35143322,0
-0.035131439,286.2851434,-73.76337647,0
-0.033976935,285.7097165,-74.16131578,0
-0.032889744,285.1154648,-74.55177279,0
-0.031870874,284.5006134,-74.93535123,0
-0.03089117,283.8759479,-75.30251091,0
-0.029948508,283.2290566,-75.66382874,0
-0.029041608,282.5671568,-76.01497599,0
-0.028168962,281.8971731,-76.35017557,0
-0.027272235,281.1988276,-76.68062256,0
-0.02640729,280.4931537,-76.99726,0
-0.025584012,279.7729299,-77.30098026,0
-0.024808635,279.0320346,-77.595928,0
-0.02406208,278.285703,-77.87651495,0
-0.023288757,277.515412,-78.14709802,0
-0.022531558,276.7361263,-78.40538767,0
-0.021806471,275.9441024,-78.64986747,0
-0.021115764,275.1330304,-78.88467904,0
-0.020450574,274.3177431,-79.10392665,0
-0.019752907,273.4774802,-79.31437596,0
-0.019078026,272.6323746,-79.5097312,0
-0.018405361,271.7703775,-79.69412303,0
-0.017743771,270.8965361,-79.86490682,0
-0.017088333,270.0125847,-80.02388522,0
-0.01642239,269.1110393,-80.16971794,0
-0.015774748,268.2047313,-80.3028615,0
-0.015104394,267.2765621,-80.42471246,0
-0.014459862,266.3467898,-80.53255436,0
-0.013787597,265.3935391,-80.63008559,0
-0.013139782,264.4382858,-80.71403889,0
-0.012462236,263.4622629,-80.78667792,0
-0.011802628,262.4821681,-80.84738311,0
-0.011122078,261.4828699,-80.89715732,0
-0.01045737,260.4783458,-80.93460447,0
-0.009765273,259.45502,-80.961553,0
-0.009087268,258.4264341,-80.97781906,0
-0.008382621,257.3782241,-80.98394058,0
-0.007696011,256.3257014,-80.98008734,0
-0.006976524,255.2515653,-80.9663096,0
-0.006280477,254.1747872,-80.94367228,0
-0.00554807,253.0738548,-80.9122995,0
-0.004841561,251.9689214,-80.8732043,0
-0.004134279,250.8436366,-80.82647996,0
-0.003441976,249.7092149,-80.77319013,0
-0.002753599,248.5594053,-80.71376503,0
-0.002149018,247.3942769,-80.64892739,0
-0.001604103,246.2198226,-80.57978352,0
-0.001074671,245.0231062,-80.50629088,0
-0.000619669,243.8188601,-80.43001935,0
-0.000369527,242.5953189,-80.35092858,0
-0.000141069,241.3584067,-80.26995898,0
6.91E-05,240.1110281,-80.18774855,0
0.000138745,238.8414662,-80.10387923,0
0.000191139,237.5624756,-80.0194819,0
0.000230276,236.2685834,-79.93432747,0
0.000243276,234.9567874,-79.84832653,0
0.000248677,233.6346133,-79.76204182,0
0.000251743,232.296039,-79.67511132,0
0.000253192,230.9411325,-79.58759073,0
0.000254089,229.5751483,-79.49981205,0
0.000254966,228.1935746,-79.41151366,0
0.000255859,226.7950636,-79.32263103,0
0.000256738,225.3849546,-79.23350811,0
0.000257614,223.9619147,-79.14409616,0
0.000258532,222.5195682,-79.05398954,0
0.000259443,221.065239,-78.96368857,0
0.000260347,219.5986166,-78.87317169,0
0.000261272,218.1159125,-78.78223078,0
0.000262214,216.6174327,-78.69090909,0
0.000263153,215.1064385,-78.59940844,0
0.00026409,213.5827026,-78.50775492,0
0.000265047,212.043118,-78.41576654,0
0.000266019,210.488015,-78.32347957,0
0.000266992,208.9200621,-78.23108226,0
0.000267967,207.3390956,-78.13858868,0
0.000268943,205.7449727,-78.04599707,0
0.00026995,204.1333275,-77.9530766,0
0.000270959,202.5085052,-77.86010206,0
0.000271971,200.8705232,-77.76709679,0
0.000272988,199.2192789,-77.67408277,0
0.000274009,197.5546847,-77.58106619,0
0.000275047,195.8748097,-77.48796151,0
0.000276098,194.1802566,-77.39482619,0
0.000277153,192.4724179,-77.3017598,0
0.000278214,190.7512336,-77.20878099,0
0.000279282,189.0166535,-77.11590916,0
0.000280355,187.2686364,-77.02316445,0
0.000281436,185.5071491,-76.9305676,0
0.00028253,183.7310945,-76.83808415,0
0.000283636,181.9407212,-76.74575892,0
0.000284756,180.1370059,-76.65366474,0
0.000285909,178.3199318,-76.56181981,0
0.000287071,176.4894881,-76.47024681,0
0.000288239,174.6456692,-76.37896892,0
0.000289416,172.7884745,-76.28801752,0
0.000290601,170.9179076,-76.19742555,0
0.000291795,169.0339778,-76.10720297,0
0.000292997,167.1366977,-76.01737444,0
0.000294207,165.226082,-75.92799298,0
0.000295426,163.3021513,-75.83906133,0
0.000296654,161.3649281,-75.750607,0
0.000297891,159.4144366,-75.66268355,0
0.000299136,157.4507002,-75.57528633,0
0.000300392,155.4735282,-75.48846477,0
0.000301656,153.483275,-75.40223884,0
0.000302928,151.4799699,-75.31665641,0
0.00030421,149.463646,-75.23173111,0
0.000305499,147.4343366,-75.14751187,0
0.000306798,145.3920789,-75.06400351,0
0.000308106,143.3367033,-74.98126495,0
0.000309424,141.2683209,-74.89929493,0
0.00031075,139.1870406,-74.81814828,0
0.000312086,137.092908,-74.7378567,0
0.00031343,134.9859702,-74.65843773,0
0.000314784,132.8662741,-74.57993982,0
0.000316147,130.7338683,-74.50239733,0
0.000317519,128.5888025,-74.42583014,0
0.0003189,126.4311269,-74.35027347,0
0.000320291,124.2608918,-74.27577303,0
0.00032169,122.0781489,-74.20236204,0
0.000323098,119.8829506,-74.13006584,0
0.000324516,117.6753495,-74.05892013,0
0.000325943,115.4553988,-73.98896071,0
0.00032738,113.2231521,-73.92022349,0
0.000328831,110.9775737,-73.85271185,0
0.000330292,108.719713,-73.78649344,0
0.000331762,106.4496908,-73.72160663,0
0.000333243,104.1675635,-73.65808821,0
0.000334733,101.8733881,-73.5959739,0
0.000336234,99.56722168,-73.53530126,0
0.000337744,97.24912133,-73.47610678,0
0.00033927,94.91825029,-73.41840525,0
0.000340808,92.57500067,-73.36224373,0
0.000342358,90.21997198,-73.30767313,0
0.000343919,87.85322296,-73.25473071,0
0.000345491,85.47481241,-73.20345381,0
0.000347076,83.08479914,-73.15387982,0
0.000348681,80.68172623,-73.10601789,0
0.0003503,78.26705724,-73.05995585,0
0.000351932,75.84095158,-73.01571441,0
0.000353579,73.40346882,-72.97333145,0
0.00035524,70.95447656,-72.93284233,0
0.000356931,68.49268169,-72.89429598,0
0.000358637,66.01968199,-72.85772763,0
0.000360364,63.53553743,-72.82317561,0
0.000362112,61.04030739,-72.79071399,0
0.000363893,58.53253609,-72.76033446,0
0.000365702,56.01349069,-72.73209966,0
0.000367537,53.48353687,-72.70607829,0
0.000369413,50.94273499,-72.68227572,0
0.000371331,48.38936352,-72.6607628,0
0.000373298,45.82515716,-72.64155829,0
0.000375309,43.25028262,-72.62474167,0
0.000377382,40.66412043,-72.6103211,0
0.000379522,38.06615264,-72.59837379,0
0.000381726,35.45769959,-72.58891297,0
0.000384021,32.83882127,-72.5820345,0
0.000386402,30.20761758,-72.57773369,0
0.000388882,27.56609735,-72.57609435,0
0.000391449,24.91433729,-72.57715628,0
0.000394144,22.25074388,-72.58095473,0
0.000396942,19.57668434,-72.5875767,0
0.000399831,16.89257275,-72.59704574,0
0.000402876,14.19681322,-72.60941736,0
0.000406009,11.4907577,-72.6247635,0
0.000409241,8.774840526,-72.64313114,0
0.000412591,6.047190672,-72.66457849,0
0.000416022,3.309697411,-72.68915319,0
0.000419547,0.562141769,-72.71692666,0
0.00042315,-2.196681463,-72.74797798,0
0.000426821,-4.965040088,-72.78233719,0
0.000430561,-7.743988721,-72.82008073,0
0.000434357,-10.53328961,-72.86127203,0
0.000438199,-13.33192883,-72.9059619,0
0.000442096,-16.14187202,-72.95424891,0
0.00044603,-18.96105597,-73.00616746,0
0.000450005,-21.7904211,-73.06180769,0
0.000454015,-24.62988156,-73.12123285,0
0.000458052,-27.47854747,-73.18449202,0
0.000462127,-30.3380111,-73.25169106,0
0.000466222,-33.2063362,-73.32285756,0
0.000470352,-36.08502849,-73.39809967,0
0.000474502,-38.97293742,-73.47746147,0
0.000478678,-41.87049736,-73.56103183,0
0.000482878,-44.77770507,-73.64888735,0
0.000487096,-47.69396192,-73.74108023,0
0.000491343,-50.62017924,-73.83771437,0
0.000495604,-53.55494917,-73.93881934,0
0.000499893,-56.49988228,-74.04452629,0
0.000504194,-59.45304277,-74.15484349,0
0.000508525,-62.41631956,-74.26991759,0
0.000512866,-65.38775143,-74.38977017,0
0.000517234,-68.36897819,-74.51453967,0
0.000521614,-71.35837799,-74.64422742,0
0.000526019,-74.35733281,-74.77897164,0
0.000530436,-77.3643931,-74.91879646,0
0.000534877,-80.38084022,-75.06386677,0
0.000539329,-83.40524808,-75.21416436,0
0.000543807,-86.43894509,-75.36983539,0
0.000548294,-89.48038457,-75.53092158,0
0.000552806,-92.53107461,-75.69756188,0
0.000557328,-95.58928859,-75.86973249,0
0.000561874,-98.65664672,-76.04765421,0
0.000566422,-101.7161112,-76.23036745,0
0.000570953,-104.7389238,-76.416098,0
0.000575463,-107.7392017,-76.60563237,0
0.000579928,-110.7142544,-76.79870214,0
0.000584355,-113.6668256,-76.99539346,0
0.000588716,-116.5942784,-77.19545422,0
0.000593014,-119.4998117,-77.39902209,0
0.000597283,-122.379837,-77.60576705,0
0.000601622,-125.2386483,-77.81591216,0
0.000605875,-128.0718334,-78.02905339,0
0.000609948,-130.8834291,-78.24540566,0
0.000613866,-133.6712434,-78.46471937,0
0.00061791,-136.4358377,-78.68694836,0
0.000622065,-139.1791243,-78.91215942,0
0.000626119,-141.8969507,-79.13992561,0
0.00063002,-144.5936427,-79.37056356,0
0.000633932,-147.267929,-79.60383527,0
0.000637949,-149.9181539,-79.83950125,0
0.000641921,-152.5472814,-80.07780092,0
0.000645777,-155.1540921,-80.31848025,0
0.000649495,-157.7370926,-80.56134629,0
0.000653277,-160.2990487,-80.80656336,0
0.000657099,-162.8399595,-81.05405543,0
0.000660887,-165.3563116,-81.30337917,0
0.000664562,-167.8515507,-81.5548249,0
0.000668214,-170.3258129,-81.80827189,0
0.000671867,-172.7787093,-82.06363997,0
0.00067555,-175.2077727,-82.32058704,0
0.00067918,-177.6159411,-82.57930688,0
0.000682777,-180.0032203,-82.8397254,0
0.000686385,-182.3696171,-83.10176765,0
0.000690025,-184.7138959,-83.36524419,0
0.00069365,-187.0358544,-83.63001578,0
0.0006972,-189.3370464,-83.89617591,0
0.000700694,-191.6174853,-84.16364743,0
0.000704145,-193.8771861,-84.43235223,0
0.000707583,-196.1161649,-84.70221132,0
0.000710975,-198.3343836,-84.97313807,0
0.00071431,-200.5300645,-85.24484661,0
0.000717582,-202.7051959,-85.51749925,0
0.000720825,-204.859807,-85.79100088,0
0.000724086,-206.9939277,-86.06527008,0
0.000727315,-209.1075903,-86.34022501,0
0.000730502,-211.2008209,-86.61585234,0
0.000733631,-213.2736643,-86.89201529,0
0.000736707,-215.3261618,-87.16863057,0
0.000739739,-217.3583453,-87.4457056,0
0.000742729,-219.3702746,-87.72307006,0
0.000745683,-221.3619888,-88.00073364,0
0.000748567,-223.3335521,-88.27855431,0
0.000751395,-225.2850129,-88.5565369,0
0.000754144,-227.2164465,-88.83453014,0
0.000756819,-229.1279093,-89.11255508,0
0.000759412,-231.0194851,-89.39048278,0
0.000761882,-232.8912559,-89.6682428,0
0.000764234,-234.7433,-89.94583713,0
0.000766103,-236.5757206,-90.22315615,0
0.000767461,-238.3886227,-90.50013562,0
0.000766541,-240.182121,-90.7767222,0
0.000760877,-241.9563434,-91.05286267,0
0.00075029,-243.7114282,-91.32851933,0
0.000727634,-245.4475401,-91.60360444,0
0.000695263,-247.1626253,-91.87767239,0
0.000650579,-248.8580233,-92.15078872,0
0.00059731,-250.5346632,-92.42293318,0
0.000538472,-252.1927588,-92.69394378,0
0.000476028,-253.8325407,-92.96365213,0
0.00041144,-255.4542546,-93.23190012,0
0.000346665,-257.0575755,-93.4983907,0
0.000278076,-258.638676,-93.76226823,0
0.000201182,-260.202044,-94.02406991,0
0.000104741,-261.747978,-94.28364019,0
-2.53E-05,-263.2767931,-94.54087368,0
-0.00021252,-264.7871307,-94.79523824,0
-0.000474677,-266.2753357,-95.04577515,0
-0.000835898,-267.7467293,-95.29306703,0
-0.001278204,-269.2016842,-95.53648889,0
-0.001772438,-270.6387986,-95.77510417,0
-0.002375499,-272.0518673,-96.00704074,0
-0.002998213,-273.4483652,-96.2325865,0
-0.003635884,-274.8288573,-96.45081683,0
-0.004290281,-276.1851386,-96.65935329,0
-0.004934898,-277.5205726,-96.85793612,0
-0.005582153,-278.8406977,-97.04637914,0
-0.00621631,-280.1387964,-97.2229333,0
-0.006837913,-281.4167031,-97.38731989,0
-0.007463685,-282.6824797,-97.53995673,0
-0.008070875,-283.9268848,-97.6787909,0
-0.008673942,-285.1554772,-97.8042662,0
-0.009284674,-286.3744829,-97.91652401,0
-0.009866276,-287.5683514,-98.01374283,0
-0.010458991,-288.7536843,-98.09701701,0
-0.011048593,-289.9233815,-98.1654291,0
-0.011628079,-291.0766108,-98.21870422,0
-0.012215792,-292.2221921,-98.25696878,0
-0.012791035,-293.3445666,-98.27948506,0
-0.013380607,-294.4612179,-98.28654857,0
-0.01395657,-295.558405,-98.27783713,0
-0.014542445,-296.645912,-98.25325432,0
-0.015129762,-297.7185797,-98.21277827,0
-0.015722493,-298.7776332,-98.15636315,0
-0.016323626,-299.825295,-98.08374616,0
-0.016923193,-300.8563674,-97.99455284,0
-0.017533411,-301.8783193,-97.8888762,0
-0.018157688,-302.8819348,-97.76768195,0
-0.018802361,-303.8776981,-97.62979648,0
-0.019435663,-304.8541647,-97.4758698,0
-0.020081931,-305.8228297,-97.3044818,0
-0.020793202,-306.7727993,-97.11815282,0
-0.021542331,-307.7143513,-96.91449035,0
-0.022286943,-308.638205,-96.69431916,0
-0.023043718,-309.552238,-96.45741783,0
-0.023848263,-310.4510914,-96.20409909,0
-0.024691483,-311.33788,-95.93279891,0
-0.02551277,-312.2123433,-95.64512261,0
-0.026303554,-313.0726638,-95.33899317,0
-0.027081607,-313.9228479,-95.01465081,0
-0.02780061,-314.758407,-94.67294703,0
-0.028494714,-315.5846622,-94.31042528,0
-0.028852902,-316.3990167,-93.93014741,0
-0.029212935,-317.2024408,-93.52732372,0
-0.029354177,-318.0161595,-93.0942812,0
-0.029448236,-318.8203385,-92.63746406,0
-0.02888836,-319.6352966,-92.14442754,0
-0.028070429,-320.4472216,-91.6229299,0
-0.027040101,-321.2864404,-91.04950948,0
-0.025907463,-322.1393331,-90.4296165,0
-0.024034768,-323.02093,-89.74998779,0
-0.021864937,-323.9135553,-89.02008316,0
-0.019607721,-324.7748207,-88.2751604,0
-0.017223415,-325.6138893,-87.51203344,0
-0.014770182,-326.4160391,-86.74922681,0
-0.012266516,-327.1968415,-85.97784705,0
-0.00988069,-327.9445178,-85.21503383,0
-0.007473289,-328.6724573,-84.45275224,0
-0.005154383,-329.3783368,-83.69823055,0
-0.002865656,-330.066043,-82.95075853,0
-0.000619125,-330.7381249,-82.21272316,0
0.001573908,-331.3947828,-81.48777831,0
0.003735344,-332.0391483,-80.77557884,0
0.005859583,-332.6705874,-80.07952373,0
0.007936156,-333.2899672,-79.40163876,0
0.010020952,-333.9016184,-78.73948745,0
0.011969952,-334.4975158,-78.1034919,0
0.014052717,-335.0951562,-77.47671388,0
0.015925969,-335.6724882,-76.88363071,0
0.017958549,-336.256492,-76.29769334,0
0.019832343,-336.8255368,-75.74088731,0
0.021740718,-337.3955117,-75.20009932,0
0.023713862,-337.9656038,-74.67492852,0
0.02558293,-338.5224802,-74.17883634,0
0.027589128,-339.0883942,-73.69355757,0
0.029532356,-339.6442392,-73.23424537,0
0.031484317,-340.1975889,-72.7945403,0
0.033572583,-340.7601184,-72.36712029,0
0.035521101,-341.3058972,-71.97183275,0
0.037550514,-341.8557127,-71.59195437,0
0.039716547,-342.4140654,-71.22521808,0
0.041944684,-342.9522134,-70.8904,0
0.044309892,-343.4959529,-70.57070202,0
0.046830284,-344.0476889,-70.26547663,0
0.049180512,-344.5811545,-69.9896636,0
0.051597907,-345.1159572,-69.73242224,0
0.054168374,-345.6579084,-69.49115171,0
0.057012216,-346.190908,-69.27292626,0
0.060135615,-346.714514,-69.07712451,0
0.063444402,-347.2439391,-68.89814169,0
0.066952314,-347.7789451,-68.73716789,0
0.070155438,-348.3124869,-68.5975472,0
0.073354577,-348.8507172,-68.47774663,0
0.076554409,-349.3931663,-68.37887203,0
0.07923747,-349.9314514,-68.30323497,0
0.081049023,-350.4587255,-68.25148136,0
0.082930158,-350.9875692,-68.22179762,0
0.084884478,-351.5170674,-68.21474702,0
0.085911588,-352.0422269,-68.23068817,0
0.086381308,-352.5638188,-68.26960896,0
0.086848393,-353.0831676,-68.33169563,0
0.087312738,-353.5992313,-68.41698519,0
0.085182661,-354.1109577,-68.52544582,0
0.082462888,-354.617317,-68.65687301,0
0.079740974,-355.1174207,-68.81058243,0
0.077017268,-355.6097692,-68.98759277,0
0.073617103,-356.1093928,-69.19081199,0
0.070336289,-356.6002536,-69.41446069,0
0.06717509,-357.0818435,-69.65726482,0
0.063855834,-357.559308,-69.92096851,0
0.059859345,-358.0430584,-70.21169384,0
0.05604509,-358.516014,-70.5195024,0
0.052403214,-358.9782738,-70.84300753,0
0.049160468,-359.4457705,-71.19272172,0
0.046203666,-359.9103832,-71.56292029,0
0.043400518,-360.363917,-71.94641441,0
0.040691044,-360.812471,-72.34723838,0
0.037971496,-361.2684882,-72.77646228,0
0.035402933,-361.7133888,-73.21698648,0
0.03297517,-362.1469009,-73.66851019,0
0.030940126,-362.5928472,-74.15442551,0
0.029022683,-363.0284362,-74.64975934,0
0.027212646,-363.4539614,-75.15353168,0
0.02520193,-363.8895521,-75.68938508,0
0.023279591,-364.3171558,-76.23537668,0
0.021468519,-364.7341796,-76.78925441,0
0.019596501,-365.1621151,-77.37724891,0
0.017833556,-365.5817009,-77.9719731,0
0.016113974,-365.9966774,-78.57750773,0
0.01423121,-366.4185159,-79.21315309,0
0.012466086,-366.8329775,-79.8533641,0
0.010660042,-367.250718,-80.51328198,0
0.008833375,-367.6701827,-81.19256189,0
0.007124917,-368.0843911,-81.87477622,0
0.005194304,-368.5115368,-82.59024441,0
0.003381792,-368.9350532,-83.3090739,0
0.001501331,-369.3650175,-84.04610683,0
-0.000416268,-369.8014095,-84.79925471,0
-0.00225645,-370.2399732,-85.55840691,0
-0.004197364,-370.6931011,-86.34203649,0
-0.00600869,-371.1476382,-87.12454631,0
-0.007994593,-371.6202529,-87.9311352,0
-0.009876473,-372.0983886,-88.73651895,0
-0.011523971,-372.5932681,-89.55616233,0
-0.013046841,-373.0988684,-90.37644242,0
-0.014512684,-373.6218993,-91.20345369,0
-0.015922358,-374.1593829,-92.03000511,0
-0.016935931,-374.714574,-92.85806038,0
-0.017705423,-375.2866223,-93.68293361,0
-0.018303264,-375.878385,-94.50482753,0
-0.018789396,-376.4880573,-95.32078971,0
-0.018989983,-377.1173947,-96.13150752,0
-0.019025434,-377.7649175,-96.93369174,0
-0.018921458,-378.4331996,-97.72869247,0
-0.018753253,-379.119751,-98.512832,0
-0.018480238,-379.8270259,-99.28949643,0
-0.018175666,-380.5512405,-100.054238,0
-0.017826218,-381.2967324,-100.8115399,0
-0.017473481,-382.0579239,-101.5556776,0
-0.017101585,-382.8411131,-102.2928145,0
-0.016735433,-383.6395563,-103.0156677,0
-0.016376316,-384.4594554,-103.7310691,0
-0.016021531,-385.2943266,-104.4332754,0
-0.015664503,-386.1489667,-105.1264897,0
-0.015314995,-387.0196288,-105.8076639,0
-0.014973068,-387.9079894,-106.4782406,0
-0.014633223,-388.8137992,-107.1380652,0
-0.014297172,-389.7348354,-107.7856233,0
-0.013963666,-390.6751527,-108.4238261,0
-0.013636233,-391.6282387,-109.0483372,0
-0.01331358,-392.6020242,-109.6644539,0
-0.012995663,-393.5886729,-110.2672239,0
-0.012678968,-394.59276,-110.8596054,0
-0.012369084,-395.6123775,-111.4405142,0
-0.012066019,-396.6457502,-112.0090845,0
-0.011759608,-397.697755,-112.5680835,0
-0.011458249,-398.7615076,-113.1139128,0
-0.011162208,-399.8432605,-113.6499488,0
-0.010868005,-400.9386419,-114.1740601,0
-0.010575725,-402.0475338,-114.6860253,0
-0.010289234,-403.174271,-115.1880259,0
-0.010007471,-404.3122646,-115.6774607,0
-0.009725609,-405.4667366,-116.1567476,0
-0.009445665,-406.6352495,-116.6249536,0
-0.009169345,-407.8148386,-117.0810688,0
-0.008890765,-409.0135033,-117.5275997,0
-0.008613941,-410.2233613,-117.9623673,0
-0.008337567,-411.4458334,-118.3861709,0
-0.008061667,-412.685374,-118.8006916,0
-0.00778763,-413.9360875,-119.2032184,0
-0.007512442,-415.2003256,-119.5956586,0
-0.007236753,-416.4804019,-119.9788941,0
-0.006962598,-417.7716236,-120.3508952,0
-0.006686988,-419.0764326,-120.7133088,0
-0.00640923,-420.3969167,-121.0669565,0
-0.006132479,-421.7286486,-121.4100995,0
-0.005855149,-423.0730006,-121.7443102,0
-0.005573753,-424.4340706,-122.0701453,0
-0.005292901,-425.8064269,-122.3869756,0
-0.005012491,-427.1902243,-122.6949735,0
-0.004726574,-428.5914733,-122.9958407,0
-0.004440295,-430.0049657,-123.2887256,0
-0.00415388,-431.4301968,-123.5739627,0
-0.003864823,-432.8695482,-123.8522665,0
-0.003571847,-434.3247846,-124.1246834,0
-0.00327813,-435.7922121,-124.390381,0
-0.002983531,-437.2719102,-124.6504071,0
-0.00268534,-438.7670019,-124.9054786,0
-0.002384148,-440.2774048,-125.1560567,0
-0.002082213,-441.8005201,-125.4024453,0
-0.001781774,-443.3365544,-125.6451121,0
-0.001487593,-444.88692,-125.8847787,0
-0.00119192,-446.4540859,-126.1226279,0
-0.000932149,-448.0344086,-126.358709,0
-0.000697497,-449.6279845,-126.5936793,0
-0.000486291,-451.2349099,-126.8280648,0
-0.000343381,-452.8565116,-127.0627372,0
-0.000230239,-454.4939368,-127.2983756,0
-0.00015894,-456.1445417,-127.53496,0
-0.000115773,-457.808373,-127.7727857,0
-8.98E-05,-459.4854787,-128.0120483,0
-7.65E-05,-461.1759057,-128.2528712,0
-7.01E-05,-462.8804427,-128.4954357,0
-6.56E-05,-464.6001624,-128.7399284,0
-6.24E-05,-466.3330942,-128.9860839,0
-5.94E-05,-468.0792773,-129.2339169,0
-5.67E-05,-469.8387434,-129.483438,0
-5.41E-05,-471.6115172,-129.7346556,0
-5.17E-05,-473.3976168,-129.9875772,0
-4.94E-05,-475.1970544,-130.2422064,0
-4.72E-05,-477.0098363,-130.4985496,0
-4.51E-05,-478.8366645,-130.7567114,0
-4.31E-05,-480.677333,-131.0166666,0
-4.11E-05,-482.5311899,-131.2783262,0
-3.93E-05,-484.3982316,-131.5416905,0
-3.74E-05,-486.2784494,-131.8067664,0
-3.57E-05,-488.1718313,-132.0735559,0
-3.40E-05,-490.0783624,-132.3420555,0
-3.24E-05,-491.9980234,-132.6122717,0
-3.08E-05,-493.9307928,-132.8842032,0
-2.92E-05,-495.8766462,-133.1578492,0
-2.77E-05,-497.8355563,-133.4332126,0
-2.62E-05,-499.8074944,-133.7102885,0
-2.48E-05,-501.7924282,-133.9890815,0
-2.34E-05,-503.7903251,-134.2695855,0
-2.20E-05,-505.8011489,-134.551804,0
-2.07E-05,-507.8248634,-134.8357321,0
-1.94E-05,-509.8614295,-135.1213707,0
-1.81E-05,-511.9108074,-135.4087174,0
-1.68E-05,-513.9729559,-135.6977694,0
-1.56E-05,-516.0478323,-135.9885267,0
-1.43E-05,-518.1353932,-136.280986,0
-1.31E-05,-520.2355939,-136.5751454,0
-1.20E-05,-522.3483886,-136.8710038,0
-1.08E-05,-524.473731,-137.168559,0
-9.68E-06,-526.6115741,-137.4678072,0
-8.57E-06,-528.7618697,-137.7687475,0
-7.49E-06,-530.9254625,-138.0715028,0
-6.41E-06,-533.1014659,-138.3759532,0
-5.37E-06,-535.289814,-138.6820942,0
-4.35E-06,-537.4904548,-138.9899229,0
-3.34E-06,-539.703336,-139.2994367,0
-2.35E-06,-541.9284049,-139.6106332,0
-1.39E-06,-544.1656084,-139.9235097,0
-4.34E-07,-546.4148935,-140.2380637,0
4.94E-07,-548.6762067,-140.5542925,0
1.41E-06,-550.9507797,-140.8723734,0
2.31E-06,-553.237335,-141.1921325,0
3.19E-06,-555.5357803,-141.5135619,0
4.05E-06,-557.8460606,-141.8366591,0
4.90E-06,-560.1681209,-142.1614213,0
5.72E-06,-562.501906,-142.4878459,0
6.54E-06,-564.8483703,-142.8160715,0
7.34E-06,-567.2069944,-143.1460307,0
8.12E-06,-569.5771931,-143.4776467,0
8.89E-06,-571.9589108,-143.810917,0
9.64E-06,-574.352092,-144.145839,0
1.04E-05,-576.7574841,-144.4825226,0
1.11E-05,-579.1751208,-144.8209778,0
1.18E-05,-581.6040642,-145.1610784,0
1.25E-05,-584.0442589,-145.5028221,0
1.32E-05,-586.4956492,-145.8462067,0
1.38E-05,-588.959921,-146.1914731,0
1.45E-05,-591.4353384,-146.5383837,0
1.51E-05,-593.9217915,-146.8869289,0
1.57E-05,-596.4192254,-147.2371054,0
1.63E-05,-598.9293119,-147.5891539,0
1.69E-05,-601.4504203,-147.9428505,0
1.75E-05,-603.9823478,-148.2981722,0
1.81E-05,-606.5254461,-148.655174,0
1.86E-05,-609.0807856,-149.0140109,0
1.91E-05,-611.6467815,-149.3744665,0
1.97E-05,-614.22338,-149.7365379,0
2.02E-05,-616.8120379,-150.1004354,0
2.06E-05,-619.4116652,-150.4660113,0
2.11E-05,-622.0217331,-150.8331954,0
2.16E-05,-624.6432462,-151.2021365,0
2.20E-05,-627.276059,-151.5728172,0
2.25E-05,-629.9191506,-151.9450995,0
2.29E-05,-632.5734124,-152.3191153,0
2.33E-05,-635.2389588,-152.6948843,0
2.37E-05,-637.9146231,-153.0722474,0
2.41E-05,-640.6014842,-153.4513632,0
2.44E-05,-643.2993081,-153.8322026,0
2.48E-05,-646.0070904,-154.2146284,0
2.51E-05,-648.7263653,-154.5988625,0
2.54E-05,-651.456009,-154.9847516,0
2.58E-05,-654.1956128,-155.3722428,0
2.61E-05,-656.9469245,-155.7615873,0
2.63E-05,-659.7079295,-156.152505,0
2.66E-05,-662.4796333,-156.5451427,0
2.68E-05,-665.262004,-156.9395007,0
2.71E-05,-668.0539137,-157.3354235,0
2.73E-05,-670.8574528,-157.733212,0
2.75E-05,-673.6704246,-158.132559,0
2.77E-05,-676.4940378,-158.5336403,0
2.79E-05,-679.3278746,-158.9364008,0
2.80E-05,-682.1715073,-159.3407836,0
2.82E-05,-685.0260103,-159.7469457,0
2.83E-05,-687.889691,-160.1546499,0
2.84E-05,-690.7645679,-160.5641874,0
2.86E-05,-693.6486129,-160.975273,0
2.86E-05,-696.5432735,-161.3881164,0
2.87E-05,-699.447484,-161.8025692,0
2.88E-05,-702.3618447,-162.2187201,0
2.88E-05,-705.2860219,-162.6365247,0
2.88E-05,-708.2199913,-163.0559825,0
2.88E-05,-711.1639366,-163.4771243,0
2.88E-05,-714.1174161,-163.8998881,0
2.88E-05,-717.0809316,-164.3243482,0
2.88E-05,-720.053817,-164.7504115,0
2.87E-05,-723.0367054,-165.1781725,0
2.86E-05,-726.0288861,-165.607531,0
2.85E-05,-729.0309511,-166.0385729,0
2.84E-05,-732.0423125,-166.4712158,0
2.83E-05,-735.0633584,-166.9055194,0
2.81E-05,-738.0937804,-167.3414381,0
2.80E-05,-741.1336134,-167.7789787,0
2.78E-05,-744.1829726,-168.218161,0
2.76E-05,-747.2413996,-168.6589168,0
2.74E-05,-750.309569,-169.1013465,0
2.71E-05,-753.3863983,-169.5452933,0
2.69E-05,-756.4732479,-169.9909535,0
2.66E-05,-759.5685478,-170.438102,0
2.63E-05,-762.6736863,-170.8869368,0
2.60E-05,-765.7874631,-171.3372869,0
2.56E-05,-768.9104013,-171.7892241,0
2.53E-05,-772.0423197,-172.2427245,0
2.49E-05,-775.1826885,-172.6977071,0
2.45E-05,-778.2988508,-173.1494386,0
2.40E-05,-781.3874631,-173.5974223,0
2.36E-05,-784.451588,-174.0420945,0
2.31E-05,-787.4938324,-174.4838213,0
2.27E-05,-790.5127383,-174.9223839,0
2.22E-05,-793.5091237,-175.3578911,0
2.17E-05,-796.4829232,-175.7903233,0
2.11E-05,-799.4339889,-176.2196502,0
2.06E-05,-802.3628019,-176.6459336,0
2.00E-05,-805.2691202,-177.0691289,0
1.94E-05,-808.1530756,-177.4892457,0
1.89E-05,-811.0152574,-177.9063611,0
1.82E-05,-813.8544946,-178.3202958,0
1.76E-05,-816.6731929,-178.7313918,0
1.70E-05,-819.4678636,-179.1391318,0
1.63E-05,-822.2425471,-179.5440965,0
1.56E-05,-824.9940498,-179.9458115,0
1.49E-05,-827.724346,-180.3445576,0
1.42E-05,-830.4339917,-180.7404074,0
1.35E-05,-833.1200871,-181.1329286,0
1.28E-05,-835.786215,-181.5226367,0
1.20E-05,-838.4308117,-181.9092968,0
1.13E-05,-841.0529675,-182.2927672,0
1.05E-05,-843.6551674,-182.673403,0
9.66E-06,-846.2360789,-183.0510042,0
8.84E-06,-848.7945725,-183.4253957,0
8.01E-06,-851.3331292,-183.7969357,0
7.15E-06,-853.8517402,-184.1656137,0
6.29E-06,-856.3470531,-184.5309343,0
5.41E-06,-858.8223084,-184.8933634,0
4.50E-06,-861.2776493,-185.2529159,0
3.59E-06,-863.7128934,-185.6095595,0
2.65E-06,-866.1252612,-185.9628798,0
1.70E-06,-868.5177609,-186.3133114,0
7.32E-07,-870.8903883,-186.6608479,0
-2.51E-07,-873.2431396,-187.0054831,0
-1.26E-06,-875.5751618,-187.3470859,0
-2.28E-06,-877.8855453,-187.6855176,0
-3.32E-06,-880.1761277,-188.0210418,0
-4.38E-06,-882.4469105,-188.3536535,0
-5.45E-06,-884.6978964,-188.6833481,0
-6.55E-06,-886.9290886,-189.0101208,0
-7.67E-06,-889.140492,-189.3339675,0
-8.80E-06,-891.3306488,-189.6546701,0
-9.94E-06,-893.5007423,-189.9723972,0
-1.11E-05,-895.6511828,-190.2872044,0
-1.22E-05,-897.7819851,-190.5990898,0
-1.34E-05,-899.8931663,-190.9080519,0
-1.46E-05,-901.9847458,-191.2140895,0
-1.59E-05,-904.0567453,-191.5172019,0
-1.71E-05,-906.1091891,-191.8173897,0
-1.84E-05,-908.1421048,-192.1146527,0
-1.97E-05,-910.1555229,-192.4089924,0
-2.11E-05,-912.1494775,-192.7004106,0
-2.24E-05,-914.1240065,-192.9889094,0
-2.38E-05,-916.0791519,-193.2744924,0
-2.53E-05,-918.0149604,-193.5571633,0
-2.67E-05,-919.9314837,-193.8369266,0
-2.82E-05,-921.8287786,-194.1137891,0
-2.98E-05,-923.7069084,-194.3877558,0
-3.13E-05,-925.5659426,-194.6588353,0
-3.30E-05,-927.405958,-194.927037,0
-3.46E-05,-929.2270392,-195.1923709,0
-3.64E-05,-931.0292798,-195.454847,0
-3.81E-05,-932.8127826,-195.7144793,0
-4.00E-05,-934.5776611,-195.9712824,0
-4.19E-05,-936.3240403,-196.2252726,0
-4.39E-05,-938.0504194,-196.4762296,0
-4.59E-05,-939.7570319,-196.724186,0
-4.81E-05,-941.4452181,-196.9693347,0
-5.04E-05,-943.1151372,-197.2116972,0
-5.49E-05,-944.7669649,-197.4512977,0
-6.47E-05,-946.4008959,-197.6881624,0
-8.36E-05,-948.0171464,-197.9223145,0
-0.000136248,-949.6114618,-198.153116,0
-0.000242798,-951.1874022,-198.3810504,0
-0.000409976,-952.7458559,-198.6061128,0
-0.000657032,-954.2870737,-198.8280733,0
-0.001008411,-955.8113407,-199.0465898,0
-0.001427112,-957.311662,-199.2601563,0
-0.001929839,-958.7943255,-199.4688669,0
-0.002476466,-960.2598148,-199.671966,0
-0.003036877,-961.7084967,-199.8685297,0
-0.003615331,-963.1309607,-200.0562798,0
-0.004189785,-964.5349124,-200.2353794,0
-0.004763871,-965.9218213,-200.4050725,0
-0.005329926,-967.2867997,-200.5640603,0
-0.005881257,-968.628849,-200.7113358,0
-0.00643353,-969.9565375,-200.8474981,0
-0.006979716,-971.2670301,-200.9715521,0
-0.007510603,-972.5549328,-201.0822778,0
-0.00804478,-973.8309863,-201.1804826,0
-0.008570757,-975.0899115,-201.2653029,0
-0.009088662,-976.3295522,-201.336275,0
-0.009612825,-977.5593167,-201.3933832,0
-0.010120989,-978.7683166,-201.4359144,0
-0.010632192,-979.9641288,-201.4640979,0
-0.011148433,-981.148445,-201.4776841,0
-0.011649776,-982.3112805,-201.4764171,0
-0.01216136,-983.4665841,-201.4601692,0
-0.012664521,-984.601208,-201.4289619,0
-0.013174233,-985.7249193,-201.3825276,0
-0.013684747,-986.8339739,-201.3208916,0
-0.014192816,-987.9265137,-201.2441791,0
-0.014708523,-989.0092978,-201.1518801,0
-0.015225169,-990.0709542,-201.04489,0
-0.015758435,-991.1266124,-200.9213099,0
-0.016272421,-992.1574328,-200.783763,0
-0.016805121,-993.1834564,-200.6298282,0
-0.01735371,-994.1852528,-200.4624604,0
-0.017918939,-995.1811527,-200.2788146,0
-0.018470075,-996.1533657,-200.0808247,0
-0.019044329,-997.1188905,-199.866618,0
-0.019652684,-998.0608873,-199.6400496,0
-0.020282438,-998.9963192,-199.3962867,0
-0.02091393,-999.9067721,-199.140175,0
-0.02156955,-1000.812223,-198.8673765,0
-0.022255714,-1001.69051,-198.5830814,0
-0.022967773,-1002.562839,-198.2814338,0
-0.023810899,-1003.412016,-197.9689783,0
-0.024702593,-1004.251136,-197.6388247,0
-0.025669831,-1005.072006,-197.296834,0
-0.02669153,-1005.878816,-196.9382226,0
-0.027697182,-1006.671753,-196.5652706,0
-0.028662194,-1007.447208,-196.1771509,0
-0.029647025,-1008.213317,-195.7713206,0
-0.03059893,-1008.968031,-195.3463671,0
-0.031549718,-1009.711879,-194.902725,0
-0.031620379,-1010.443429,-194.4390324,0
-0.031501429,-1011.162285,-193.9559544,0
-0.031358892,-1011.868669,-193.4522895,0
-0.031194645,-1012.562169,-192.9288309,0
-0.031020559,-1013.241814,-192.3861938,0
-0.0308075,-1013.908583,-191.8232403,0
-0.030595758,-1014.560218,-191.2427854,0
-0.030576715,-1015.198603,-190.6416125,0
-0.030575546,-1015.821655,-190.0239358,0
-0.030795958,-1016.42819,-189.3876025,0
-0.031146205,-1017.019362,-188.7354959,0
-0.031348893,-1017.588705,-188.0690775,0
-0.03128143,-1018.137228,-187.3940324,0
-0.031191813,-1018.665148,-186.7027215,0
-0.030832141,-1019.176491,-185.9979526,0
-0.030473938,-1019.66675,-185.2783556,0
-0.029809665,-1020.141327,-184.543425,0
-0.029059431,-1020.59543,-183.7941911,0
-0.028255844,-1021.033052,-183.030305,0
-0.02739798,-1021.452443,-182.2509122,0
-0.026576467,-1021.853698,-181.459399,0
-0.02585194,-1022.239607,-180.6501282,0
-0.025142736,-1022.605578,-179.8317078,0
-0.024436761,-1022.958493,-178.9940263,0
-0.023746707,-1023.290627,-178.1474287,0
-0.023125247,-1023.608758,-177.2843221,0
-0.022536128,-1023.908548,-176.4109968,0
-0.021959416,-1024.191997,-175.5235745,0
-0.021395699,-1024.459526,-174.6246812,0
-0.020851102,-1024.708796,-173.7140213,0
-0.020327198,-1024.942306,-172.7902534,0
-0.019817377,-1025.159233,-171.857643,0
-0.019322341,-1025.35886,-170.9102969,0
-0.018837598,-1025.541407,-169.9560044,0
-0.018356942,-1025.708583,-168.9866184,0
-0.017889677,-1025.857746,-168.0115255,0
-0.017438209,-1025.990626,-167.020934,0
-0.016995222,-1026.106478,-166.0257102,0
-0.016545785,-1026.206535,-165.0152621,0
-0.016108305,-1026.289067,-164.0004681,0
-0.01568191,-1026.354953,-162.9710931,0
-0.015262435,-1026.404138,-161.9372768,0
-0.014838017,-1026.437097,-160.8901008,0
-0.014423318,-1026.45353,-159.8377429,0
-0.014015447,-1026.45359,-158.7736735,0
-0.013624021,-1026.436792,-157.7031638,0
-0.013251067,-1026.403582,-156.6231165,0
-0.012900283,-1026.354156,-155.5348532,0
-0.012569398,-1026.288622,-154.4397049,0
-0.012355005,-1026.206781,-153.3340965,0
-0.012192265,-1026.109122,-152.224739,0
-0.012101963,-1025.994743,-151.102577,0
-0.012054978,-1025.864801,-149.9808162,0
-0.012308286,-1025.720184,-148.8656616,0
-0.012580676,-1025.561733,-147.7616329,0
-0.012897591,-1025.391152,-146.6786187,0
-0.013328444,-1025.208063,-145.6117384,0
-0.013871991,-1025.012483,-144.5598673,0
-0.014418052,-1024.804991,-143.5284905,0
-0.014977905,-1024.584289,-142.5085404,0
-0.015562685,-1024.353055,-141.511966,0
-0.016173425,-1024.108114,-140.5244379,0
-0.01677243,-1023.853413,-139.5620541,0
-0.017390603,-1023.583536,-138.6080011,0
-0.017994315,-1023.304604,-137.6797082,0
-0.018617095,-1023.011688,-136.759694,0
-0.019241372,-1022.708861,-135.865139,0
-0.019886493,-1022.39222,-134.9806291,0
-0.020516548,-1022.066993,-134.1191991,0
-0.021155809,-1021.7276,-133.2714411,0
-0.021821675,-1021.379111,-132.4432816,0
-0.022515464,-1021.019118,-131.6330529,0
-0.023223642,-1020.647688,-130.8378284,0
-0.023929307,-1020.268418,-130.0664473,0
-0.024669683,-1019.874433,-129.3036298,0
-0.025569782,-1019.476963,-128.5717979,0
-0.026510242,-1019.065084,-127.8481695,0
-0.027532334,-1018.645867,-127.1485965,0
-0.028619958,-1018.217496,-126.4649136,0
-0.029802098,-1017.775352,-125.7960889,0
-0.031204873,-1017.329033,-125.1516991,0
-0.032664702,-1016.86809,-124.5178335,0
-0.034025181,-1016.398936,-123.9068132,0
-0.035361636,-1015.919201,-123.3117012,0
-0.036731112,-1015.42434,-122.7295024,0
-0.038010567,-1014.914357,-122.1631262,0
-0.039289561,-1014.3896,-121.610394,0
-0.039918736,-1013.849096,-121.0730814,0
-0.039837461,-1013.291775,-120.5532263,0
-0.039756768,-1012.71986,-120.0494544,0
-0.039312031,-1012.131915,-119.5623563,0
-0.038807035,-1011.528324,-119.09439,0
-0.038018453,-1010.910522,-118.6426086,0
-0.036301805,-1010.275174,-118.2064262,0
-0.034610924,-1009.626623,-117.7901281,0
-0.032945422,-1008.9601,-117.3863253,0
-0.031321137,-1008.278116,-116.9988091,0
-0.029754376,-1007.585282,-116.6288583,0
-0.028453311,-1006.86939,-116.2671779,0
-0.027193846,-1006.144205,-115.9246788,0
-0.026034009,-1005.402232,-115.593235,0
-0.024962484,-1004.644753,-115.2751734,0
-0.023945601,-1003.879009,-114.9728968,0
-0.023156044,-1003.089706,-114.6792466,0
-0.022393565,-1002.294404,-114.4024896,0
-0.021672498,-1001.480566,-114.1358235,0
-0.020983148,-1000.655172,-113.8840108,0
-0.020313322,-999.8186168,-113.6446986,0
-0.019659028,-998.9642835,-113.4180328,0
-0.019027094,-998.1050918,-113.2058723,0
-0.018415329,-997.2229269,-113.0044839,0
-0.017824607,-996.3374921,-112.818533,0
-0.01721646,-995.4322225,-112.6432269,0
-0.01662157,-994.5203942,-112.4835128,0
-0.016036156,-993.5929588,-112.3354,0
-0.015465116,-992.6558876,-112.2006385,0
-0.01488953,-991.7062348,-112.0794207,0
-0.014310917,-990.7446337,-111.9705515,0
-0.013738592,-989.772797,-111.8744545,0
-0.013167396,-988.7873589,-111.7917354,0
-0.012599451,-987.793003,-111.7214773,0
-0.012023877,-986.7844923,-111.6632439,0
-0.011452587,-985.7673392,-111.6174323,0
-0.010874913,-984.7362008,-111.5842254,0
-0.010299139,-983.6957885,-111.5628331,0
-0.00971795,-982.6424593,-111.5529731,0
-0.009133348,-981.5782148,-111.5544775,0
-0.008545891,-980.502934,-111.5670806,0
-0.007950852,-979.4141077,-111.5905421,0
-0.007360796,-978.3169886,-111.6244728,0
-0.00675261,-977.2026863,-111.6688124,0
-0.006157274,-976.0837103,-111.7225133,0
-0.005546597,-974.9428595,-111.7858801,0
-0.004953242,-973.7972076,-111.8575882,0
-0.004357336,-972.6332855,-111.9378624,0
-0.003785692,-971.4589764,-112.0256613,0
-0.00323746,-970.2725225,-112.1205773,0
-0.002743273,-969.068426,-112.2224075,0
-0.002284588,-967.8569435,-112.3296057,0
-0.001887965,-966.6244455,-112.4427823,0
-0.00156624,-965.3815496,-112.5604234,0
-0.001324177,-964.1263782,-112.682191,0
-0.001129588,-962.8517185,-112.8084207,0
-0.000980944,-961.5676963,-112.9378455,0
-0.000917315,-960.267616,-113.0707557,0
-0.000864051,-958.9514534,-113.2069954,0
-0.000821942,-957.6250061,-113.3459759,0
-0.000804304,-956.281579,-113.488289,0
-0.000787333,-954.9230609,-113.63369,0
-0.000771308,-953.5536134,-113.7818463,0
-0.00075691,-952.1684642,-113.933177,0
-0.000742294,-950.7671969,-114.0878144,0
-0.000727648,-949.3545243,-114.2452243,0
-0.000712925,-947.9291758,-114.4055758,0
-0.000697868,-946.4850121,-114.5695625,0
-0.00068276,-945.0291037,-114.7364267,0
-0.000667593,-943.5611533,-114.9061595,0
-0.000652235,-942.0779122,-115.0792238,0
-0.000636648,-940.5788902,-115.25561,0
-0.000620943,-939.0676362,-115.4349512,0
-0.000605128,-937.5439392,-115.6172835,0
-0.000589131,-936.0055383,-115.8028411,0
-0.000572897,-934.4512701,-115.9917829,0
-0.000556574,-932.8844671,-116.1837496,0
-0.000540154,-931.304969,-116.3787089,0
-0.000523633,-929.7126398,-116.576675,0
-0.000506862,-928.1043151,-116.7780402,0
-0.000489933,-926.4820801,-116.9825446,0
-0.000472898,-924.8470168,-117.1900636,0
-0.000455752,-923.1990233,-117.4005717,0
-0.000438488,-921.5380136,-117.6140663,0
-0.000421083,-919.8634642,-117.8305988,0
-0.000403431,-918.1732561,-118.0504278,0
-0.000385662,-916.4700877,-118.2731851,0
-0.000367771,-914.7538979,-118.4988547,0
-0.000349755,-913.0246344,-118.7274174,0
-0.000331611,-911.2822526,-118.9588505,0
-0.000313338,-909.5267157,-119.1931278,0
-0.000294932,-907.7579931,-119.4302201,0
-0.000276329,-905.9748238,-119.6702748,0
-0.000257569,-904.1780253,-119.9131373,0
-0.000238679,-902.3681549,-120.1586862,0
-0.000219657,-900.5451947,-120.4068799,0
-0.000200501,-898.7091313,-120.6576736,0
-0.000181211,-896.8599584,-120.9110359,0
-0.000161785,-894.9976702,-121.1669067,0
-0.000142223,-893.1222646,-121.4252225,0
-0.000122523,-891.2337453,-121.6859335,0
-0.000102686,-889.3321201,-121.94899,0
-8.27E-05,-887.4173949,-122.2143072,0
-6.26E-05,-885.4895837,-122.4818328,0
-4.23E-05,-883.5487001,-122.7514916,0
-2.20E-05,-881.5947601,-123.0232032,0
-1.43E-06,-879.6277846,-123.2969035,0
1.92E-05,-877.6477924,-123.5724945,0
4.00E-05,-875.6548086,-123.8499082,0
6.10E-05,-873.6488563,-124.1290416,0
8.21E-05,-871.6299634,-124.4098131,0
0.000103263,-869.5981576,-124.6921214,0
0.000124607,-867.553469,-124.9758684,0
0.000146086,-865.4959297,-125.2609533,0
0.000167697,-863.4255726,-125.5472676,0
0.000189439,-861.3424325,-125.834701,0
0.000211312,-859.2465459,-126.1231406,0
0.000233315,-857.137951,-126.4124695,0
0.000255446,-855.0166871,-126.7025647,0
0.000277703,-852.8827948,-126.9932984,0
0.000300087,-850.7363174,-127.2845458,0
0.000322595,-848.5772993,-127.5761743,0
0.000345226,-846.4057862,-127.8680469,0
0.000367979,-844.2218253,-128.1600196,0
0.000390852,-842.0254656,-128.4519454,0
0.000413898,-839.8157775,-128.7438109,0
0.000437067,-837.5936726,-129.0353481,0
0.000460355,-835.3593006,-129.3263874,0
0.000483759,-833.1127201,-129.6167678,0
0.000507278,-830.8539917,-129.906324,0
0.00053091,-828.583178,-130.1948874,0
0.000554655,-826.3003437,-130.4822853,0
0.000578521,-824.0053259,-130.7683698,0
0.00060256,-821.6972883,-131.0530716,0
0.000626706,-819.3774256,-131.3360653,0
0.000650959,-817.0458132,-131.6171628,0
0.000675318,-814.7025288,-131.8961724,0
0.000699781,-812.3476514,-132.1728924,0
0.000724369,-809.9808387,-132.4471599,0
0.000749119,-807.60152,-132.7188601,0
0.000774048,-805.2108646,-132.9876604,0
0.000799122,-802.8089644,-133.2533514,0
0.000824293,-800.3959128,-133.5157123,0
0.000849589,-797.9713201,-133.7745424,0
0.000875042,-795.5346824,-134.0297188,0
0.000900591,-793.0872031,-134.2809001,0
0.000926232,-790.6289844,-134.5278183,0
0.000951968,-788.1601363,-134.77025,0
0.000977877,-785.6793362,-135.0081293,0
0.001003822,-783.1879803,-135.2410328,0
0.001029793,-780.6863579,-135.4687244,0
0.001055854,-778.1745932,-135.6909888,0
0.001082084,-775.6513942,-135.9076072,0
0.001108414,-773.1181315,-136.1183176,0
0.001134833,-770.5751266,-136.322758,0
0.001161351,-768.0222794,-136.5207549,0
0.001188039,-765.4586247,-136.7120777,0
0.001214811,-762.8856718,-136.8963897,0
0.001241673,-760.3035615,-137.0733869,0
0.001268679,-757.7114408,-137.2429111,0
0.001295807,-755.109939,-137.4045862,0
0.001323026,-752.4997669,-137.5581972,0
0.001350359,-749.880585,-137.7033566,0
0.001377848,-747.2520552,-137.8399461,0
0.001405425,-744.6153649,-137.9675359,0
0.001433109,-741.9704688,-138.0858797,0
0.001460956,-739.3165375,-138.194786,0
0.001488893,-736.6549923,-138.2937807,0
0.001516962,-733.9858871,-138.3826943,0
0.001545808,-731.3082938,-138.4612768,0
0.001575164,-728.6236734,-138.5290658,0
0.001603035,-725.9561979,-138.5853754,0
0.001622864,-723.3207525,-138.629986,0
0.001636603,-720.7070021,-138.6630781,0
0.001646598,-718.1151639,-138.6850026,0
0.001656437,-715.5495505,-138.6957225,0
0.00166108,-713.0062876,-138.6957175,0
0.001657725,-710.4856859,-138.6849684,0
0.001646236,-707.9897815,-138.6639489,0
0.001633797,-705.5194523,-138.6329514,0
0.001621931,-703.0724269,-138.5922025,0
0.001610865,-700.648514,-138.5421851,0
0.001599428,-698.2480849,-138.4832328,0
0.001588293,-695.8733663,-138.4157308,0
0.001577538,-693.5213969,-138.3399224,0
0.001566905,-691.1920984,-138.2560905,0
0.001556399,-688.8853899,-138.1645885,0
0.001546009,-686.6011921,-138.0657113,0
0.001535791,-684.3403744,-137.9597941,0
0.001525733,-682.1032334,-137.847136,0
0.001515805,-679.8882275,-137.7279167,0
0.00150599,-677.6952723,-137.602444,0
0.001496295,-675.524284,-137.4709893,0
0.001486715,-673.3751779,-137.3338195,0
0.001477255,-671.2478691,-137.1911763,0
0.001467907,-669.1422792,-137.0431964,0
0.001458684,-667.058311,-136.8902592,0
0.001449569,-664.9958768,-136.732567,0
0.001440576,-662.9548939,-136.5702455,0
0.001431693,-660.935255,-136.4036888,0
0.001422925,-658.9368822,-136.2328942,0
0.00141427,-656.9596574,-136.058304,0
0.001405723,-655.0034993,-135.8798875,0
0.001397292,-653.0682847,-135.6980389,0
0.00138896,-651.1539133,-135.512851,0
0.001380747,-649.2602718,-135.3245009,0
0.001372631,-647.3872332,-135.1332446,0
0.001364623,-645.5346752,-134.9392267,0
0.001356714,-643.7024748,-134.7425325,0
0.001348903,-641.8904826,-134.543421,0
0.001341188,-640.0985519,-134.3420417,0
0.001333564,-638.3265264,-134.1385405,0
0.001326029,-636.5742394,-133.9330591,0
0.001318582,-634.8415123,-133.725735,0
0.001311206,-633.1281534,-133.5167011,0
0.001304033,-631.4367112,-133.3064276,0
0.001296969,-629.7654196,-133.094861,0
0.001289996,-628.1132667,-132.8820272,0
0.001283364,-626.4800218,-132.668044,0
0.001277257,-624.8654344,-132.4530228,0
0.001272391,-623.2692322,-132.2370679,0
0.001276786,-621.6950927,-132.0208112,0
0.00128557,-620.141033,-131.8040445,0
0.001330957,-618.6050631,-131.5866986,0
0.0014105,-617.0868819,-131.3688128,0
0.00150518,-615.5866024,-131.1503206,0
0.001762116,-614.111279,-130.9322776,0
0.002057722,-612.6538243,-130.7135203,0
0.002419602,-611.2140664,-130.4935747,0
0.002889552,-609.7934302,-130.2722286,0
0.003399788,-608.399707,-130.050055,0
0.003946675,-607.0245012,-129.8251226,0
0.004527299,-605.6673992,-129.5965113,0
0.005108281,-604.3389259,-129.3652838,0
0.005689471,-603.0313174,-129.1295751,0
0.006276776,-601.7403548,-128.8876509,0
0.006848459,-600.4753128,-128.6407988,0
0.007414544,-599.2296957,-128.3873455,0
0.007984922,-597.9984069,-128.125714,0
0.008534858,-596.7946046,-127.8580833,0
0.009088033,-595.6056837,-127.5813138,0
0.009639224,-594.4336497,-127.2956014,0
0.010177045,-593.2857066,-127.0024361,0
0.010724805,-592.1494629,-126.6983951,0
0.011258632,-591.0376057,-126.3865987,0
0.011796569,-589.9404967,-126.0642301,0
0.012332762,-588.8608942,-125.7318559,0
0.012867477,-587.8021613,-125.3904297,0
0.013414307,-586.7553205,-125.0369213,0
0.013941855,-585.7343607,-124.6760032,0
0.014485696,-584.7227244,-124.3018258,0
0.015032162,-583.737286,-123.9201449,0
0.01559169,-582.7626455,-123.5251895,0
0.016137667,-581.8114225,-123.1222288,0
0.016702053,-580.8732147,-122.7070237,0
0.017280076,-579.9566721,-122.283451,0
0.017869704,-579.0547513,-121.8475322,0
0.018459887,-578.174116,-121.4027139,0
0.019068675,-577.3081118,-120.9464233,0
0.01969186,-576.4634143,-120.4820972,0
0.020353525,-575.6334326,-120.0045554,0
0.021076587,-574.825563,-119.5200448,0
0.021830908,-574.030296,-119.0224432,0
0.02262894,-573.2594551,-118.5175349,0
0.023459888,-572.49903,-117.998494,0
0.0244126,-571.7639452,-117.4730822,0
0.025396641,-571.0400724,-116.932492,0
0.026391769,-570.3371905,-116.3834101,0
0.027409024,-569.6490664,-115.8193611,0
0.028179609,-568.9786703,-115.2445913,0
0.028792952,-568.3266282,-114.6554326,0
0.029340051,-567.6882136,-114.051858,0
0.029745523,-567.0670881,-113.4310974,0
0.030090484,-566.460773,-112.7958713,0
0.029651483,-565.8724883,-112.1438996,0
0.02921245,-565.300553,-111.4775635,0
0.028615497,-564.7439239,-110.7921777,0
0.027984408,-564.2039125,-110.0921005,0
0.027195627,-563.679105,-109.3746805,0
0.026271309,-563.1701623,-108.6407822,0
0.025384911,-562.6765903,-107.8925253,0
0.024574759,-562.1974616,-107.1248434,0
0.023783492,-561.734395,-106.3465636,0
0.02304274,-561.2837309,-105.5462535,0
0.022319417,-560.850024,-104.7366977,0
0.021692043,-560.4274992,-103.9070084,0
0.021092844,-560.0223821,-103.0664607,0
0.020501872,-559.6290136,-102.2085291,0
0.019923256,-559.2512757,-101.3386251,0
0.019358737,-558.8874815,-100.4529668,0
0.01880853,-558.5375554,-99.55456406,0
0.018257659,-558.2018705,-98.64235492,0
0.017705829,-557.8808028,-97.71609164,0
0.017165247,-557.573663,-96.77765222,0
0.016634733,-557.2797974,-95.82504121,0
0.016107436,-557.0010739,-94.86075156,0
0.015578484,-556.7358779,-93.8822439,0
0.015054208,-556.4846442,-92.89266286,0
0.014530833,-556.2466519,-91.88945856,0
0.01400925,-556.0224314,-90.87480682,0
0.013487638,-555.8123232,-89.84745399,0
0.012963371,-555.6153809,-88.80773056,0
0.01243961,-555.4317501,-87.75715454,0
0.011910764,-555.2607254,-86.69252613,0
0.011387065,-555.1029982,-85.61930864,0
0.010849156,-554.9572163,-84.52964314,0
0.010320357,-554.8245861,-83.43429539,0
0.009772249,-554.7031589,-82.31933688,0
0.009234034,-554.5942771,-81.1992409,0
0.008678249,-554.4963639,-80.06162244,0
0.008124505,-554.4098953,-78.91541275,0
0.007563648,-554.3341003,-77.75624321,0
0.006992777,-554.2685359,-76.58325896,0
0.006426807,-554.2130557,-75.40264766,0
0.005837129,-554.1665905,-74.20205816,0
0.005253857,-554.1291494,-72.99444085,0
0.004656426,-554.099821,-71.77081376,0
0.004051599,-554.0780817,-70.53384631,0
0.003451562,-554.0633185,-69.28830613,0
0.002823766,-554.0548379,-68.0208731,0
0.002200438,-554.0519623,-66.74441219,0
0.001571571,-554.0536022,-65.45429987,0
0.000924689,-554.0588931,-64.14569566,0
0.000280866,-554.0670738,-62.82689297,0
-0.000373357,-554.0769852,-61.49207731,0
-0.001040266,-554.0874297,-60.14054415,0
-0.00170521,-554.0973732,-58.77817015,0
-0.002379081,-554.1054339,-57.40060152,0
-0.003065194,-554.1103231,-56.00703425,0
-0.003734574,-554.1105789,-54.62194012,0
-0.004419673,-554.1050773,-53.25808657,0
-0.005078199,-554.0928817,-51.92400162,0
-0.005737274,-554.0730275,-50.60625114,0
-0.006391004,-554.0448113,-49.30600657,0
-0.007015628,-554.0077722,-48.03293476,0
-0.007643754,-553.9606288,-46.77310504,0
-0.008261269,-553.9032046,-45.53146572,0
-0.008860307,-553.8352342,-44.31184511,0
-0.009465682,-553.7556623,-43.1032322,0
-0.010048817,-553.6648418,-41.9175747,0
-0.010631528,-553.5618324,-40.74602898,0
-0.011212752,-553.446252,-39.58854264,0
-0.011775613,-553.3186154,-38.45273195,0
-0.012349365,-553.1772496,-37.32533943,0
-0.012903488,-553.0239286,-36.22247586,0
-0.013466027,-552.8565514,-35.1290556,0
-0.014014821,-552.6764045,-34.05483669,0
-0.014569349,-552.4826402,-32.99473613,0
-0.015127854,-552.2753535,-31.94969977,0
-0.015678461,-552.055111,-30.92241353,0
-0.016232657,-551.8204729,-29.90727474,0
-0.01678707,-551.5728955,-28.91267149,0
-0.017355079,-551.3106008,-27.92833159,0
-0.017915141,-551.0367806,-26.96597153,0
-0.018488672,-550.7480402,-26.0130233,0
-0.019060943,-550.4469488,-25.08312004,0
-0.019649192,-550.1309773,-24.16290003,0
-0.02024304,-549.8045538,-23.26482321,0
-0.020854135,-549.4623169,-22.37814199,0
-0.021462568,-549.109204,-21.51247798,0
-0.02208196,-548.7427737,-20.65981949,0
-0.02274547,-548.3631511,-19.82647389,0
-0.023449968,-547.9719108,-19.00909162,0
-0.0241628,-547.5670851,-18.20746802,0
-0.024872104,-547.1518168,-17.42611499,0
-0.025634224,-546.7215268,-16.65618894,0
-0.026587039,-546.2823596,-15.9102587,0
-0.027572083,-545.8273033,-15.17397996,0
-0.028506472,-545.3625433,-14.46061796,0
-0.029454057,-544.8830678,-13.75994626,0
-0.03038088,-544.3901449,-13.07667448,0
-0.031284578,-543.8842611,-12.41037482,0
-0.032144759,-543.3617614,-11.75727408,0
-0.032638428,-542.8225522,-11.11894361,0
-0.033132081,-542.2670741,-10.49474825,0
-0.033219988,-541.6938317,-9.886805102,0
-0.033173654,-541.1052652,-9.293691201,0
-0.032884772,-540.4986521,-8.718482954,0
-0.032160876,-539.8773676,-8.158092245,0
-0.031439364,-539.2393815,-7.616818161,0
-0.030357014,-538.58237,-7.08654765,0
-0.029279442,-537.9103491,-6.575044904,0
-0.028171254,-537.220528,-6.075668221,0
-0.027053463,-536.513744,-5.591854593,0
-0.0259485,-535.7931785,-5.122381217,0
-0.024832014,-535.0518036,-4.664895707,0
-0.023745614,-534.3009345,-4.223214105,0
-0.022978669,-533.526547,-3.791567089,0
-0.022256814,-532.7429664,-3.374276235,0
-0.021549722,-531.9400218,-2.969687536,0
-0.020860442,-531.1243615,-2.577407264,0
-0.02022453,-530.294037,-2.198554978,0
-0.019651494,-529.4472734,-1.831448175,0
-0.019088857,-528.590173,-1.477788348,0
-0.018522407,-527.7134336,-1.136139071,0
-0.017970631,-526.8294619,-0.808908314,0
-0.017412971,-525.9243591,-0.49141981,0
-0.016872375,-525.0136925,-0.190528746,0
-0.016336848,-524.0808494,0.101114867,0
-0.015817785,-523.1433564,0.377869865,0
-0.015288486,-522.1846798,0.643265774,0
-0.01477373,-521.2207427,0.894124328,0
-0.014262949,-520.2367378,1.134573749,0
-0.013767069,-519.2475135,1.360951314,0
-0.013254658,-518.2380952,1.575977271,0
-0.012755674,-517.2241202,1.776954196,0
-0.012252388,-516.1894607,1.967495169,0
-0.011763334,-515.1508809,2.144531076,0
-0.011256168,-514.0916786,2.311073038,0
-0.010761183,-513.0275287,2.464732202,0
-0.010257216,-511.945148,2.607588444,0
-0.009759412,-510.855167,2.7381774,0
-0.009254196,-509.750083,2.858030691,0
-0.008748573,-508.6340089,2.966875338,0
-0.008242388,-507.5066329,3.065047887,0
-0.007727804,-506.3639999,3.153177045,0
-0.007221047,-505.2146017,3.230929313,0
-0.006694217,-504.0448171,3.299620212,0
-0.006175969,-502.8687402,3.358716475,0
-0.005646866,-501.6759029,3.409256675,0
-0.005115361,-500.4712911,3.451232813,0
-0.004585267,-499.2564631,3.485261228,0
-0.004044361,-498.0224259,3.51218053,0
-0.003514291,-496.7802792,3.532308745,0
-0.002985816,-495.5211619,3.546438821,0
-0.00247256,-494.2479467,3.555153056,0
-0.001979281,-492.9653582,3.558845028,0
-0.001546905,-491.6615389,3.558501046,0
-0.001148358,-490.3466289,3.554851157,0
-0.000781812,-489.0207063,3.548464331,0
-0.000557423,-487.6732995,3.539832191,0
-0.000360074,-486.3151514,3.52976601,0
-0.000186756,-484.9457485,3.51854984,0
-0.000140498,-483.5550926,3.506479327,0
-9.98E-05,-482.153087,3.493943156,0
-6.70E-05,-480.7393231,3.481007455,0
-6.14E-05,-479.3074221,3.467717121,0
-5.68E-05,-477.8613606,3.45414561,0
-5.35E-05,-476.4031816,3.440335555,0
-5.18E-05,-474.9314195,3.426271952,0
-5.03E-05,-473.4413073,3.4119168,0
-4.87E-05,-471.9388212,3.397327344,0
-4.72E-05,-470.4237162,3.382498336,0
-4.58E-05,-468.8944543,3.367419962,0
-4.44E-05,-467.3478852,3.352059381,0
-4.30E-05,-465.7885641,3.336459457,0
-4.17E-05,-464.2163133,3.320622529,0
-4.04E-05,-462.6309767,3.304547359,0
-3.92E-05,-461.0289359,3.288196677,0
-3.79E-05,-459.4127872,3.27159566,0
-3.67E-05,-457.7835341,3.254757427,0
-3.55E-05,-456.1410651,3.237681463,0
-3.43E-05,-454.4852833,3.220367463,0
-3.32E-05,-452.8144058,3.202797419,0
-3.21E-05,-451.1285456,3.184973051,0
-3.10E-05,-449.4294269,3.166913363,0
-2.99E-05,-447.7169829,3.148618644,0
-2.88E-05,-445.9911574,3.130089384,0
-2.77E-05,-444.2519034,3.111326224,0
-2.67E-05,-442.4991825,3.092329949,0
-2.57E-05,-440.7313504,3.073083925,0
-2.47E-05,-438.9496199,3.053602526,0
-2.37E-05,-437.1545453,3.033893196,0
-2.27E-05,-435.3461056,3.013957193,0
-2.18E-05,-433.5242857,2.993795891,0
-2.08E-05,-431.6890765,2.973409161,0
-1.99E-05,-429.8404742,2.952800108,0
-1.90E-05,-427.9784797,2.93197059,0
-1.80E-05,-426.1030986,2.910922444,0
-1.72E-05,-424.2143403,2.889655805,0
-1.63E-05,-422.3122184,2.868174167,0
-1.54E-05,-420.3967497,2.84648006,0
-1.45E-05,-418.4673796,2.824567362,0
-1.37E-05,-416.5247863,2.802447141,0
-1.29E-05,-414.569024,2.780122166,0
-1.20E-05,-412.6001157,2.757593504,0
-1.12E-05,-410.6180866,2.73486569,0
-1.04E-05,-408.6229648,2.711938897,0
-9.61E-06,-406.6147802,2.688818281,0
-8.82E-06,-404.5935649,2.665504284,0
-8.04E-06,-402.5593531,2.642001849,0
-7.28E-06,-400.5121805,2.618312121,0
-6.52E-06,-398.4520844,2.594439372,0
-5.78E-06,-396.3791036,2.570386224,0
-5.04E-06,-394.2932785,2.546155496,0
-4.31E-06,-392.1945103,2.521749514,0
-3.59E-06,-390.0825495,2.497167608,0
-2.88E-06,-387.9578149,2.472417474,0
-2.18E-06,-385.8203537,2.447502979,0
-1.49E-06,-383.670214,2.422427576,0
-8.07E-07,-381.5074445,2.397194434,0
-1.31E-07,-379.3320947,2.371807517,0
5.33E-07,-377.1442143,2.346270593,0
1.19E-06,-374.9438539,2.320587397,0
1.84E-06,-372.7310643,2.294761727,0
2.48E-06,-370.5058968,2.268797441,0
3.11E-06,-368.2684031,2.242698426,0
3.74E-06,-366.0183948,2.216465903,0
4.35E-06,-363.7551849,2.190095312,0
4.96E-06,-361.4797762,2.163601825,0
5.56E-06,-359.1922229,2.136989577,0
6.15E-06,-356.8925792,2.110262761,0
6.73E-06,-354.5808995,2.083425597,0
7.31E-06,-352.2572381,2.056482349,0
7.87E-06,-349.921381,2.029434206,0
8.43E-06,-347.5724301,2.002274587,0
8.99E-06,-345.2116427,1.975021821,0
9.53E-06,-342.839074,1.947680303,0
1.01E-05,-340.4547795,1.92025447,0
1.06E-05,-338.0588144,1.892748781,0
1.11E-05,-335.6501608,1.865155418,0
1.16E-05,-333.2293557,1.83748474,0
1.21E-05,-330.7970337,1.809748018,0
1.26E-05,-328.3532504,1.781949568,0
1.31E-05,-325.898061,1.754093928,0
1.36E-05,-323.4298877,1.726167882,0
1.41E-05,-320.9502686,1.69819259,0
1.45E-05,-318.4594016,1.670174009,0
1.50E-05,-315.9573417,1.642117718,0
1.54E-05,-313.4428119,1.614012919,0
1.59E-05,-310.9166625,1.585873214,0
1.63E-05,-308.3794807,1.557710255,0
1.68E-05,-305.831321,1.529527418,0
1.72E-05,-303.2705255,1.501312285,0
1.76E-05,-300.6986376,1.473084463,0
1.80E-05,-298.115933,1.444852831,0
1.84E-05,-295.5217828,1.416613044,0
1.88E-05,-292.9156185,1.388365187,0
1.92E-05,-290.2987992,1.360126347,0
1.95E-05,-287.6713177,1.331902388,0
1.99E-05,-285.0313171,1.303676528,0
2.03E-05,-282.380823,1.27547492,0
2.06E-05,-279.7198881,1.247303453,0
2.10E-05,-277.0466989,1.219145781,0
2.13E-05,-274.3629771,1.19102502,0
2.16E-05,-271.6689746,1.162948879,0
2.26E-05,-268.9627882,1.134900396,0
2.35E-05,-266.2462903,1.106903989,0
2.45E-05,-263.5194619,1.078968931,0
2.54E-05,-260.7806565,1.051087215,0
2.64E-05,-258.0318367,1.023287759,0
2.73E-05,-255.2722417,0.995572114,0
2.82E-05,-252.5014128,0.967945145,0
2.91E-05,-249.7207262,0.940430422,0
3.00E-05,-246.9285919,0.913021907,0
3.09E-05,-244.1261962,0.885740435,0
3.18E-05,-241.3135852,0.858596093,0
3.27E-05,-238.489676,0.831588241,0
3.36E-05,-235.6561694,0.804743047,0
3.44E-05,-232.8113953,0.778054547,0
3.53E-05,-229.9566769,0.751545239,0
3.61E-05,-227.0915976,0.725221207,0
3.70E-05,-224.2158654,0.699089901,0
3.78E-05,-221.3305393,0.673171073,0
3.86E-05,-218.4339919,0.64746027,0
3.94E-05,-215.5282047,0.621985409,0
4.02E-05,-212.6113245,0.596740415,0
4.10E-05,-209.6850231,0.571750188,0
4.18E-05,-206.7481409,0.547015064,0
4.26E-05,-203.8015238,0.522554099,0
4.34E-05,-200.8447269,0.498372914,0
4.41E-05,-197.8779929,0.474483824,0
4.49E-05,-194.9013762,0.450897706,0
4.56E-05,-191.9147235,0.427623819,0
4.64E-05,-188.9183888,0.404676929,0
4.71E-05,-185.9120152,0.382065007,0
4.78E-05,-182.8960701,0.359800768,0
4.85E-05,-179.8701731,0.337891884,0
4.92E-05,-176.8347307,0.316354832,0
4.99E-05,-173.7895068,0.295196929,0
5.06E-05,-170.7346852,0.274428939,0
5.13E-05,-167.6703302,0.25406497,0
5.20E-05,-164.596252,0.234113346,0
5.26E-05,-161.5129604,0.214586075,0
5.33E-05,-158.4197521,0.195494792,0
5.39E-05,-155.3177176,0.176851944,0
5.46E-05,-152.2055094,0.158662922,0
5.52E-05,-149.0847115,0.140947656,0
5.58E-05,-145.9538493,0.123707177,0
5.64E-05,-142.8142246,0.106962435,0
5.70E-05,-139.6651601,0.090716995,0
5.76E-05,-136.5070049,0.074987478,0
5.81E-05,-133.3401216,0.059782651,0
5.87E-05,-130.1637665,0.045112707,0
5.93E-05,-126.9791549,0.030992163,0
5.98E-05,-123.7851819,0.017426614,0
6.03E-05,-121.415608,0.007751014,0
6.04E-05,-120.0047782,0.002152669,0
6.08E-05,-118.8306092,-0.002428486,0
