Curvature,X,Y
6.17E-05,0,0
-3.06E-05,3.363245548,0.010870612
-2.95E-05,6.734887579,0.02237954
-2.93E-05,10.11426454,0.033611044
-3.13E-05,13.50145945,0.044531063
-3.36E-05,16.89563261,0.055136421
-3.59E-05,20.29653612,0.065400827
-3.82E-05,23.70450253,0.075298029
-4.05E-05,27.11938248,0.084796895
-4.29E-05,30.54081445,0.093868919
-4.49E-05,33.96885352,0.102481719
-4.46E-05,37.4039009,0.110608642
-4.43E-05,40.84534385,0.118217576
-4.40E-05,44.29311809,0.125313917
-4.37E-05,47.74739616,0.131894533
-4.34E-05,51.20749397,0.137961795
-4.31E-05,54.67183792,0.143513204
-4.27E-05,58.13819791,0.148545812
-4.25E-05,61.60252777,0.153060649
-4.24E-05,65.04578252,0.157034716
-4.22E-05,68.46003728,0.160479853
-4.21E-05,71.84670479,0.163403745
-4.19E-05,75.20668364,0.165826666
-4.17E-05,78.54287883,0.167760454
-4.16E-05,81.8554663,0.169216233
-4.15E-05,85.14247663,0.170207791
-4.14E-05,88.40663514,0.170747022
-4.13E-05,91.64722058,0.170840677
-4.12E-05,94.86299498,0.170503378
-4.11E-05,98.05650591,0.169745139
-4.10E-05,101.2254178,0.16857636
-4.10E-05,104.3713221,0.167006507
-4.09E-05,107.4944345,0.165044947
-4.09E-05,110.5931951,0.162702152
-4.09E-05,113.6706037,0.159985199
-4.09E-05,116.722709,0.156906605
-4.09E-05,119.753989,0.153471102
-4.09E-05,122.7604815,0.14969179
-4.09E-05,125.7460564,0.145572309
-4.09E-05,128.7071684,0.141122735
-4.10E-05,131.6476132,0.136348972
-4.11E-05,134.5634693,0.131265514
-4.11E-05,137.4591503,0.125869617
-4.12E-05,140.3301334,0.120178141
-4.13E-05,143.1806991,0.114192844
-4.14E-05,146.0079657,0.107920576
-4.16E-05,148.8135661,0.10137225
-4.17E-05,151.5978348,0.094546451
-4.18E-05,154.3586359,0.087462095
-4.20E-05,157.0992727,0.08011119
-4.22E-05,159.8168685,0.072511933
-4.23E-05,162.5129044,0.064666621
-4.25E-05,165.1887785,0.056572809
-4.27E-05,167.8409555,0.048251538
-4.30E-05,170.4724591,0.039699146
-4.32E-05,173.0838092,0.030918893
-4.34E-05,175.6719729,0.021924022
-4.37E-05,178.2392223,0.012715288
-4.40E-05,180.7863354,0.003294997
-4.43E-05,183.3120728,-0.00632723
-4.46E-05,185.8154052,-0.016142066
-4.49E-05,188.2986297,-0.026153171
-4.52E-05,190.7617382,-0.036355668
-4.55E-05,193.2035748,-0.046739792
-4.59E-05,195.6233379,-0.057296806
-4.63E-05,198.023032,-0.068030223
-4.66E-05,200.4026523,-0.078937059
-4.70E-05,202.7621948,-0.090012407
-4.75E-05,205.1003968,-0.10124413
-4.79E-05,207.4172259,-0.112626774
-4.83E-05,209.7140559,-0.124164672
-4.88E-05,211.9908883,-0.135853715
-4.93E-05,214.2477258,-0.147686169
-4.98E-05,216.4845726,-0.159662244
-5.03E-05,218.7014346,-0.171774988
-5.09E-05,220.897382,-0.184015363
-5.14E-05,223.072649,-0.196381842
-5.20E-05,225.2280768,-0.208873118
-5.26E-05,227.363682,-0.221486326
-5.32E-05,229.4794835,-0.234218535
-5.39E-05,231.575503,-0.24706216
-5.46E-05,233.6517649,-0.260020119
-5.53E-05,235.708297,-0.27308363
-5.60E-05,237.7451298,-0.286248913
-5.67E-05,239.7622979,-0.299515326
-5.75E-05,241.7598394,-0.312879613
-5.89E-05,243.7377969,-0.326336128
-6.03E-05,245.6962176,-0.339882268
-6.05E-05,247.6351537,-0.353517169
-6.05E-05,249.554663,-0.367239514
-6.05E-05,251.4548093,-0.381044249
-6.06E-05,253.3356633,-0.394925204
-6.07E-05,255.1973029,-0.408876438
-6.09E-05,257.0398139,-0.422892321
-6.12E-05,258.8632913,-0.436967559
-6.16E-05,260.6678398,-0.451097176
-6.21E-05,262.4535751,-0.465276588
-6.27E-05,264.2191781,-0.479489878
-6.34E-05,265.9647885,-0.493732735
-6.48E-05,267.691641,-0.508010796
-6.73E-05,269.399881,-0.522325547
-7.46E-05,271.0896692,-0.536670397
-9.02E-05,272.7611825,-0.551049178
-0.000119025,274.4146147,-0.565479443
-0.000184381,276.0480274,-0.579971995
-0.000290845,277.6606947,-0.594609303
-0.000463621,279.2553829,-0.609529954
-0.000702554,280.8322617,-0.625045673
-0.001008234,282.3914958,-0.641504108
-0.001400819,283.9304744,-0.659462827
-0.001856126,285.4471532,-0.679492815
-0.002354058,286.9455938,-0.702494259
-0.002886109,288.4258903,-0.729323768
-0.003440268,289.885641,-0.760899237
-0.003992533,291.3193635,-0.797895713
-0.004546173,292.7342887,-0.841458575
-0.005100289,294.1312879,-0.892407066
-0.005642629,295.5020534,-0.951073541
-0.006180413,296.8529972,-1.018307258
-0.006718766,298.1887409,-1.094952996
-0.00724825,299.5026889,-1.181403771
-0.00776952,300.7969375,-1.278085271
-0.008292258,302.0781798,-1.385914733
-0.008807283,303.3378276,-1.504585771
-0.00931708,304.5805968,-1.634817988
-0.00982884,305.811963,-1.777571623
-0.010334396,307.0186495,-1.931560447
-0.010841299,308.2137706,-2.098596394
-0.011343577,309.3932888,-2.278419315
-0.011850526,310.5531333,-2.470652519
-0.012365588,311.7034094,-2.677392557
-0.012865341,312.8303959,-2.896075003
-0.01337719,313.9467847,-3.12910703
-0.013901487,315.0459713,-3.3752777
-0.014420712,316.1291603,-3.634839543
-0.014938968,317.2000002,-3.909308104
-0.015483425,318.250303,-4.196812763
-0.01604153,319.2922617,-4.500023089
-0.016585053,320.3106026,-4.814516814
-0.017136897,321.3208691,-5.14621381
-0.017704552,322.3095583,-5.49033008
-0.018275816,323.2884127,-5.850176388
-0.018844389,324.2476678,-6.223475213
-0.019433873,325.1951231,-6.613182272
-0.020067744,326.1249478,-7.015785268
-0.020697074,327.0418299,-7.435560788
-0.021317262,327.9418322,-7.869378496
-0.021927214,328.8292451,-8.319363277
-0.022524307,329.6996255,-8.785513978
-0.023092396,330.5578257,-9.267741084
-0.023621418,331.3992653,-9.76699875
-0.024049919,332.2278784,-10.28326878
-0.024278242,333.0400005,-10.81593249
-0.024494502,333.8385351,-11.36705266
-0.024724948,334.6214676,-11.93405759
-0.024912104,335.3898637,-12.52039481
-0.025008753,336.1435954,-13.12221036
-0.025090346,336.8812358,-13.74377305
-0.025172065,337.6039778,-14.38059623
-0.025238773,338.3102626,-15.03599961
-0.025281451,339.0010131,-15.70732822
-0.025312584,339.6749705,-16.39585983
-0.025102374,340.3322685,-17.10066729
-0.024865496,340.9727625,-17.82142691
-0.024368767,341.5965282,-18.55976845
-0.023815304,342.2040313,-19.31275887
-0.023061842,342.7954258,-20.08522204
-0.022249565,343.3712566,-20.87140478
-0.021196791,343.93212,-21.67746233
-0.020069647,344.4776021,-22.49715625
-0.018822974,345.010735,-23.33600918
-0.017538084,345.5285338,-24.18880003
-0.016126616,346.036902,-25.06020319
-0.014680918,346.5307846,-25.94534789
-0.013119271,347.017014,-26.84980437
-0.011541464,347.4925839,-27.76588326
-0.009848797,347.9617056,-28.70318982
-0.008169237,348.4220882,-29.65004981
-0.006405066,348.8809675,-30.6183394
-0.004698754,349.3312529,-31.59179029
-0.002857808,349.7805926,-32.58092788
-0.001055355,350.2221322,-33.5655505
0.000742943,350.6543925,-34.53717238
0.002548532,351.0791284,-35.49575177
0.004252265,351.4929832,-36.4273475
0.005997619,351.9031352,-37.34416756
0.007694235,352.3063524,-38.23519253
0.009416786,352.7084991,-39.11063192
0.011041629,353.1056897,-39.9577738
0.012747829,353.5055706,-40.79273083
0.014449262,353.9011312,-41.59589911
0.016235028,354.3045546,-42.39344178
0.017890865,354.7025238,-43.15448812
0.019620524,355.111276,-43.91052838
0.021397736,355.5181438,-44.63793552
0.023234374,355.9344476,-45.35155945
0.025069093,356.3567764,-46.04814521
0.026853702,356.7817901,-46.7215503
0.028677945,357.2213347,-47.38630814
0.03045485,357.6611596,-48.02132658
0.032242539,358.1136164,-48.64550297
0.034028593,358.5755905,-49.25335311
0.035797289,359.0441748,-49.83833253
0.03756382,359.5285744,-50.41109587
0.038834982,360.0192267,-50.96136067
0.039838994,360.5216315,-51.49503819
0.040710234,361.0396351,-52.01550745
0.042041127,361.5672888,-52.51587001
0.04322791,362.1118082,-52.99983536
0.043963619,362.6712831,-53.46770044
0.043689143,363.2453194,-53.91834791
0.043365721,363.8334955,-54.3510866
0.043082621,364.4364991,-54.76638203
0.042828767,365.0541061,-55.16291623
0.042530875,365.6850458,-55.53863547
0.041521793,366.3316411,-55.89719136
0.04031754,366.9902498,-56.23653822
0.0390893,367.6599565,-56.55662149
0.037950052,368.3468212,-56.86044356
0.036773147,369.0437315,-57.142012
0.035517976,369.7538289,-57.40636561
0.034177478,370.4785124,-57.65415508
0.0328345,371.2098254,-57.88299645
0.03150112,371.9597115,-58.09496073
0.030177862,372.7184692,-58.28814626
0.028909786,373.4856643,-58.46440017
0.027808132,374.2709202,-58.62616782
0.026721817,375.0602826,-58.76782069
0.025665107,375.866266,-58.89453056
0.02463433,376.6807226,-59.00553091
0.023702811,377.5025105,-59.09884903
0.023027273,378.3416759,-59.17676445
0.022366257,379.1822096,-59.23910289
0.021710946,380.0415244,-59.2846298
0.021071387,380.9047907,-59.31433818
0.020493966,381.7789711,-59.32859143
0.019974933,382.6635313,-59.32543426
0.01946524,383.5524798,-59.30763634
0.018952741,384.4569091,-59.27191092
0.018454992,385.3605988,-59.22143855
0.01798289,386.2833276,-59.15318076
0.017524293,387.204967,-59.06982141
0.017075302,388.1411777,-58.96883122
0.016638302,389.0794637,-58.85254889
0.016231765,390.0288601,-58.71855757
0.015845243,390.9825486,-58.56940797
0.015461366,391.9447716,-58.40217662
0.01508251,392.9125448,-58.21968911
0.01471184,393.8872906,-58.01951944
0.014349377,394.86783,-57.80319746
0.013990439,395.8548478,-57.57053796
0.013635517,396.846999,-57.32039312
0.013285616,397.8456505,-57.0540733
0.012941432,398.8486887,-56.77147423
0.012598956,399.8585014,-56.47109392
0.012260968,400.871202,-56.15528848
0.011923547,401.8922629,-55.82223668
0.011591722,402.9136839,-55.47324373
0.011258038,403.9452307,-55.10610947
0.010931174,404.9749315,-54.7251548
0.010598798,406.017079,-54.32506283
0.010272578,407.05744,-53.91062775
0.009944192,408.1064268,-53.47809728
0.009617847,409.1573735,-53.03051824
0.00929098,410.2130098,-52.56682047
0.008963097,411.2745946,-52.08646291
0.008639193,412.33649,-51.59210363
0.008307664,413.4087616,-51.07913307
0.007980198,414.4806899,-50.55261326
0.007649825,415.5596519,-50.00915058
0.007317805,416.6428291,-49.45045024
0.006987292,417.7276754,-48.87805075
0.006649939,418.8225883,-48.28774469
0.006314852,419.9185566,-47.68453592
0.005976022,421.0206884,-47.06595339
0.005633589,422.1295424,-46.43193276
0.005293056,423.2405093,-45.785422
0.004945073,424.3606773,-45.12246582
0.004595634,425.4859481,-44.44596763
0.004247478,426.6145524,-43.75749086
0.003889944,427.7543198,-43.05270508
0.003531703,428.8992845,-42.33573298
0.003174027,430.0489888,-41.60742347
0.002807062,431.2104863,-40.86379704
0.002438403,432.3786878,-40.10837918
0.0020696,433.5532146,-39.34247978
0.001693851,434.738998,-38.56356419
0.001313407,435.9347596,-37.77301291
0.000932175,437.1383838,-36.97292184
0.000548707,438.3514401,-36.16338425
0.00015549,439.5789711,-35.34173779
-0.000239022,440.8160128,-34.51220866
-0.000635109,442.0632992,-33.67550607
-0.001035442,443.3227917,-32.83114435
-0.001443458,444.597105,-31.97870889
-0.001853318,445.8828907,-31.12150428
-0.002265357,447.1807059,-30.26048396
-0.002679973,448.4910128,-29.39659716
-0.003102442,449.8176662,-28.52867248
-0.003527013,451.1571876,-27.66048027
-0.003953703,452.5097047,-26.7932366
-0.004382776,453.8756274,-25.92844283
-0.004814609,455.2551032,-25.06725176
-0.005251504,456.650402,-24.20993284
-0.005688975,458.0590896,-23.35974944
-0.006126568,459.4811024,-22.51801552
-0.006558542,460.9165497,-21.68653793
-0.006976848,462.365324,-20.86700339
-0.007376037,463.8274357,-20.06065093
-0.007707042,465.302589,-19.26941847
-0.007976665,466.7896759,-18.49552685
-0.008158651,468.2879739,-17.73998524
-0.008255532,469.7973434,-17.00381484
-0.008284187,471.3180328,-16.28833779
-0.008221422,472.8492446,-15.59339758
-0.008103504,474.3896774,-14.9196461
-0.007971385,475.9400134,-14.26743765
-0.007828863,477.5004885,-13.63579067
-0.007681557,479.0712664,-13.0240662
-0.007534281,480.6525514,-12.43223453
-0.007386664,482.2444095,-11.86021628
-0.007239883,483.8472278,-11.30695454
-0.007092841,485.4605568,-10.77234573
-0.006948821,487.084398,-10.25675004
-0.006806729,488.7185235,-9.759533893
-0.006666168,490.3627984,-9.280280806
-0.006528048,492.0171558,-8.818773532
-0.006390041,493.6817366,-8.375252209
-0.006244333,495.3571949,-7.948956044
-0.006097438,497.0425977,-7.539760866
-0.005947615,498.7378962,-7.14744002
-0.005796138,500.4430587,-6.771794282
-0.005645779,502.158131,-6.412964764
-0.005497703,503.8829858,-6.070239396
-0.005349528,505.6176062,-5.743364727
-0.005203537,507.3622887,-5.43203486
-0.00505703,509.11743,-5.135938286
-0.004911581,510.8823267,-4.85495281
-0.004766089,512.6570011,-4.588994382
-0.004621027,514.4414364,-4.337671867
-0.004476159,516.2356366,-4.100639134
-0.004331292,518.0396268,-3.877623792
-0.004186627,519.8534408,-3.668347326
-0.004041714,521.6771208,-3.472524457
-0.003896898,523.5107184,-3.28986302
-0.003751681,525.3542937,-3.120062663
-0.0036062,527.2086744,-2.96275195
-0.003460264,529.0731575,-2.81768972
-0.003314035,530.9478152,-2.684549898
-0.003167341,532.8327374,-2.562995239
-0.003020199,534.7280236,-2.45267834
-0.00287253,536.6337827,-2.353240997
-0.002724297,538.5501327,-2.264313931
-0.002575458,540.4771998,-2.185516304
-0.002425966,542.4151184,-2.116455326
-0.00227579,544.3640317,-2.056772916
-0.002124888,546.3240893,-2.006126723
-0.001973234,548.2954415,-1.963960125
-0.001820797,550.2782466,-1.929823732
-0.001667552,552.2726658,-1.903253961
-0.001513481,554.2788612,-1.883772745
-0.001358565,556.2969942,-1.871070488
-0.001202795,558.3272188,-1.864461379
-0.001046158,560.369683,-1.863382945
-0.000897686,562.4245235,-1.867326069
-0.000757424,564.4918605,-1.875851631
-0.000599011,566.5717951,-1.88821643
-0.000438856,568.6644027,-1.903925517
-0.000277799,570.7697295,-1.922457076
-0.000115855,572.8877918,-1.942974279
4.70E-05,575.0185676,-1.964925492
0.000210748,577.1619993,-1.987509487
0.000375414,579.3179879,-2.010010585
0.000540935,581.4863891,-2.031664989
0.000707231,583.6672146,-2.051659222
0.000890682,585.8607294,-2.069190818
0.001059814,588.0659434,-2.083388592
0.001200321,590.2825406,-2.093298691
0.00130665,592.510211,-2.098024362
0.001360325,594.7486935,-2.096822952
0.001347314,596.9978246,-2.088956506
0.001280864,599.2575657,-2.074210382
0.001161446,601.5280064,-2.052485852
0.001022335,603.8096915,-2.023950434
0.000857419,606.1033353,-1.989267222
0.000681205,608.4083107,-1.949016561
0.000521817,610.7245995,-1.903900512
0.000361761,613.0516893,-1.854949218
0.000200926,615.388109,-1.802998474
3.84E-05,617.7314531,-1.748882187
-0.000127131,620.0743286,-1.693636071
-0.000291251,622.398237,-1.638655679
-0.000456261,624.696521,-1.584988504
-0.000625523,626.9715621,-1.533349685
-0.000798961,629.2249531,-1.48454885
-0.00096348,631.4572557,-1.439373529
-0.001141541,633.6682959,-1.39855026
-0.001333573,635.8562076,-1.362823839
-0.001526157,638.0224656,-1.332871234
-0.001718682,640.1667324,-1.309401593
-0.001909646,642.2886923,-1.293145966
-0.002098547,644.3880833,-1.284709155
-0.002285028,646.4647726,-1.284650017
-0.002469675,648.5189834,-1.293619735
-0.002653022,650.5513474,-1.31200124
-0.002834835,652.5625676,-1.340246977
-0.003015097,654.5532327,-1.378823348
-0.003193761,656.5238471,-1.428222414
-0.003370966,658.4748658,-1.488717505
-0.003546738,660.4067055,-1.560660789
-0.003721222,662.3197528,-1.644381894
-0.0038945,664.2143667,-1.74018797
-0.004066643,666.0908809,-1.848364217
-0.004237854,667.9496054,-1.969174375
-0.004408054,669.7908284,-2.10286142
-0.004577632,671.6148181,-2.249648498
-0.004746282,673.4218249,-2.409739616
-0.004914623,675.2120824,-2.583321452
-0.005081745,676.984161,-2.770385754
-0.0052487,678.7395241,-2.971200493
-0.005415228,680.4785725,-3.18621705
-0.005581742,682.2015044,-3.415296572
-0.005748283,683.9084814,-3.658541561
-0.005914923,685.5996572,-3.91604261
-0.00608198,687.2751246,-4.188196404
-0.006249785,688.9350131,-4.475042084
-0.006418105,690.5766289,-4.775879867
-0.006586862,692.202795,-5.091446455
-0.006755955,693.8135624,-5.422091571
-0.006925242,695.4091263,-5.767346419
-0.00709451,696.9894523,-6.127811162
-0.007263255,698.5538775,-6.503149816
-0.007436608,700.1006215,-6.892739437
-0.007612021,701.6322093,-7.29782848
-0.007791536,703.148931,-7.71764209
-0.007975744,704.6505399,-8.153334843
-0.008161876,706.1360921,-8.60340077
-0.008349903,707.6042383,-9.06879348
-0.008538221,709.0577522,-9.549135095
-0.008727441,710.4963175,-10.04551515
-0.008918657,711.9201064,-10.55726251
-0.00910907,713.3254099,-11.08349135
-0.009303505,714.7159703,-11.62569912
-0.009499874,716.0920164,-12.18336844
-0.009695893,717.4529255,-12.75769431
-0.009897566,718.7958012,-13.34632431
-0.010098859,720.1242478,-13.95100944
-0.010300281,721.4378592,-14.57269559
-0.010503393,722.7360621,-15.21014003
-0.010706592,724.0177567,-15.8630021
-0.010901311,725.2848508,-16.53356634
-0.011086336,726.5377759,-17.22106565
-0.011268951,727.774934,-17.92481189
-0.01139777,728.9974582,-18.64649848
-0.011507425,730.2066032,-19.3867184
-0.011631277,731.4025429,-20.14530049
-0.011666761,732.5861768,-20.92307324
-0.011682376,733.7566575,-21.72112117
-0.011686248,734.9141476,-22.53824383
-0.011634314,736.0583241,-23.37425698
-0.011580723,737.1886711,-24.22944238
-0.011523706,738.3049293,-25.10377575
-0.0114612,739.4075778,-25.99659089
-0.01140111,740.4968553,-26.90800022
-0.011342499,741.5716821,-27.83840574
-0.011286131,742.6324034,-28.78690104
-0.011232555,743.6796754,-29.75373634
-0.011182029,744.712432,-30.73852283
-0.01113407,745.7301291,-31.74122252
-0.011088602,746.7334873,-32.76134113
-0.011047979,747.7223955,-33.79877012
-0.011009592,748.6952339,-34.85371336
-0.01097313,749.6527186,-35.92501847
-0.010941271,750.5953299,-37.01323704
-0.010911371,751.5213945,-38.11804876
-0.010883601,752.4311345,-39.23866541
-0.010858709,753.3248047,-40.37491703
-0.010836865,754.2016617,-41.52732494
-0.010817279,755.0612711,-42.69480848
-0.010800056,755.9037997,-43.87678018
-0.01078626,756.7287292,-45.07403393
-0.010774721,757.5357244,-46.28570813
-0.01076563,758.3248392,-47.51094609
-0.010759369,759.0950652,-48.74997866
-0.01075526,759.8468948,-50.00290008
-0.010753698,760.5800293,-51.2683677
-0.010754291,761.293247,-52.54660911
-0.010756334,761.9870954,-53.83709857
-0.010762943,762.6616761,-55.13944744
-0.010771547,763.3152594,-56.45348904
-0.010782575,763.9487718,-57.77825334
-0.010799215,764.5619262,-59.11361252
-0.010818167,765.153412,-60.45932877
-0.010843012,765.7240101,-61.81417092
-0.010874838,766.272883,-63.17775239
-0.010893145,766.7991608,-64.54891311
-0.010915591,767.3032406,-65.92610194
-0.010941685,767.7843033,-67.3094825
-0.010969553,768.2425388,-68.69870404
-0.010992515,768.6782613,-70.09266787
-0.011024587,769.0909051,-71.49299868
-0.011054506,769.4810338,-72.89947932
-0.011062573,769.8489778,-74.31196736
-0.011068967,770.1934315,-75.73043924
-0.011054198,770.5151851,-77.15433909
-0.011018477,770.8144158,-78.58324848
-0.010979064,771.0897428,-80.01710691
-0.010925015,771.3424335,-81.45560912
-0.010866329,771.5726174,-82.89863304
-0.010807836,771.7789383,-84.34620208
-0.010748394,771.9629802,-85.79857027
-0.010688976,772.1244475,-87.25516132
-0.010630934,772.2623981,-88.71571947
-0.010576275,772.3781086,-90.17999323
-0.01052297,772.4710523,-91.64841355
-0.010472032,772.5408545,-93.11997978
-0.010423208,772.5884562,-94.59432205
-0.010375672,772.6128559,-96.07158107
-0.010331979,772.6145811,-97.55170463
-0.010290133,772.5940946,-99.03373088
-0.010250426,772.5499356,-100.5173061
-0.010215378,772.4836045,-102.0027424
-0.010182011,772.3944024,-103.4895803
-0.010150711,772.2821753,-104.9769642
-0.010121512,772.1478089,-106.4646134
-0.010093405,771.9897865,-107.9527121
-0.010066674,771.8094692,-109.4407569
-0.010041868,771.6062935,-110.9279189
-0.010019374,771.3801684,-112.4138348
-0.00999991,771.1317811,-113.8988812
-0.009984836,770.8597582,-115.3821438
-0.0099732,770.5657102,-116.8631521
-0.009964488,770.2485343,-118.341298
-0.009957365,769.9087952,-119.8168104
-0.009951288,769.5464198,-121.2890635
-0.009946298,769.1611474,-122.7571978
-0.009942314,768.7538664,-124.22103
-0.00993896,768.3232456,-125.6800906
-0.00994095,767.870798,-127.1344184
-0.009945405,767.3953125,-128.5827553
-0.009952553,766.89803,-130.025058
-0.009963986,766.3781977,-131.4607227
-0.009976717,765.8362788,-132.889619
-0.009992452,765.2724234,-134.3108172
-0.010010754,764.6865384,-135.7237462
-0.010031372,764.0793099,-137.1280773
-0.010059168,763.4500648,-138.5229505
-0.010087453,762.8004165,-139.9076678
-0.010116154,762.1294426,-141.2804749
-0.010144235,761.4391328,-142.641097
-0.01016552,760.7293207,-143.9867295
-0.010195938,760.0014032,-145.3175701
-0.010230268,759.2548598,-146.6333956
-0.010266497,758.4901419,-147.9340516
-0.010308263,757.7085263,-149.2184
-0.010349876,756.9094192,-150.48577
-0.010394915,756.0938418,-151.7372132
-0.010443774,755.2611701,-152.9718207
-0.01049252,754.4131059,-154.1884609
-0.010546286,753.5501006,-155.3872934
-0.010602079,752.670938,-156.5681372
-0.010659198,751.7770103,-157.731546
-0.010721848,750.8696703,-158.875292
-0.010785511,749.9480139,-159.999845
-0.010852195,749.0126888,-161.1061573
-0.010923469,748.0638839,-162.1936364
-0.010995651,747.1033766,-163.2594921
-0.011071748,746.1302865,-164.3064102
-0.01115118,745.1448867,-165.3342232
-0.01123229,744.1481026,-166.340621
-0.011318075,743.1408863,-167.3261728
-0.011406771,742.1224198,-168.2920485
-0.011497686,741.0933274,-169.2377376
-0.011593649,740.0556004,-170.160266
-0.011692182,739.007659,-171.062638
-0.011793234,737.9497424,-171.944727
-0.01189849,736.8851033,-172.8039759
-0.012006753,735.8115991,-173.6420297
-0.012117997,734.7287474,-174.4589429
-0.012233166,733.6398668,-175.253096
-0.012351898,732.5439454,-176.0254328
-0.012473732,731.4399839,-176.7767624
-0.01259897,730.3309468,-177.5051764
-0.012728019,729.2161715,-178.211304
-0.012860049,728.0941226,-178.8959018
-0.012994705,726.9682424,-179.5570451
-0.013133878,725.8375376,-180.1958018
-0.013276433,724.7006103,-180.8130412
-0.013421359,723.5617877,-181.4065324
-0.013571352,722.4185029,-181.9778019
-0.0137256,721.2698471,-182.5273468
-0.013882023,720.1215894,-183.0525375
-0.014043038,718.968646,-183.5558928
-0.014209547,717.812701,-184.0367014
-0.014377585,716.6568449,-184.4938125
-0.014548841,715.4970189,-184.9289565
-0.014727622,714.3371561,-185.3407097
-0.014907339,713.1762577,-185.7295741
-0.01508748,712.0121979,-186.0962901
-0.015279215,710.8513821,-186.4389364
-0.015471142,709.6878322,-186.7594256
-0.015663143,708.5247164,-187.0568779
-0.015864129,707.3626312,-187.3312357
-0.016067371,706.1985194,-187.583237
-0.01627264,705.0382976,-187.81146
-0.016475302,703.8764575,-188.0167649
-0.01667606,702.7160816,-188.1989622
-0.01687792,701.5568402,-188.3581346
-0.017073039,700.3968837,-188.4944838
-0.017192664,699.2400758,-188.6075054
-0.017306079,698.0814978,-188.6976531
-0.017473346,696.9229435,-188.7646758
-0.017534411,695.7625095,-188.8083714
-0.017497509,694.600925,-188.8279363
-0.017445234,693.4385828,-188.8239593
-0.017370483,692.2760913,-188.796453
-0.017112265,691.1129441,-188.7454095
-0.016847278,689.9496305,-188.6709049
-0.016580879,688.7856905,-188.5731126
-0.016242327,687.620483,-188.4521585
-0.015857869,686.4556552,-188.3081217
-0.015473303,685.2879039,-188.140688
-0.015079001,684.1209717,-187.9511207
-0.014667792,682.9516693,-187.7392228
-0.014255194,681.7815956,-187.5055186
-0.013842333,680.6115887,-187.2505056
-0.013432345,679.438011,-186.9736677
-0.013022835,678.2657252,-186.6764218
-0.012613172,677.090201,-186.3579387
-0.012206213,675.9139833,-186.0191522
-0.011802526,674.7381067,-185.6607105
-0.011397339,673.5576072,-185.2813778
-0.010994688,672.3782733,-184.8832838
-0.010594291,671.1963317,-184.4655184
-0.010193285,670.0120197,-184.0284452
-0.009794431,668.8285728,-183.5736224
-0.009394941,667.639813,-183.0990239
-0.008996351,666.4503954,-182.606803
-0.008599464,665.2607917,-182.0975953
-0.008199793,664.0646261,-181.5690436
-0.007802149,662.8682144,-181.0242725
-0.007405517,661.669964,-180.4630471
-0.007005768,660.465288,-179.8835295
-0.006607811,659.2596011,-179.2884001
-0.006210398,658.0510724,-178.6777498
-0.005808378,656.8351234,-178.0497421
-0.00540753,655.6167917,-177.4074657
-0.005007647,654.3953841,-176.7511451
-0.004600542,653.1646884,-176.0773614
-0.004193978,651.9301482,-175.3903681
-0.003787896,650.6912252,-174.6905509
-0.003375897,649.4432239,-173.9756487
-0.002961131,648.1879631,-173.2472814
-0.002545863,646.9265373,-172.5073084
-0.002129109,645.6579786,-171.7556432
-0.001703667,644.376898,-170.9899578
-0.001276762,643.0877615,-170.2141473
-0.000848305,641.790151,-169.4283451
-0.000417239,640.4825439,-168.6332856
2.32E-05,639.1607239,-167.8270552
0.000465961,637.8285051,-167.0134419
0.000911583,636.4855602,-166.1932211
0.001362017,635.1317784,-165.3678507
0.00182713,633.7657922,-164.5376444
0.002315569,632.3902919,-163.7057973
0.002778343,631.0165443,-162.880523
0.003220449,629.6530188,-162.0682247
0.003657792,628.3052187,-161.2733583
0.004094667,626.977708,-160.4993949
0.004531358,625.6662103,-159.7446841
0.004969813,624.3665568,-159.0072836
0.005408372,623.0770705,-158.2874297
0.00583958,621.8009936,-157.5871191
0.006268608,620.5369617,-156.9061866
0.006696942,619.2802206,-156.2430338
0.00712368,618.0301876,-155.5974558
0.007543968,616.7943446,-154.9737332
0.007962485,615.5644189,-154.3680546
0.008380132,614.3390894,-153.780684
0.008791485,613.1244136,-153.2144145
0.009200424,611.9164489,-152.6676381
0.009610538,610.7117721,-152.1391393
0.010018831,609.5165753,-151.6319199
0.010425818,608.3271785,-151.1445698
0.010834576,607.1399117,-150.6758564
0.011241981,605.96299,-150.229248
0.011649799,604.789422,-149.8021489
0.012058229,603.618349,-149.3945059
0.012464271,602.4578028,-149.0092554
0.01287302,601.2980532,-148.6431805
0.013281206,600.1446534,-148.2982501
0.013690992,598.9969844,-147.9743056
0.014103479,597.8497903,-147.6700083
0.014515249,596.7137802,-147.3882656
0.014929613,595.5778274,-147.1262886
0.015345165,594.448387,-146.8857192
0.015762897,593.3233402,-146.6664723
0.016181537,592.2005306,-146.4685137
0.016602764,591.0859108,-146.2924342
0.017022129,589.9712044,-146.1369559
0.017434478,588.8655095,-146.0034548
0.017843014,587.7605329,-145.891193
0.018248696,586.6614562,-145.8018468
0.018625853,585.5655451,-145.7341033
0.018971943,584.4733804,-145.6881419
0.019301383,583.3860045,-145.6640855
0.019615799,582.3008338,-145.663816
0.01983774,581.2217223,-145.6856869
0.020024365,580.143942,-145.7298449
0.020205857,579.0720006,-145.796675
0.020358052,578.00167,-145.8875701
0.020443214,576.9355379,-146.0008801
0.020512022,575.8720367,-146.1368292
0.020566741,574.8126617,-146.2966937
0.020604739,573.757155,-146.4799872
0.020624806,572.7060685,-146.6858344
0.020640361,571.6597182,-146.9143156
0.020652738,570.6191056,-147.1672832
0.020659655,569.584242,-147.4425682
0.020663502,568.5555487,-147.7400677
0.020667232,567.533825,-148.0606746
0.020670685,566.5196369,-148.4043155
0.020665774,565.5130963,-148.7697233
0.020659905,564.5146524,-149.1567365
0.020647646,563.5256491,-149.5670105
0.020637289,562.5457657,-149.9986862
0.020638689,561.5753004,-150.4513958
0.020637844,560.6149979,-150.9256211
0.020635392,559.6656609,-151.4217959
0.020641969,558.7272167,-151.9382897
0.020660052,557.8000998,-152.4748646
0.020661949,556.8860243,-153.0324798
0.020651114,555.9846997,-153.6099541
0.020650364,555.0962524,-154.2065335
0.020648814,554.2210684,-154.822464
0.020634214,553.3600457,-155.4588002
0.020612992,552.5127789,-156.1136228
0.020510866,551.67924,-156.7869705
0.020401196,550.8609129,-157.4794353
0.020292981,550.0569883,-158.1909335
0.020150263,549.2676661,-158.9201302
0.019934316,548.4923592,-159.6675552
0.019712208,547.7332016,-160.4340039
0.019486409,546.9885883,-161.2180916
0.019231628,546.2584145,-162.0197726
0.018953071,545.5435209,-162.8384389
0.018676291,544.8439421,-163.6760436
0.018397032,544.1602491,-164.5291591
0.018119605,543.4900376,-165.4006879
0.017839648,542.8364071,-166.286537
0.017565883,542.1973802,-167.1918673
0.017293614,541.574953,-168.1112178
0.017031519,540.9669157,-169.0475866
0.016771302,540.3747735,-169.9986849
0.016514203,539.7983631,-170.9650515
0.016264534,539.2380811,-171.9476928
0.016018963,538.6945536,-172.9432394
0.015778271,538.1655127,-173.9558326
0.015539992,537.6538831,-174.9799549
0.015309661,537.1571832,-176.0205355
0.015082021,536.6775527,-177.0732872
0.014858078,536.2149234,-178.1400753
0.014638938,535.7684715,-179.2207845
0.01442307,535.33954,-180.3121668
0.0142114,534.9260372,-181.4195761
0.014002202,534.5303908,-182.536731
0.013796519,534.1511789,-183.6675564
0.013594861,533.7891418,-184.8100377
0.013396762,533.4447533,-185.9626014
0.013202189,533.1167936,-187.1294702
0.01301082,532.8069143,-188.3049446
0.012824651,532.514081,-189.4928819
0.012640992,532.2388333,-190.6913505
0.012459719,531.981658,-191.8981249
0.01228269,531.7414367,-193.1186274
0.012107366,531.5194607,-194.3466632
0.01193332,531.3152572,-195.5846377
0.011762785,531.1287517,-196.8333205
0.011594462,530.9605143,-198.0889408
0.011426467,530.8099874,-199.3556565
0.011262121,530.6775773,-200.6305671
0.011100868,530.5634317,-201.9118505
0.010939348,530.4670947,-203.2048909
0.010780809,530.3890466,-204.5041429
0.010625311,530.3292113,-205.8099161
0.010469042,530.2874269,-207.1262357
0.010314929,530.2639094,-208.4480118
0.01016326,530.2585882,-209.7762096
0.010010461,530.2717449,-211.1138045
0.00985947,530.3034445,-212.4563557
0.009710691,530.3533225,-213.8047473
0.009560513,530.4215031,-215.1619198
0.009412042,530.5077959,-216.5236001
0.009265614,530.6121572,-217.8900987
0.009117506,530.7355636,-219.2652391
0.008970955,530.877072,-220.6444553
0.008825867,531.0364819,-222.0276673
0.008679295,531.2142127,-223.4187241
0.008533968,531.410424,-224.8140666
0.008389444,531.6247083,-226.212998
0.008244081,531.8569956,-227.6176771
0.008099275,532.107338,-229.0279072
0.007954714,532.3761259,-230.4413042
0.007810033,532.6623381,-231.8579793
0.007665066,532.9667373,-233.2818981
0.00751997,533.2894946,-234.7086889
0.007374952,533.6294307,-236.1385311
0.007230025,533.9869728,-237.5724968
0.007084055,534.3630304,-239.0118039
0.006938178,534.755978,-240.4540067
0.006792325,535.1664963,-241.8988746
0.006645749,535.5944249,-243.3479228
0.006498458,536.0399453,-244.8017755
0.006350901,536.5026675,-246.2582233
0.006203051,536.9818976,-247.7174614
0.006054716,537.4785305,-249.1799538
0.005905122,537.9922061,-250.6477775
0.005755182,538.522882,-252.1181324
0.005604839,539.0695539,-253.5913813
0.005454025,539.6328631,-255.0673039
0.005301998,540.2128184,-256.5481242
0.005149117,540.809298,-258.0327043
0.004995702,541.4216809,-259.5202511
0.004841731,542.0496158,-261.0109588
0.004687173,542.6935064,-262.5047065
0.004531338,543.3532772,-264.0034784
0.004374485,544.0288477,-265.506496
0.00421694,544.7196704,-267.0129939
0.004059038,545.4252897,-268.5232681
0.003900947,546.1458089,-270.0373685
0.003742346,546.8810855,-271.5554652
0.00358223,547.6315501,-273.0795974
0.003421133,548.3963643,-274.608512
0.003250976,549.1754803,-276.1419399
0.00307442,549.9684702,-277.6802489
0.002878743,550.775083,-279.2237494
0.002649349,551.5951105,-280.7727678
0.002407892,552.4282993,-282.3277047
0.002092226,553.2749588,-283.8898757
0.001767169,554.1343245,-285.459416
0.001396291,555.0051358,-287.035864
0.001011816,555.8860028,-288.6186399
0.000614223,556.7749462,-290.2064795
0.000203133,557.6663973,-291.7919513
-0.000209865,558.5524914,-293.3637992
-0.000615926,559.427911,-294.9153995
-0.001017209,560.291839,-296.4479784
-0.001415092,561.1440878,-297.9635279
-0.001805857,561.982312,-299.4603707
-0.002192173,562.8069105,-300.9413107
-0.002574313,563.6170788,-302.4068522
-0.002952245,564.4119342,-303.8573073
-0.003325758,565.1908132,-305.2929746
-0.003694455,565.9530646,-306.7143357
-0.00405448,566.6962091,-308.1181527
-0.004410707,567.4210723,-309.5068827
-0.004764759,568.1284471,-310.8836277
-0.005116428,568.8184981,-312.2492379
-0.005465363,569.4907812,-313.6043189
-0.005806397,570.1422055,-314.9432867
-0.006145755,570.7761313,-316.2731744
-0.006483739,571.3919171,-317.594878
-0.006819573,571.9894244,-318.9074833
-0.007149403,572.5661578,-320.2060249
-0.007478857,573.1245866,-321.4977961
-0.007808222,573.664996,-322.7831268
-0.008133654,574.1848603,-324.0562472
-0.008457519,574.6855698,-325.3208079
-0.008782443,575.1681256,-326.5799542
-0.009106026,575.6302599,-327.8291553
-0.00942746,576.0724536,-329.0686329
-0.009751113,576.4964228,-330.3034795
-0.010075027,576.9001609,-331.5281621
-0.010397537,577.2840307,-332.7436991
-0.010723031,577.6495952,-333.9552456
-0.011050156,577.9942695,-335.1543397
-0.011377869,578.3198025,-336.3467048
-0.011707698,578.6267265,-337.5345574
-0.012041917,578.9124195,-338.7074606
-0.012380015,579.1798576,-339.8770257
-0.012716493,579.4274321,-341.03628
-0.013062156,579.6554844,-342.1860616
-0.013417099,579.8651224,-343.3317276
-0.013765962,580.0535453,-344.4613347
-0.014124386,580.2238196,-345.5881325
-0.014498348,580.3743534,-346.7011826
-0.014873744,580.5063149,-347.8071904
-0.015248318,580.6195226,-348.9037454
-0.015645891,580.7127841,-349.9885123
-0.016061059,580.7876329,-351.0674558
-0.016468541,580.8437741,-352.1303185
-0.016882173,580.8817544,-353.1903339
-0.017332841,580.8999552,-354.2308617
-0.017794573,580.9005106,-355.2695104
-0.018240942,580.8830316,-356.2883612
-0.018702135,580.8461759,-357.3042977
-0.019207506,580.792499,-358.3010533
-0.019720933,580.7197692,-359.2938741
-0.020219381,580.629858,-360.2672468
-0.020736624,580.5219501,-361.2366277
-0.021339581,580.3963926,-362.1855249
-0.021952665,580.2534314,-363.1312442
-0.022552228,580.092859,-364.0547541
-0.023158833,579.9149914,-364.9752726
-0.023856177,579.7196837,-365.8740618
-0.024566431,579.5071646,-366.7677903
-0.025267691,579.2771909,-367.6428303
-0.025966895,579.02998,-368.5091646
-0.026682812,578.7653215,-369.3604495
-0.027409052,578.4832949,-370.1988967
-0.02812719,578.1839371,-371.026298
-0.028830539,577.8668479,-371.8365768
-0.02951711,577.5316149,-372.639276
-0.030149247,577.1801259,-373.4218099
-0.030743484,576.808889,-374.1959494
-0.031313153,576.4218746,-374.9553766
-0.031831354,576.0136409,-375.7017546
-0.032243644,575.5873074,-376.4372765
-0.032533692,575.1423194,-377.159827
-0.03277457,574.6761613,-377.8695656
-0.03281784,574.1919254,-378.5671053
-0.032843919,573.687672,-379.2505534
-0.032534084,573.1640755,-379.9196447
-0.032047266,572.6230787,-380.5753154
-0.031537267,572.0614641,-381.2156581
-0.03102146,571.48124,-381.8431728
-0.030459554,570.8846523,-382.4561274
-0.029677784,570.2645797,-383.0569744
-0.028870763,569.6297515,-383.6431027
-0.028081456,568.9743308,-384.216776
-0.027297351,568.3016723,-384.7760517
-0.026516505,567.6126717,-385.3226933
-0.02575066,566.9030363,-385.8556035
-0.024988623,566.1809117,-386.3742121
-0.02427289,565.4360279,-386.8818951
-0.023560326,564.680232,-387.3736287
-0.022899131,563.9027878,-387.8550279
-0.022251145,563.1133513,-388.320767
-0.021625722,562.3053705,-388.7749957
-0.021015908,561.4834486,-389.2147184
-0.020424576,560.64573,-389.6416834
-0.019851752,559.7924962,-390.0553287
-0.019295139,558.9257383,-390.4549781
-0.018759068,558.0423523,-390.842498
-0.018234901,557.1471818,-391.2148037
-0.017725985,556.2347842,-391.576165
-0.017228893,555.3117715,-391.9211113
-0.016747985,554.3711222,-392.255311
-0.016275841,553.4211427,-392.5739087
-0.015809927,552.4532221,-392.8805256
-0.015353181,551.4767943,-393.1731005
-0.014903874,550.4826929,-393.4522376
-0.014460316,549.4797841,-393.7173559
-0.014016159,548.460883,-393.9705301
-0.013579691,547.4319464,-394.2086189
-0.01314902,546.3886934,-394.4341144
-0.012719787,545.3343022,-394.6465089
-0.012291073,544.2677654,-394.8456075
-0.011865817,543.1878632,-395.0312289
-0.011446501,542.0987288,-395.2036817
-0.011020882,540.9936822,-395.3640752
-0.010601143,539.8827379,-395.5110421
-0.010177222,538.7524769,-395.6458761
-0.009758824,537.6164943,-395.7674577
-0.009332762,536.4647963,-395.8773138
-0.008909182,535.3034065,-395.9749629
-0.008486977,534.1311327,-396.0607474
-0.008057263,532.9441209,-396.1351317
-0.007631875,531.7505778,-396.1978558
-0.007198223,530.5386835,-396.2498084
-0.006766336,529.3187957,-396.2907806
-0.006330883,528.0869416,-396.32129
-0.005895908,526.8402136,-396.3417297
-0.005466418,525.585752,-396.3523753
-0.005027428,524.314352,-396.3537283
-0.004609937,523.0318914,-396.3461746
-0.004211949,521.7405662,-396.3302487
-0.003807982,520.4294131,-396.3062678
-0.003445877,519.1090319,-396.2748577
-0.003129987,517.7776612,-396.236514
-0.002818612,516.4274638,-396.1914515
-0.00255241,515.06717,-396.1403344
-0.002338617,513.6957473,-396.0833487
-0.002130169,512.3049444,-396.020688
-0.001950727,510.9033526,-395.9530435
-0.001796733,509.4905921,-395.8806873
-0.001642886,508.0600188,-395.803318
-0.001497339,506.6163281,-395.7215421
-0.001355804,505.1609818,-395.6357242
-0.001213402,503.692117,-395.5457851
-0.001069107,502.2058274,-395.451833
-0.000932644,500.7074862,-395.3544593
-0.000803905,499.1968328,-395.2537427
-0.000660539,497.6718856,-395.1500163
-0.000510996,496.1302785,-395.0431453
-0.000360719,494.5760715,-394.9339023
-0.000209636,493.0090693,-394.8224207
-5.77E-05,491.4290724,-394.7091945
9.71E-05,489.8320365,-394.5941352
0.000253158,488.221343,-394.4779871
0.000410113,486.5975834,-394.3611421
0.000568057,484.9606457,-394.2440169
0.000727924,483.3104424,-394.1270693
0.000907329,481.6448356,-394.0105955
0.001079276,479.9648191,-393.8951656
0.001243068,478.2717657,-393.7814321
0.001407926,476.5656963,-393.6699597
0.001573884,474.8466668,-393.5613268
0.00174098,473.1147733,-393.456085
0.001909246,471.3701459,-393.354836
0.002079581,469.6110099,-393.2581001
0.002251039,467.8396685,-393.1666684
0.002423567,466.0564302,-393.0812584
0.00259721,464.2615494,-393.0025091
0.002771946,462.4553113,-392.9311311
0.002947807,460.6380345,-392.8678531
0.003124825,458.8100693,-392.8134206
0.003302944,456.9717981,-392.7685941
0.003482365,455.1236345,-392.7341481
0.003662812,453.266023,-392.7108688
0.003844974,451.3988284,-392.6995495
0.004028066,449.5231735,-392.7010068
0.00421287,447.6397016,-392.7160527
0.004398502,445.7489698,-392.7455017
0.004582354,443.8513202,-392.7901782
0.004758164,441.9463658,-392.8509379
0.004897906,440.0318409,-392.9287384
0.004971245,438.1030504,-393.0247191
0.004930267,436.1564595,-393.139999
0.005296229,434.1486064,-393.2784759
0.005564209,432.0434325,-393.4448539
0.005336765,429.9055025,-393.6376247
0.005142168,427.7862494,-393.8546492
0.004972259,425.6793484,-394.094278
0.004809939,423.5779283,-394.3566238
0.004648632,421.4781689,-394.6413467
0.004487301,419.3784219,-394.9475497
0.004327053,417.27812,-395.2755383
0.004169018,415.1767292,-395.6238876
0.004009043,413.0737584,-395.9926385
0.003846427,410.9690164,-396.3809761
0.003678786,408.862157,-396.7883606
0.00350777,406.7528607,-397.21447
0.003337401,404.6406741,-397.6583571
0.00316803,402.5253185,-398.1199566
0.003000162,400.4062837,-398.5981117
0.002832559,398.2833203,-399.0928646
0.002664512,396.1558982,-399.6030431
0.002496388,394.0237472,-400.1286313
0.002328036,391.8863398,-400.6685796
0.002159635,389.7433409,-401.2226614
0.001990619,387.5935182,-401.7902668
0.00182138,385.4370781,-402.370684
0.001651643,383.2736556,-402.963422
0.001481509,381.1027305,-403.5675923
0.001310855,378.9239421,-404.1828755
0.001139635,376.7367812,-404.8083934
0.000958665,374.540794,-405.4434235
0.000767739,372.3356258,-406.0875097
0.000593472,370.1195805,-406.7400139
0.000419125,367.8933539,-407.3997586
0.000244024,365.6566915,-408.0659723
6.81E-05,363.4093171,-408.7378347
-0.000108751,361.1509645,-409.4143579
-0.00028655,358.8814457,-410.0946058
-0.000465195,356.5992912,-410.7779935
-0.000643562,354.3056002,-411.4631476
-0.000821966,352.0005475,-412.1489246
-0.00098225,349.684182,-412.8341562
-0.001153251,347.356622,-413.5176832
-0.001335183,345.0168927,-414.198733
-0.001517465,342.6662256,-414.8758055
-0.001699354,340.3051133,-415.5475461
-0.00188101,337.9338198,-416.2126492
-0.00206226,335.5522498,-416.8698992
-0.002235863,333.1604206,-417.518035
-0.002392804,330.759426,-418.1555019
-0.00252234,328.3495358,-418.7810225
-0.002606531,325.9308447,-419.3934685
-0.002652188,323.5030143,-419.9919987
-0.002666342,321.0668684,-420.5757657
-0.002666209,318.6224774,-421.144368
-0.002659636,316.1697811,-421.6976313
-0.002651727,313.7083877,-422.2355448
-0.002643589,311.2390267,-422.7578899
-0.002635307,308.7618159,-423.2646012
-0.002626915,306.2766167,-423.7556677
-0.002618607,303.783315,-424.2310691
-0.002610623,301.2825393,-424.6906447
-0.002602855,298.774417,-425.1343373
-0.002595184,296.2585918,-425.562172
-0.002587634,293.7353843,-425.9739852
-0.002580186,291.2052099,-426.3696843
-0.002572827,288.6681803,-426.7492617
-0.002565605,286.1237046,-427.1127654
-0.002558462,283.5726594,-427.4600267
-0.002551414,281.0151742,-427.7909937
-0.00254448,278.450968,-428.105666
-0.002537628,275.8802244,-428.4039702
-0.002530876,273.3034176,-428.6856682
-0.002524226,270.720598,-428.9508692
-0.00251769,268.1313251,-429.1995792
-0.0025113,265.5364034,-429.4316798
-0.002505076,262.9359643,-429.6471262
-0.002498928,260.3295167,-429.8458275
-0.002492768,257.7176631,-430.0276834
-0.002486501,255.1006934,-430.19274
-0.002480162,252.4783135,-430.3409807
-0.00247368,249.850745,-430.4723548
-0.002466929,247.2184481,-430.5866205
-0.002459905,244.5812697,-430.6838937
-0.002452779,241.9391604,-430.7641852
-0.002445709,239.2927192,-430.8274483
-0.002438435,236.641866,-430.8734838
-0.002431017,233.9863805,-430.9023711
-0.002423493,231.3269459,-430.9141481
-0.0024158,228.6635226,-430.9087957
-0.002407984,225.9958066,-430.8860214
-0.002400031,223.3245161,-430.8460764
-0.002392046,220.6496056,-430.788946
-0.002383985,217.9707772,-430.714438
-0.002375837,215.2887439,-430.6226006
-0.002367796,212.6034125,-430.513539
-0.002359721,209.91457,-430.3871086
-0.00235157,207.2228894,-430.243262
-0.00234332,204.5281898,-430.0821623
-0.002335106,201.83042,-429.9036651
-0.002326921,199.1301714,-429.7077332
-0.002318652,196.4271404,-429.4945275
-0.002310398,193.7215143,-429.2638636
-0.002302105,191.0137584,-429.0158119
-0.002293665,188.3034168,-428.7504697
-0.002285075,185.5909886,-428.4675786
-0.002276494,182.8767647,-428.1674102
-0.002267943,180.1601199,-427.8498459
-0.002259147,177.4419067,-427.5148079
-0.002250081,174.7220299,-427.1625472
-0.002240722,172.0002572,-426.7927423
-0.00223104,169.2772368,-426.4056863
-0.00222097,166.5526418,-426.0012737
-0.002210677,163.8266946,-425.5794518
-0.002200236,161.0997904,-425.140501
-0.002189121,158.3713615,-424.6840027
-0.002177875,155.6421009,-424.2104489
-0.002166511,152.9119631,-423.7195176
-0.0021544,150.180704,-423.2114504
-0.002141413,147.4489761,-422.6861848
-0.002127876,144.7162468,-422.1437795
-0.002114095,141.9829889,-421.5842679
-0.002100199,139.2493064,-421.0077555
-0.002086323,136.5147931,-420.4141721
-0.002072474,133.7801565,-419.8037119
-0.002058356,131.0449018,-419.1763042
-0.002044094,128.3094031,-418.5320781
-0.00202972,125.5738051,-417.8710847
-0.002015124,122.8376797,-417.1933181
-0.001999859,120.1017602,-416.498906
-0.001984393,117.3654178,-415.7878854
-0.00196888,114.6292042,-415.0602382
-0.001953113,111.8929925,-414.3162709
-0.001936656,109.1566639,-413.555638
-0.001919931,106.4207271,-412.7788978
-0.001903167,103.6844394,-411.9856474
-0.001886281,100.9486137,-411.1763264
-0.001869475,98.21277439,-410.3508557
-0.001852851,95.47718043,-409.5092492
-0.001836432,92.74190095,-408.6518207
-0.001819929,90.00663493,-407.7782835
-0.001803279,87.27201892,-406.8890951
-0.001786543,84.53717279,-405.9840374
-0.001769866,81.80306569,-405.0633068
-0.001753437,79.06900969,-404.126979
-0.001737108,76.33544756,-403.1751571
-0.001720842,73.60226316,-402.2078182
-0.001704613,70.86934796,-401.2251464
-0.001688415,68.13705166,-400.2272179
-0.001672232,65.40489133,-399.2139013
-0.001656075,62.67354484,-398.1856464
-0.00163994,59.94214875,-397.1421318
-0.001623826,57.2117008,-396.083705
-0.001607721,54.48128553,-395.0102427
-0.001591635,51.7516711,-393.9221103
-0.001575559,49.02230794,-392.8190002
-0.001559494,46.29363726,-391.7012825
-0.001543436,43.56529938,-390.5689183
-0.0015274,40.83753495,-389.4220757
-0.001511364,38.11026903,-388.2606384
-0.001495087,35.38348907,-387.0848239
-0.001478021,32.65722862,-385.8947299
-0.001460088,29.93136837,-384.6903804
-0.001441514,27.20608506,-383.4718739
-0.001422605,24.48113977,-382.2391923
-0.001403476,21.75672838,-380.9926014
-0.001384232,19.03253862,-379.7320646
-0.001364967,16.30882652,-378.457809
-0.001345691,13.5852605,-377.1697918
-0.001326356,10.862118,-375.868167
-0.001306919,8.139063938,-374.5529788
-0.001287366,5.41627337,-373.2244366
-0.001267676,2.693524573,-371.8825522
-0.00124794,-0.029120492,-370.5274781
-0.0012281,-2.751752097,-369.1592947
-0.001208111,-5.474477163,-367.7780755
-0.001187952,-8.197200474,-366.383999
-0.001167742,-10.92024859,-364.9770196
-0.001147541,-13.64327944,-363.5574351
-0.001127255,-16.3669184,-362.1250936
-0.001106848,-19.09053022,-360.6804688
-0.001086305,-21.81506442,-359.2232023
-0.001065795,-24.53963768,-357.7539113
-0.001045243,-27.26527097,-356.2721974
-0.001024655,-29.99122106,-354.7786143
-0.001005443,-32.71816141,-353.2729498
-0.000987646,-35.44582863,-351.7555041
-0.000969815,-38.17438592,-350.2263307
-0.000951904,-40.90410058,-348.6854094
-0.000933921,-43.63456074,-347.1331044
-0.000915845,-46.36664288,-345.5690528
-0.000897734,-49.09953302,-343.9938554
-0.000879626,-51.83407922,-342.4071464
-0.000861533,-54.56983712,-340.8093213
-0.000843363,-57.30705135,-339.200401
-0.000823324,-60.04604926,-337.580338
-0.000802056,-62.78632086,-335.9495844
-0.000780752,-65.52889114,-334.3077045
-0.000759332,-68.27301187,-332.6553333
-0.000737794,-71.01918914,-330.9923612
-0.000716184,-73.76760683,-329.3188447
-0.000694559,-76.51787022,-327.6352093
-0.000672866,-79.27097883,-325.9410924
-0.000651124,-82.02628419,-324.2370986
-0.000629298,-84.7841233,-322.5232323
-0.000607361,-87.54495641,-320.7993888
-0.000585361,-90.30828085,-319.0660786
-0.000563304,-93.07482404,-317.3231247
-0.000541185,-95.84447765,-315.5708201
-0.000518981,-98.61704013,-313.8094825
-0.000496665,-101.3934079,-312.0387645
-0.000474298,-104.1730668,-310.2592867
-0.000451882,-106.9560893,-308.4712388
-0.00042936,-109.743262,-306.6742783
-0.000406766,-112.533886,-304.8692012
-0.000384127,-115.3281207,-303.0561498
-0.000361424,-118.1265559,-301.2349251
-0.00033868,-120.9286295,-299.4062505
-0.000315892,-123.7344759,-297.5702654
-0.000293048,-126.544655,-295.7268656
-0.000270216,-129.3583594,-293.8769167
-0.000247505,-132.1748402,-292.0211075
-0.000225055,-134.9932596,-290.1603689
-0.000202799,-137.810511,-288.2970036
-0.000179065,-140.6170985,-286.4376214
-0.000155539,-143.3977983,-284.5926831
-0.000132619,-146.1540012,-282.7615825
-0.000109998,-148.8885071,-280.9428857
-8.76E-05,-151.6006611,-279.1373591
-6.54E-05,-154.2926468,-277.343865
-4.33E-05,-156.9652058,-275.5622024
-2.15E-05,-159.616264,-273.7940734
2.91E-07,-162.2487479,-272.0378093
2.19E-05,-164.8610413,-270.2947593
4.33E-05,-167.4540353,-268.5645899
6.46E-05,-170.0283649,-266.8471275
8.57E-05,-172.5826908,-265.1435044
0.000106643,-175.1195371,-263.4522657
0.000127414,-177.6359871,-261.7755737
0.000148108,-180.135785,-260.1111388
0.00016857,-182.6151274,-258.4616906
0.000188962,-185.0782721,-256.8245854
0.000209123,-187.5212649,-255.2026284
0.000229208,-189.948117,-253.5933254
0.000249084,-192.3555123,-251.9990343
0.000268861,-194.7463989,-250.4179457
0.000288464,-197.1189527,-248.8514222
0.000307931,-199.4741811,-247.2989135
0.00032728,-201.8126601,-245.7601805
0.000346438,-204.1325145,-244.2365569
0.000365513,-206.4366483,-242.726264
0.000384407,-208.7224628,-241.2310788
0.000403178,-210.9915597,-239.7500782
0.000421864,-213.2450083,-238.2826307
0.000440347,-215.4794261,-236.831011
0.000460975,-217.69814,-235.3931462
0.000481668,-219.9012684,-233.9690291
0.00050216,-222.085624,-232.560783
0.000522572,-224.2543262,-231.1664644
0.000542934,-226.4075004,-229.7860631
0.0005633,-228.5432685,-228.4208444
0.000584488,-230.6623432,-227.0704016
0.000610514,-232.7659182,-225.7340207
0.000642538,-234.8539652,-224.4117716
0.000705084,-236.9243419,-223.1050802
0.000791187,-238.9784045,-221.813198
0.00091326,-241.0168038,-220.5360213
0.001060743,-243.0395068,-219.2740356
0.001220496,-245.0463949,-218.0279821
0.001388965,-247.0352811,-216.8000025
0.001556939,-249.0085901,-215.5894077
0.001724184,-250.9664118,-214.3969469
0.001889543,-252.9088765,-213.2232976
0.002053298,-254.8363629,-212.0690325
0.002216068,-256.7495525,-210.9342627
0.002377478,-258.6488756,-209.8194684
0.002537451,-260.5346278,-208.7249234
0.002696166,-262.4087221,-207.650144
0.002853799,-264.2717284,-206.5951635
0.003010285,-266.1243263,-205.560279
0.003165779,-267.9669527,-204.5454142
0.00332037,-269.8002317,-203.5508784
0.003474175,-271.6246109,-202.5767068
0.003627286,-273.4405067,-201.6229217
0.003779683,-275.248423,-200.6897547
0.003931334,-277.0487897,-199.7773398
0.004082429,-278.8419305,-198.8856444
0.004233143,-280.6282195,-198.0147685
0.004383713,-282.4080141,-197.1648108
0.004534248,-284.1817094,-196.3359836
0.004684694,-285.9496048,-195.5283295
0.004834911,-287.7119774,-194.7418699
0.004984957,-289.4691246,-193.9766959
0.00513476,-291.221332,-193.2328977
0.005284836,-292.9688759,-192.5105634
0.005435511,-294.712027,-191.8097786
0.005587723,-296.4510554,-191.1306265
0.005743258,-298.1862373,-190.4731878
0.005900268,-299.9178585,-189.8375456
0.006059684,-301.6462154,-189.2237901
0.006219245,-303.3716149,-188.6320168
0.006377724,-305.0936339,-188.0625716
0.006535141,-306.8131268,-187.5153651
0.006696598,-308.5307133,-186.9904098
0.006858744,-310.2469177,-186.4880393
0.007020523,-311.9622402,-186.008157
0.007180605,-313.6774076,-185.5507924
0.007322048,-315.3932868,-185.116013
0.007438518,-317.1112171,-184.7038068
0.007562219,-318.8334199,-184.3139835
0.007553826,-320.561653,-183.9466406
0.007518115,-322.2949078,-183.6026294
0.007319673,-324.0327072,-183.281714
0.00708176,-325.775868,-182.9835969
0.006769245,-327.5253253,-182.7075883
0.006399717,-329.2818075,-182.4529292
0.006015281,-331.0458624,-182.2187156
0.005606311,-332.8180195,-182.0042267
0.005194503,-334.5986735,-181.8081073
0.004776259,-336.3886182,-181.6290892
0.004356987,-338.188542,-181.4660091
0.003938622,-339.9983458,-181.3177522
0.003519719,-341.8184391,-181.1831326
0.003100833,-343.6492558,-181.0609469
0.002679464,-345.4912513,-180.949968
0.002252929,-347.344895,-180.8489411
0.001821495,-349.2106565,-180.7565719
0.001386499,-351.0889802,-180.6715146
0.000948185,-352.9801721,-180.5923719
0.000507993,-354.8841775,-180.5177015
6.52E-05,-356.8000923,-180.4460304
-0.000384163,-358.7257613,-180.3758711
-0.000845326,-360.6575142,-180.3057325
-0.001294083,-362.5800041,-180.2345048
-0.001734643,-364.4772114,-180.1611446
-0.002173421,-366.3482358,-180.084208
-0.002608904,-368.1953225,-180.0022511
-0.00303452,-370.0196191,-179.9139584
-0.003454295,-371.8224612,-179.8180916
-0.003869141,-373.6054151,-179.7134896
-0.004279446,-375.3698137,-179.5990686
-0.00468763,-377.1167605,-179.4738131
-0.005095061,-378.8472224,-179.3367201
-0.005500006,-380.5620728,-179.1866622
-0.005903115,-382.2618371,-179.0229576
-0.006301935,-383.945472,-178.84495
-0.00669738,-385.6161834,-178.6513825
-0.007090165,-387.2747503,-178.4412026
-0.007467676,-388.9220047,-178.2138923
-0.007825614,-390.558725,-177.9683971
-0.008177856,-392.1856417,-177.7034663
-0.0084114,-393.8023331,-177.4190593
-0.008641633,-395.4112879,-177.1136038
-0.008761046,-397.0131163,-176.7863954
-0.008809763,-398.6087019,-176.4373802
-0.008849558,-400.1986449,-176.0651507
-0.008789563,-401.7839119,-175.6700945
-0.008720508,-403.3640117,-175.2523123
-0.008633584,-404.9385828,-174.8110318
-0.008539963,-406.5080039,-174.3474673
-0.008446887,-408.0722266,-173.8611982
-0.008353972,-409.6312574,-173.3522768
-0.008261671,-411.1858114,-172.821352
-0.008170307,-412.7352965,-172.2678574
-0.008079879,-414.2796862,-171.6924665
-0.007991316,-415.8190237,-171.0956634
-0.007905227,-417.3528646,-170.4767037
-0.007820764,-418.8815295,-169.8364513
-0.007740086,-420.405544,-169.1749291
-0.007659916,-421.9237858,-168.4916934
-0.007580448,-423.4364463,-167.7876325
-0.007502038,-424.9434538,-167.0629682
-0.007425027,-426.4443724,-166.3171893
-0.00734971,-427.9394172,-165.5508069
-0.00727677,-429.4291396,-164.7638305
-0.007205717,-430.9125569,-163.9564219
-0.00713623,-432.3894447,-163.1285798
-0.007068029,-433.8599036,-162.2808613
-0.007001362,-435.3237955,-161.4133736
-0.006937183,-436.7806905,-160.5257537
-0.006874772,-438.2311566,-159.6181334
-0.006814439,-439.6748681,-158.6909176
-0.006755171,-441.1114112,-157.7443699
-0.006696875,-442.5403888,-156.7782412
-0.00663926,-443.9617788,-155.7928571
-0.006582305,-445.3755362,-154.788482
-0.006526879,-446.7814976,-153.7652271
-0.006472528,-448.1797461,-152.7230196
-0.006422675,-449.569654,-151.6616926
-0.006380924,-450.9504595,-150.5824809
-0.006356375,-452.3211123,-149.4862419
-0.006318383,-453.6781462,-148.3758487
-0.006253215,-455.0165505,-147.2557014
-0.006181335,-456.3320258,-146.1295016
-0.006124009,-457.6237445,-144.9991134
-0.006076949,-458.8914208,-143.8660053
-0.006032865,-460.1357635,-142.7305048
-0.006004912,-461.357373,-141.592023
-0.00598579,-462.5568314,-140.4516112
-0.005990031,-463.7344377,-139.3099054
-0.006039954,-464.8898539,-138.1667613
-0.00610018,-466.0223056,-137.0247848
-0.006237514,-467.1317094,-135.8839621
-0.006392452,-468.2199487,-134.7429285
-0.006571178,-469.2873124,-133.6016334
-0.006784931,-470.3338483,-132.4598059
-0.007000006,-471.3573458,-131.3201446
-0.007226046,-472.3591078,-130.1811357
-0.007454879,-473.3402851,-129.0411164
-0.007683907,-474.3013637,-127.9002409
-0.007913716,-475.2395732,-126.7600801
-0.008142195,-476.1557261,-125.6211713
-0.008371512,-477.0516971,-124.4808874
-0.008601968,-477.9269767,-123.3386427
-0.008831212,-478.7790013,-122.1990069
-0.009061715,-479.6099703,-121.0590961
-0.009293886,-480.4204423,-119.9171546
-0.009527037,-481.2092364,-118.7751788
-0.009761479,-481.9750489,-117.6356094
-0.009997544,-482.7207858,-116.4941776
-0.01023477,-483.4459734,-115.35148
-0.010471171,-484.1468123,-114.2127657
-0.010709915,-484.8274475,-113.0720853
-0.010951026,-485.4876696,-111.9299305
-0.011191723,-486.1237603,-110.7928768
-0.011438487,-486.73976,-109.6539527
-0.011692108,-487.3348607,-108.5145533
-0.011949692,-487.9063753,-107.3800028
-0.012212845,-488.4578017,-106.2436124
-0.012482905,-488.9873581,-105.1089897
-0.012755143,-489.4944208,-103.9777216
-0.013031317,-489.9813544,-102.844664
-0.013313931,-490.4451326,-101.7169138
-0.013598047,-490.8878579,-100.5897677
-0.013883691,-491.3096776,-99.4628083
-0.01418042,-491.7083798,-98.34224679
-0.01448121,-492.0869127,-97.22014779
-0.014782112,-492.4428592,-96.10376442
-0.015091417,-492.7776623,-94.98905256
-0.015408879,-493.0908646,-93.87584819
-0.015725374,-493.3813416,-92.76892517
-0.016044194,-493.6514655,-91.66082253
-0.016377394,-493.898821,-90.56164782
-0.016711374,-494.1256444,-89.4622741
-0.017043677,-494.3305602,-88.36878366
-0.017386382,-494.5130395,-87.27838495
-0.017738528,-494.6742715,-86.19133863
-0.018089338,-494.8139208,-85.11053483
-0.01843768,-494.932686,-84.03091683
-0.018803878,-495.0280796,-82.95965012
-0.019168084,-495.1024848,-81.88825719
-0.019535052,-495.1553087,-80.82628555
-0.019890417,-495.1862095,-79.76458532
-0.020221818,-495.1943604,-78.71049574
-0.020545102,-495.1811269,-77.6581485
-0.020869884,-495.146068,-76.61171031
-0.021118933,-495.0873226,-75.56799939
-0.021246368,-495.0068888,-74.52900373
-0.021379786,-494.9043129,-73.49235971
-0.021529395,-494.7773488,-72.45917805
-0.021516788,-494.6281831,-71.42834485
-0.021362968,-494.4566947,-70.4004345
-0.021207677,-494.2602043,-69.37566146
-0.021044973,-494.041577,-68.35437094
-0.020773687,-493.8005579,-67.33526109
-0.020447582,-493.5352685,-66.32070317
-0.020126952,-493.2473654,-65.30801369
-0.019799555,-492.9380471,-64.30016054
-0.019456247,-492.6046914,-63.29377289
-0.019104317,-492.2498803,-62.29365345
-0.018761297,-491.8724073,-61.29373893
-0.018416259,-491.4742657,-60.30049507
-0.018086739,-491.0523344,-59.30893854
-0.017756851,-490.6103089,-58.32349863
-0.017431169,-490.1466022,-57.34045767
-0.017110812,-489.6620023,-56.363062
-0.016799036,-489.1556688,-55.39020092
-0.016489858,-488.6287249,-54.42170906
-0.016183211,-488.0820615,-53.459159
-0.015884308,-487.5140904,-52.49976541
-0.015589046,-486.9266532,-51.54908458
-0.015299174,-486.3170572,-50.60017228
-0.015012853,-485.6897001,-49.65994124
-0.014734782,-485.0411369,-48.7231209
-0.014460546,-484.3740288,-47.79362939
-0.014190866,-483.6872044,-46.87031175
-0.013926978,-482.9801294,-45.9527525
-0.013667422,-482.2557599,-45.04383711
-0.013412421,-481.5099417,-44.13832507
-0.013160737,-480.7475633,-43.2422449
-0.012912917,-479.9651318,-42.35140418
-0.012668493,-479.1647121,-41.46821609
-0.012427467,-478.3469495,-40.59330923
-0.012188369,-477.5089541,-39.7236109
-0.011953859,-476.6551248,-38.86368737
-0.01172953,-475.781609,-38.00959225
-0.011509639,-474.8909506,-37.16385368
-0.011294024,-473.9840158,-36.3272548
-0.011093061,-473.0570384,-35.49623258
-0.010897071,-472.1149146,-34.67521053
-0.010706031,-471.154858,-33.8617756
-0.010520662,-470.1771616,-33.05620249
-0.010339117,-469.184646,-32.26077899
-0.010158323,-468.1729859,-31.47203549
-0.009981722,-467.1456727,-30.69276526
-0.009809033,-466.1037565,-29.92368367
-0.009635618,-465.0421763,-29.16107542
-0.009465689,-463.9663202,-28.40887923
-0.009299365,-462.8755227,-27.66653801
-0.009131889,-461.7661573,-26.93159025
-0.008968152,-460.6428148,-26.20712601
-0.00880889,-459.5045753,-25.49281109
-0.008648364,-458.3481557,-24.78661324
-0.008490912,-457.1780488,-24.09095742
-0.008337029,-455.9939525,-23.40557145
-0.008181216,-454.7918239,-22.72810296
-0.008026521,-453.5761463,-22.06143654
-0.007872831,-452.3468852,-21.40569436
-0.007717198,-451.1003511,-20.75832293
-0.007564067,-449.8399859,-20.12111591
-0.007412461,-448.5663468,-19.49471051
-0.00725981,-447.2772939,-18.87807986
-0.007108709,-445.9730227,-18.27075395
-0.006958064,-444.6558201,-17.67392277
-0.006807253,-443.3254761,-17.0880701
-0.006656316,-441.9784379,-16.51069352
-0.006505177,-440.6183632,-15.94366627
-0.006354422,-439.2454015,-15.38736755
-0.006204479,-437.8591729,-14.84075157
-0.006053568,-436.4568987,-14.30346495
-0.005903999,-435.042076,-13.77626848
-0.005755949,-433.6146974,-13.25913216
-0.00560944,-432.1741671,-12.7520084
-0.005468524,-430.7180972,-12.25343044
-0.005332716,-429.2494563,-11.76507627
-0.005204727,-427.7685084,-11.28609788
-0.00508692,-426.2750224,-10.81713685
-0.004978282,-424.7667461,-10.35664461
-0.004882607,-423.245322,-9.905729631
-0.004794157,-421.7116977,-9.464177598
-0.004711595,-420.1658375,-9.032141089
-0.004635715,-418.607743,-8.60969662
-0.0045615,-417.0350229,-8.195795943
-0.004488971,-415.4498967,-7.791816979
-0.004417023,-413.8528251,-7.397226722
-0.004345197,-412.2437975,-7.012154916
-0.004273413,-410.622746,-6.637016255
-0.004201397,-408.9889803,-6.271169683
-0.004128957,-407.3419465,-5.914552897
-0.004056361,-405.6830769,-5.567994686
-0.003983539,-404.01249,-5.231053405
-0.003910534,-402.3302047,-4.903729651
-0.003837389,-400.6362348,-4.586050305
-0.003763982,-398.9305439,-4.278329721
-0.003690194,-397.2119998,-3.980000409
-0.003616,-395.4814102,-3.691212009
-0.003541602,-393.7393111,-3.412040882
-0.003466905,-391.9857164,-3.142462217
-0.003391983,-390.2206276,-2.882525982
-0.00331684,-388.4440584,-2.632197567
-0.003241362,-386.656036,-2.391317434
-0.003165592,-384.8565689,-2.159832875
-0.003089422,-383.0456635,-1.937683515
-0.003012836,-381.222568,-1.724713715
-0.002935788,-379.3877997,-1.520917892
-0.002858509,-377.5416756,-1.326249518
-0.002780853,-375.684192,-1.14061508
-0.002702902,-373.8153426,-0.963913358
-0.002624593,-371.9351183,-0.796035186
-0.002545939,-370.0435068,-0.636863568
-0.002466921,-368.1404931,-0.486273513
-0.002387498,-366.2260588,-0.344132035
-0.00230768,-364.3001824,-0.210298074
-0.002227477,-362.3628393,-0.084622376
-0.002146906,-360.4139978,0.032988825
-0.002065924,-358.4536265,0.142681892
-0.001984533,-356.4816963,0.24470882
-0.001902651,-354.4981701,0.339253895
-0.001820282,-352.503008,0.42650964
-0.001737494,-350.4961668,0.506666352
-0.001654304,-348.477595,0.57975461
-0.001570703,-346.4472531,0.646189634
-0.00148667,-344.4050922,0.706200061
-0.001402115,-342.3510595,0.759946802
-0.001317049,-340.2851026,0.807610338
-0.001231505,-338.2071734,0.849604414
-0.001145519,-336.1172186,0.88611722
-0.001059138,-334.0151866,0.917356565
-0.000972364,-331.9010311,0.943776109
-0.000885191,-329.7747035,0.965500313
-0.000797654,-327.6361628,0.982969418
-0.000709742,-325.4853706,0.996463194
-0.000621808,-323.3222944,1.006301612
-0.000533732,-321.1469092,1.012884347
-0.000447626,-318.959198,1.016512071
-0.000362419,-316.7586897,1.017612049
-0.000285957,-314.5452866,1.016530679
-0.000215398,-312.3195293,1.013646541
-0.000161215,-310.0814491,1.009350979
-0.000119573,-307.8310871,1.003905434
-9.30E-05,-305.568491,0.997633441
-7.80E-05,-303.2937125,0.990704479
-6.88E-05,-301.0068054,0.983248202
-6.40E-05,-298.7076047,0.975346653
-5.99E-05,-296.3952145,0.967032528
-5.67E-05,-294.0708353,0.95832698
-5.36E-05,-291.7345218,0.949253387
-5.08E-05,-289.3863287,0.939824284
-4.82E-05,-287.0263112,0.93005076
-4.57E-05,-284.6543895,0.919940165
-4.34E-05,-282.2692948,0.909501765
-4.13E-05,-279.8725259,0.898751498
-3.92E-05,-277.464138,0.887698678
-3.72E-05,-275.0441866,0.876352416
-3.54E-05,-272.6126594,0.864721173
-3.36E-05,-270.1680144,0.852805664
-3.18E-05,-267.7119625,0.840621931
-3.02E-05,-265.2445588,0.82817779
-2.86E-05,-262.7658586,0.815482039
-2.70E-05,-260.27478,0.802536622
-2.55E-05,-257.7718143,0.78935131
-2.36E-05,-255.2577117,0.775937237
-2.16E-05,-252.7325269,0.762301261
-1.98E-05,-250.1951019,0.748448044
-1.79E-05,-247.6460033,0.73439111
-1.61E-05,-245.0859836,0.720145111
-1.43E-05,-242.515097,0.705720882
-1.26E-05,-239.9314816,0.69111844
-1.09E-05,-237.3370508,0.676359039
-9.20E-06,-234.7319144,0.661453835
-7.56E-06,-232.114993,0.646405816
-5.93E-06,-229.4865864,0.631228605
-4.34E-06,-226.8476355,0.615938481
-2.77E-06,-224.1974642,0.600542168
-1.23E-06,-221.5355258,0.585046213
2.93E-07,-218.8632042,0.569469961
1.79E-06,-216.1798885,0.553821247
3.26E-06,-213.4848684,0.538106259
4.72E-06,-210.7796253,0.522344275
6.15E-06,-208.0633132,0.506542167
7.56E-06,-205.3356655,0.490708802
8.96E-06,-202.5979535,0.474862929
1.03E-05,-199.8488293,0.459008
1.17E-05,-197.0890099,0.443159147
1.30E-05,-194.3192836,0.427332429
1.43E-05,-191.5375626,0.411527126
1.56E-05,-188.7460284,0.395767176
1.69E-05,-185.9438144,0.380059117
1.82E-05,-183.1306667,0.364413
1.95E-05,-180.3078734,0.348847818
2.07E-05,-177.4734209,0.333363578
2.19E-05,-174.6293161,0.317984003
2.31E-05,-171.774528,0.302713906
2.43E-05,-168.9093091,0.287567969
2.55E-05,-166.0342384,0.272559996
2.66E-05,-163.1481039,0.257695569
2.78E-05,-160.2526833,0.242997282
2.89E-05,-157.3459641,0.228465154
3.00E-05,-154.4299296,0.214121729
3.12E-05,-151.5031628,0.199973574
3.22E-05,-148.5667133,0.186036171
3.33E-05,-145.6199823,0.172318924
3.44E-05,-142.6633166,0.158837202
3.54E-05,-139.6967129,0.145602758
3.65E-05,-136.7200298,0.132626527
3.75E-05,-133.7336519,0.119922659
3.85E-05,-130.7371499,0.107501812
3.95E-05,-127.7311027,0.095380817
4.05E-05,-124.7149799,0.083568149
4.15E-05,-121.6893741,0.072078726
4.25E-05,-118.6538276,0.0609234
4.34E-05,-115.6087792,0.050116459
4.43E-05,-112.5540056,0.039669757
4.53E-05,-109.4896351,0.029596447
4.62E-05,-106.4158298,0.01990975
4.71E-05,-103.3322621,0.01062136
4.80E-05,-100.2396197,0.001746211
4.89E-05,-97.13698355,-0.006705612
4.97E-05,-94.02569843,-0.014718034
5.06E-05,-90.90412943,-0.022282634
5.14E-05,-87.77399677,-0.029382098
5.22E-05,-84.63405772,-0.036006432
5.31E-05,-81.48522412,-0.042141127
5.39E-05,-78.32726451,-0.047774052
5.47E-05,-75.16005295,-0.05289275
5.54E-05,-71.98445436,-0.057483275
5.62E-05,-68.79919941,-0.061534976
5.70E-05,-65.60575625,-0.065033371
5.77E-05,-62.40333622,-0.067967054
5.85E-05,-59.19229474,-0.070323249
5.92E-05,-55.97311532,-0.072087548
5.99E-05,-52.7447862,-0.073248237
6.06E-05,-49.50855785,-0.073794076
6.13E-05,-46.26386368,-0.073713234
6.20E-05,-43.01078023,-0.072993636
6.26E-05,-39.74996161,-0.071620311
6.33E-05,-36.48050685,-0.069582064
6.39E-05,-33.20325922,-0.06686933
6.45E-05,-29.91833856,-0.063470719
6.52E-05,-26.62495427,-0.059368616
6.58E-05,-23.32412669,-0.054556154
6.64E-05,-20.01562916,-0.049023086
6.69E-05,-16.69907631,-0.042753368
6.75E-05,-13.3752648,-0.035737396
6.81E-05,-10.04399281,-0.027967353
6.71E-05,-6.705303467,-0.019426351
6.25E-05,-3.360349867,-0.010108333
6.17E-05,-0.009494063,-5.28E-05
