,sLapDistance,vCar,xCarX,xCarY,xCarZ,aYaw
00:00.0,1.34,185.73,-25.93,-209.36,9.47,-148.04
00:00.1,3.93,186.61,-23.73,-207.99,9.43,-148.02
00:00.1,6.52,187.51,-21.53,-206.62,9.39,-147.99
00:00.2,9.13,188.39,-19.31,-205.23,9.35,-147.97
00:00.2,11.76,189.26,-17.09,-203.84,9.31,-147.94
00:00.3,14.39,190.12,-14.86,-202.45,9.27,-147.91
00:00.3,17.04,190.98,-12.61,-201.04,9.23,-147.88
00:00.4,19.7,191.83,-10.36,-199.63,9.2,-147.85
00:00.4,22.37,192.67,-8.1,-198.21,9.16,-147.82
00:00.5,25.05,193.5,-5.83,-196.78,9.12,-147.78
00:00.5,27.74,194.33,-3.55,-195.35,9.09,-147.74
00:00.6,30.45,195.11,-1.26,-193.91,9.05,-147.69
00:00.6,33.16,195.92,1.03,-192.46,9.01,-147.63
00:00.7,35.89,196.72,3.34,-191,8.97,-147.57
00:00.7,38.63,197.51,5.65,-189.54,8.93,-147.52
00:00.8,41.37,198.32,7.97,-188.06,8.88,-147.47
00:00.8,44.13,199.09,10.3,-186.58,8.84,-147.45
00:00.9,46.9,199.86,12.63,-185.1,8.8,-147.43
00:00.9,49.69,200.62,14.98,-183.6,8.75,-147.43
00:01.0,52.48,201.39,17.33,-182.1,8.71,-147.42
00:01.0,55.28,202.13,19.69,-180.59,8.66,-147.39
00:01.1,58.09,202.88,22.06,-179.08,8.62,-147.34
00:01.1,60.92,203.64,24.44,-177.56,8.57,-147.29
00:01.2,63.75,204.36,26.83,-176.03,8.53,-147.23
00:01.2,66.59,205.09,29.22,-174.49,8.49,-147.16
00:01.3,69.45,205.82,31.62,-172.95,8.44,-147.1
00:01.3,72.31,206.52,34.02,-171.39,8.4,-147.04
00:01.4,75.18,207.26,36.44,-169.83,8.35,-146.98
00:01.4,78.07,207.97,38.86,-168.27,8.3,-146.93
00:01.5,80.96,208.64,41.28,-166.69,8.26,-146.89
00:01.5,83.86,209.36,43.71,-165.11,8.21,-146.84
00:01.6,86.77,210.04,46.15,-163.52,8.17,-146.8
00:01.6,89.7,210.75,48.6,-161.92,8.12,-146.79
00:01.7,92.63,211.41,51.06,-160.32,8.08,-146.78
00:01.7,95.57,212.09,53.52,-158.71,8.04,-146.76
00:01.8,98.52,212.72,55.98,-157.09,8,-146.73
00:01.8,101.48,213.42,58.46,-155.47,7.95,-146.71
00:01.9,104.45,214.08,60.94,-153.84,7.9,-146.69
00:01.9,107.42,214.72,63.43,-152.21,7.85,-146.66
00:02.0,110.41,215.39,65.93,-150.57,7.81,-146.64
00:02.0,113.41,216.03,68.43,-148.93,7.76,-146.63
00:02.0,116.41,216.68,70.94,-147.27,7.71,-146.61
00:02.1,119.43,217.32,73.46,-145.62,7.67,-146.59
00:02.2,122.45,217.92,75.98,-143.95,7.62,-146.57
00:02.2,125.48,218.57,78.51,-142.29,7.58,-146.55
00:02.3,128.52,219.21,81.05,-140.61,7.53,-146.53
00:02.3,131.57,219.76,83.59,-138.93,7.48,-146.49
00:02.4,134.63,220.44,86.14,-137.25,7.43,-146.43
00:02.4,137.69,221.03,88.7,-135.56,7.38,-146.39
00:02.5,140.77,221.64,91.26,-133.86,7.34,-146.35
00:02.5,143.85,222.22,93.83,-132.15,7.3,-146.31
00:02.6,146.94,222.8,96.4,-130.44,7.25,-146.26
00:02.6,150.04,223.42,98.98,-128.72,7.2,-146.21
00:02.7,153.14,224,101.56,-127,7.15,-146.17
00:02.7,156.26,224.59,104.15,-125.27,7.1,-146.13
00:02.8,159.38,225.16,106.75,-123.53,7.05,-146.08
00:02.8,162.51,225.74,109.35,-121.78,7.01,-146.02
00:02.9,165.65,226.31,111.95,-120.03,6.96,-145.98
00:02.9,168.8,226.84,114.56,-118.28,6.91,-145.93
00:03.0,171.95,227.43,117.18,-116.51,6.86,-145.89
00:03.0,175.12,228,119.8,-114.74,6.81,-145.85
00:03.1,178.29,228.54,122.42,-112.97,6.76,-145.81
00:03.1,181.47,229.1,125.05,-111.18,6.72,-145.75
00:03.2,184.65,229.63,127.69,-109.4,6.68,-145.7
00:03.2,187.84,230.12,130.33,-107.6,6.63,-145.65
00:03.3,191.04,230.69,132.97,-105.8,6.57,-145.59
00:03.3,194.25,231.24,135.62,-103.99,6.51,-145.54
00:03.4,197.47,231.78,138.28,-102.18,6.46,-145.52
00:03.4,200.69,232.3,140.94,-100.35,6.41,-145.52
00:03.5,203.92,232.8,143.6,-98.53,6.37,-145.53
00:03.5,207.16,233.34,146.27,-96.7,6.33,-145.53
00:03.6,210.4,233.82,148.94,-94.86,6.29,-145.53
00:03.6,213.65,234.35,151.63,-93.03,6.24,-145.52
00:03.7,216.91,234.87,154.31,-91.18,6.19,-145.52
00:03.7,220.18,235.35,157,-89.33,6.15,-145.52
00:03.8,223.45,235.81,159.7,-87.48,6.1,-145.53
00:03.8,226.73,236.34,162.4,-85.63,6.04,-145.54
00:03.9,230.01,236.84,165.11,-83.77,5.99,-145.53
00:03.9,233.31,237.33,167.83,-81.91,5.93,-145.52
00:04.0,236.6,237.82,170.55,-80.04,5.88,-145.52
00:04.0,239.91,238.3,173.27,-78.17,5.83,-145.52
00:04.0,243.22,238.78,176.01,-76.29,5.78,-145.53
00:04.1,246.54,239.27,178.74,-74.42,5.73,-145.54
00:04.2,249.87,239.72,181.49,-72.54,5.68,-145.55
00:04.2,253.2,240.18,184.23,-70.65,5.63,-145.58
00:04.3,256.54,240.66,186.99,-68.76,5.57,-145.61
00:04.3,259.89,241.12,189.75,-66.87,5.52,-145.63
00:04.4,263.24,241.59,192.51,-64.98,5.47,-145.62
00:04.4,266.6,242.04,195.29,-63.08,5.42,-145.61
00:04.5,269.96,242.49,198.06,-61.18,5.37,-145.59
00:04.5,273.33,242.94,200.84,-59.28,5.32,-145.59
00:04.6,276.71,243.39,203.63,-57.37,5.27,-145.6
00:04.6,280.1,243.82,206.42,-55.46,5.22,-145.6
00:04.7,283.48,244.27,209.22,-53.55,5.17,-145.6
00:04.7,286.88,244.69,212.02,-51.63,5.13,-145.61
00:04.8,290.28,245.12,214.83,-49.71,5.08,-145.6
00:04.8,293.69,245.56,217.64,-47.79,5.02,-145.6
00:04.9,297.1,245.99,220.46,-45.86,4.97,-145.58
00:04.9,300.52,246.41,223.28,-43.93,4.92,-145.58
00:05.0,303.95,246.84,226.1,-41.99,4.87,-145.6
00:05.0,307.38,247.26,228.94,-40.06,4.82,-145.62
00:05.1,310.81,247.66,231.77,-38.12,4.77,-145.63
00:05.1,314.26,248.06,234.61,-36.17,4.71,-145.66
00:05.2,317.71,248.49,237.46,-34.23,4.65,-145.7
00:05.2,321.16,248.9,240.31,-32.28,4.6,-145.72
00:05.2,324.62,249.3,243.17,-30.33,4.55,-145.72
00:05.3,328.09,249.71,246.03,-28.38,4.5,-145.74
00:05.3,331.56,250.1,248.9,-26.43,4.45,-145.74
00:05.4,335.03,250.5,251.77,-24.47,4.41,-145.76
00:05.5,338.51,250.88,254.65,-22.51,4.35,-145.81
00:05.5,342,251.26,257.54,-20.55,4.3,-145.87
00:05.6,345.49,251.65,260.43,-18.59,4.24,-145.92
00:05.6,348.99,252.05,263.32,-16.63,4.18,-145.93
00:05.7,352.49,252.43,266.22,-14.66,4.13,-145.92
00:05.7,356,252.8,269.13,-12.7,4.07,-145.88
00:05.8,359.52,253.19,272.03,-10.73,4.02,-145.82
00:05.8,363.04,253.55,274.95,-8.75,3.97,-145.79
00:05.8,366.56,253.9,277.86,-6.77,3.92,-145.75
00:05.9,370.09,254.27,280.78,-4.79,3.86,-145.72
00:05.9,373.62,254.62,283.7,-2.8,3.8,-145.68
00:06.0,377.16,254.97,286.63,-0.81,3.75,-145.63
00:06.0,380.7,254.89,289.55,1.18,3.7,-145.5
00:06.1,384.23,253.57,292.47,3.18,3.65,-145.32
00:06.2,387.74,251.32,295.36,5.16,3.6,-145.24
00:06.2,391.21,248.48,298.22,7.13,3.55,-145.31
00:06.2,394.64,245.33,301.05,9.07,3.49,-145.37
00:06.3,398.02,242.04,303.83,10.99,3.44,-145.39
00:06.4,401.36,238.66,306.58,12.88,3.4,-145.33
00:06.4,404.65,235.25,309.29,14.75,3.35,-145.24
00:06.4,407.9,231.73,311.96,16.59,3.3,-145.26
00:06.5,411.09,228.16,314.59,18.41,3.25,-145.31
00:06.6,414.24,224.61,317.17,20.2,3.2,-145.23
00:06.6,417.33,221.09,319.72,21.96,3.15,-145.18
00:06.7,420.38,217.6,322.22,23.7,3.1,-145.18
00:06.7,423.38,214.39,324.68,25.41,3.07,-145.01
00:06.8,426.33,211.3,327.11,27.1,3.03,-144.86
00:06.8,429.25,208.15,329.49,28.77,2.98,-144.62
00:06.8,432.11,204.71,331.84,30.42,2.94,-144.18
00:06.9,434.93,201.03,334.14,32.05,2.89,-143.7
00:07.0,437.7,197.44,336.39,33.66,2.85,-143.35
00:07.0,440.42,194.29,338.59,35.26,2.82,-143.26
00:07.0,443.1,191.28,340.75,36.84,2.78,-143.07
00:07.1,445.73,188.41,342.87,38.41,2.74,-142.65
00:07.1,448.33,185.35,344.95,39.96,2.7,-142.21
00:07.2,450.88,181.99,346.99,41.49,2.66,-141.72
00:07.3,453.39,178.78,348.98,43.01,2.62,-141.43
00:07.3,455.85,175.93,350.93,44.52,2.6,-141.36
00:07.3,458.27,173.35,352.83,46.02,2.57,-141.1
00:07.4,460.66,171.04,354.7,47.51,2.55,-140.6
00:07.5,463.03,168.92,356.53,49,2.52,-139.93
00:07.5,465.36,167.03,358.33,50.49,2.5,-139.18
00:07.5,467.67,165.33,360.09,51.98,2.47,-138.51
00:07.6,469.95,163.82,361.82,53.47,2.44,-137.87
00:07.6,472.22,162.55,363.52,54.98,2.42,-137.19
00:07.7,474.47,161.45,365.18,56.49,2.4,-136.5
00:07.8,476.7,160.46,366.82,58.01,2.38,-135.62
00:07.8,478.93,159.59,368.42,59.55,2.36,-134.57
00:07.8,481.14,158.76,369.99,61.1,2.34,-133.5
00:07.9,483.33,157.93,371.54,62.67,2.31,-132.33
00:08.0,485.52,157.15,373.04,64.26,2.28,-130.99
00:08.0,487.7,156.44,374.52,65.86,2.25,-129.76
00:08.1,489.86,155.78,375.96,67.48,2.22,-128.71
00:08.1,492.02,155.18,377.36,69.12,2.18,-127.63
00:08.1,494.17,154.65,378.74,70.78,2.14,-126.58
00:08.2,496.31,154.14,380.07,72.45,2.1,-125.61
00:08.3,498.45,153.66,381.38,74.15,2.06,-124.66
00:08.3,500.58,153.24,382.64,75.86,2.01,-123.73
00:08.3,502.71,152.86,383.87,77.6,1.97,-122.79
00:08.4,504.82,152.47,385.05,79.35,1.93,-121.73
00:08.4,506.94,152.07,386.2,81.13,1.89,-120.44
00:08.5,509.05,151.65,387.31,82.92,1.85,-119.02
00:08.6,511.15,151.23,388.38,84.73,1.81,-117.46
00:08.6,513.25,150.87,389.4,86.57,1.77,-115.88
00:08.7,515.34,150.61,390.37,88.42,1.74,-114.33
00:08.7,517.43,150.45,391.3,90.29,1.71,-112.93
00:08.8,519.52,150.39,392.18,92.19,1.68,-111.71
00:08.8,521.6,150.43,393.02,94.1,1.66,-110.46
00:08.8,523.69,150.51,393.82,96.03,1.63,-109.17
00:08.9,525.78,150.69,394.57,97.98,1.61,-107.76
00:08.9,527.88,150.93,395.27,99.96,1.6,-106.6
00:09.0,529.97,151.14,395.94,101.94,1.58,-105.65
00:09.0,532.07,151.39,396.56,103.95,1.56,-104.42
00:09.1,534.18,151.66,397.14,105.97,1.55,-103.12
00:09.2,536.29,151.94,397.68,108.01,1.54,-101.99
00:09.2,538.4,152.27,398.17,110.07,1.53,-100.92
00:09.3,540.51,152.71,398.62,112.14,1.53,-99.67
00:09.3,542.64,153.2,399.03,114.22,1.52,-98.41
00:09.3,544.77,153.72,399.39,116.32,1.52,-97.51
00:09.4,546.91,154.29,399.71,118.43,1.53,-96.59
00:09.5,549.06,155.05,400,120.56,1.53,-95.5
00:09.5,551.22,155.97,400.24,122.71,1.54,-94.24
00:09.6,553.39,157.02,400.44,124.87,1.56,-92.93
00:09.6,555.58,158.01,400.6,127.06,1.58,-91.69
00:09.7,557.78,158.97,400.71,129.25,1.6,-90.47
00:09.7,559.99,159.98,400.79,131.47,1.62,-89.31
00:09.8,562.22,160.97,400.82,133.7,1.64,-88.38
00:09.8,564.46,161.94,400.82,135.94,1.67,-87.59
00:09.8,566.72,162.95,400.78,138.19,1.7,-86.81
00:09.9,568.99,163.93,400.69,140.46,1.73,-86.14
00:10.0,571.27,164.89,400.57,142.74,1.77,-85.46
00:10.0,573.57,165.81,400.42,145.03,1.8,-84.57
00:10.1,575.88,166.77,400.23,147.33,1.84,-83.46
00:10.1,578.2,167.73,400,149.65,1.89,-82.46
00:10.2,580.53,168.58,399.74,151.97,1.93,-81.6
00:10.2,582.88,169.45,399.44,154.29,1.97,-80.56
00:10.2,585.24,170.32,399.11,156.63,2.01,-79.52
00:10.3,587.61,171.16,398.73,158.97,2.04,-78.56
00:10.4,589.99,172.01,398.33,161.32,2.07,-77.6
00:10.4,592.39,172.87,397.88,163.67,2.1,-76.69
00:10.5,594.79,173.76,397.4,166.03,2.13,-75.93
00:10.5,597.21,174.68,396.87,168.39,2.16,-75.4
00:10.6,599.64,175.58,396.32,170.76,2.2,-75.25
00:10.6,602.09,176.33,395.73,173.13,2.23,-75.19
00:10.7,604.54,177.14,395.13,175.51,2.26,-74.51
00:10.7,607.01,178.18,394.49,177.89,2.28,-73.55
00:10.7,609.49,179.04,393.83,180.28,2.31,-72.93
00:10.8,611.98,179.81,393.13,182.67,2.35,-72.35
00:10.9,614.48,180.65,392.4,185.07,2.39,-71.58
00:10.9,617,181.49,391.64,187.47,2.43,-70.95
00:11.0,619.52,182.34,390.85,189.87,2.47,-70.4
00:11.0,622.06,183.18,390.04,192.27,2.51,-70.04
00:11.1,624.61,184.01,389.2,194.68,2.55,-69.66
00:11.1,627.17,184.84,388.33,197.09,2.59,-69.23
00:11.2,629.75,185.63,387.44,199.5,2.63,-68.84
00:11.2,632.33,186.42,386.53,201.92,2.67,-68.33
00:11.3,634.93,187.25,385.59,204.34,2.71,-67.81
00:11.3,637.53,188.06,384.63,206.76,2.75,-67.41
00:11.4,640.15,188.83,383.65,209.19,2.8,-67.07
00:11.4,642.78,189.62,382.65,211.61,2.85,-66.74
00:11.5,645.42,190.38,381.62,214.05,2.9,-66.41
00:11.5,648.07,191.17,380.58,216.48,2.95,-66.08
00:11.6,650.72,191.9,379.52,218.92,3,-65.75
00:11.6,653.4,192.66,378.44,221.36,3.05,-65.38
00:11.6,656.08,193.4,377.34,223.81,3.1,-65.07
00:11.7,658.77,194.12,376.23,226.26,3.14,-64.79
00:11.7,661.47,194.89,375.1,228.71,3.18,-64.52
00:11.8,664.18,195.67,373.95,231.17,3.22,-64.43
00:11.8,666.9,196.43,372.79,233.63,3.26,-64.48
00:11.9,669.64,197.16,371.62,236.1,3.31,-64.56
00:11.9,672.38,197.89,370.45,238.58,3.36,-64.66
00:12.0,675.13,198.61,369.27,241.07,3.4,-64.68
00:12.0,677.9,199.36,368.08,243.57,3.44,-64.63
00:12.1,680.67,200.07,366.9,246.07,3.48,-64.61
00:12.2,683.45,200.79,365.7,248.59,3.52,-64.67
00:12.2,686.25,201.49,364.51,251.11,3.56,-64.84
00:12.3,689.05,202.19,363.31,253.65,3.6,-65.12
00:12.3,691.87,202.88,362.12,256.2,3.65,-65.43
00:12.4,694.69,203.57,360.94,258.76,3.69,-65.71
00:12.4,697.52,204.27,359.76,261.33,3.74,-65.9
00:12.4,700.36,204.9,358.59,263.92,3.8,-66.11
00:12.5,703.21,205.53,357.43,266.52,3.84,-66.43
00:12.6,706.07,206.21,356.27,269.14,3.88,-66.77
00:12.6,708.94,206.85,355.12,271.76,3.92,-67.09
00:12.7,711.82,207.53,353.98,274.41,3.96,-67.36
00:12.7,714.7,208.2,352.85,277.06,4.01,-67.47
00:12.8,717.6,208.83,351.73,279.73,4.06,-67.5
00:12.8,720.5,209.43,350.61,282.41,4.12,-67.57
00:12.9,723.42,210.08,349.49,285.1,4.17,-67.7
00:12.9,726.34,210.71,348.37,287.8,4.22,-67.85
00:12.9,729.27,211.35,347.26,290.51,4.27,-67.99
00:13.0,732.21,211.95,346.15,293.23,4.32,-68.11
00:13.1,735.16,212.56,345.04,295.96,4.36,-68.26
00:13.1,738.11,213.21,343.94,298.71,4.41,-68.39
00:13.1,741.08,213.76,342.84,301.46,4.46,-68.48
00:13.2,744.05,214.38,341.74,304.22,4.51,-68.58
00:13.2,747.03,215,340.64,306.99,4.55,-68.6
00:13.3,750.03,215.6,339.55,309.78,4.6,-68.55
00:13.3,753.02,216.17,338.45,312.56,4.66,-68.47
00:13.4,756.03,216.77,337.34,315.36,4.72,-68.38
00:13.4,759.04,217.34,336.23,318.16,4.77,-68.29
00:13.5,762.07,217.88,335.12,320.97,4.83,-68.22
00:13.6,765.1,218.5,334,323.79,4.88,-68.17
00:13.6,768.14,219.05,332.87,326.61,4.93,-68.19
00:13.6,771.18,219.57,331.74,329.44,4.98,-68.28
00:13.7,774.23,220.15,330.61,332.27,5.03,-68.39
00:13.8,777.3,220.71,329.48,335.12,5.07,-68.47
00:13.8,780.37,221.19,328.35,337.97,5.13,-68.46
00:13.9,783.44,220.9,327.22,340.83,5.18,-68.36
00:13.9,786.49,219.3,326.09,343.67,5.24,-68.31
00:14.0,789.52,216.88,324.98,346.48,5.29,-68.27
00:14.0,792.51,213.89,323.87,349.27,5.35,-68.28
00:14.1,795.46,210.61,322.79,352.01,5.4,-68.38
00:14.1,798.36,207.08,321.72,354.7,5.44,-68.44
00:14.2,801.21,203.33,320.67,357.35,5.49,-68.43
00:14.2,804.01,199.64,319.63,359.95,5.54,-68.41
00:14.3,806.76,195.98,318.62,362.5,5.58,-68.31
00:14.3,809.45,192.18,317.62,365.01,5.62,-68.22
00:14.3,812.1,188.26,316.64,367.46,5.66,-68.11
00:14.4,814.68,184.37,315.68,369.86,5.71,-67.97
00:14.5,817.22,180.63,314.74,372.22,5.76,-67.8
00:14.5,819.7,176.99,313.81,374.52,5.81,-67.62
00:14.6,822.14,173.47,312.89,376.77,5.86,-67.4
00:14.6,824.52,169.94,311.99,378.98,5.91,-67.21
00:14.6,826.86,166.53,311.1,381.14,5.95,-67.03
00:14.7,829.15,163.17,310.22,383.25,6,-66.74
00:14.7,831.39,159.81,309.35,385.32,6.05,-66.38
00:14.8,833.59,156.53,308.49,387.34,6.1,-65.97
00:14.8,835.74,153.42,307.64,389.32,6.14,-65.53
00:14.9,837.85,150.68,306.79,391.25,6.19,-65.01
00:14.9,839.93,148.06,305.94,393.14,6.23,-64.41
00:15.0,841.96,145.38,305.1,395,6.26,-63.8
00:15.0,843.96,142.51,304.26,396.81,6.3,-63.13
00:15.1,845.92,139.56,303.41,398.58,6.34,-63.01
00:15.1,847.84,136.73,302.56,400.3,6.39,-63.13
00:15.2,849.72,134.16,301.72,401.98,6.43,-62.77
00:15.2,851.57,131.74,300.89,403.63,6.46,-62.23
00:15.3,853.38,129.34,300.05,405.24,6.5,-61.4
00:15.3,855.16,126.89,299.22,406.81,6.52,-60.25
00:15.4,856.9,124.37,298.37,408.33,6.55,-59.25
00:15.4,858.61,122.08,297.53,409.82,6.57,-58.2
00:15.5,860.29,119.82,296.67,411.26,6.6,-57.22
00:15.6,861.94,117.82,295.8,412.67,6.62,-56.41
00:15.6,863.56,115.92,294.92,414.03,6.64,-55.53
00:15.7,865.16,113.95,294.04,415.36,6.66,-54.57
00:15.7,866.73,112.01,293.15,416.65,6.67,-53.43
00:15.8,868.27,110.05,292.25,417.91,6.68,-52.23
00:15.8,869.79,108.24,291.34,419.12,6.68,-51.13
00:15.9,871.28,106.59,290.41,420.29,6.69,-49.91
00:15.9,872.75,105.04,289.48,421.42,6.69,-48.58
00:16.0,874.19,103.55,288.53,422.52,6.69,-47.22
00:16.0,875.62,102.2,287.57,423.57,6.69,-45.79
00:16.1,877.03,101.01,286.59,424.59,6.68,-44.16
00:16.1,878.43,100.01,285.6,425.57,6.68,-42.39
00:16.1,879.81,99.13,284.58,426.51,6.67,-40.62
00:16.2,881.18,98.31,283.55,427.41,6.67,-38.85
00:16.3,882.54,97.58,282.5,428.27,6.66,-37.01
00:16.3,883.9,96.9,281.42,429.09,6.66,-35.04
00:16.3,885.24,96.24,280.33,429.87,6.66,-32.92
00:16.4,886.57,95.58,279.22,430.6,6.66,-30.81
00:16.5,887.89,94.93,278.09,431.29,6.66,-28.76
00:16.5,889.21,94.35,276.94,431.93,6.67,-26.79
00:16.6,890.51,93.82,275.78,432.53,6.67,-24.98
00:16.6,891.81,93.35,274.61,433.09,6.68,-23.04
00:16.6,893.11,92.91,273.42,433.6,6.69,-20.68
00:16.7,894.4,92.51,272.22,434.07,6.7,-18.25
00:16.7,895.68,92.09,271.01,434.49,6.72,-16.38
00:16.8,896.96,91.62,269.79,434.87,6.74,-14.8
00:16.9,898.22,91.14,268.57,435.2,6.75,-12.92
00:16.9,899.49,90.71,267.34,435.49,6.77,-10.66
00:16.9,900.75,90.3,266.1,435.74,6.79,-8.45
00:17.0,902,89.83,264.87,435.95,6.81,-6.54
00:17.0,903.24,89.33,263.64,436.11,6.82,-4.63
00:17.1,904.48,88.86,262.41,436.22,6.85,-2.63
00:17.1,905.71,88.4,261.18,436.3,6.87,-0.7
00:17.2,906.93,87.93,259.95,436.33,6.89,1.2
00:17.3,908.15,87.47,258.74,436.32,6.91,3.09
00:17.3,909.36,87.01,257.53,436.27,6.93,4.92
00:17.4,910.57,86.59,256.32,436.18,6.95,6.55
00:17.4,911.76,86.15,255.13,436.05,6.97,8.1
00:17.5,912.96,85.71,253.95,435.88,6.99,9.89
00:17.5,914.15,85.28,252.78,435.68,7.01,11.95
00:17.6,915.33,84.84,251.63,435.43,7.02,14.05
00:17.6,916.51,84.4,250.48,435.15,7.04,16.04
00:17.6,917.68,83.93,249.36,434.82,7.06,18.07
00:17.7,918.84,83.55,248.26,434.45,7.08,20.31
00:17.7,920,83.27,247.18,434.04,7.1,22.48
00:17.8,921.16,83.09,246.11,433.59,7.13,24.58
00:17.8,922.31,83.05,245.07,433.1,7.16,26.7
00:17.9,923.47,83.1,244.04,432.58,7.19,28.69
00:17.9,924.63,83.24,243.04,432.02,7.21,30.61
00:18.0,925.78,83.47,242.05,431.42,7.24,32.58
00:18.0,926.95,83.77,241.07,430.78,7.27,34.65
00:18.1,928.11,84.17,240.12,430.11,7.29,36.81
00:18.1,929.29,84.66,239.18,429.41,7.32,39
00:18.2,930.47,85.21,238.27,428.66,7.34,41.09
00:18.3,931.66,85.81,237.37,427.88,7.37,43.12
00:18.3,932.85,86.44,236.5,427.07,7.39,45.19
00:18.4,934.06,87.12,235.65,426.22,7.42,47.21
00:18.4,935.27,87.82,234.82,425.33,7.45,49.03
00:18.4,936.5,88.55,234.01,424.41,7.48,50.65
00:18.5,937.74,89.36,233.22,423.46,7.5,52.13
00:18.6,938.98,90.21,232.45,422.48,7.53,53.51
00:18.6,940.24,91.12,231.71,421.46,7.56,54.97
00:18.6,941.52,92.08,230.99,420.42,7.59,56.55
00:18.7,942.8,93.05,230.28,419.34,7.62,58.09
00:18.7,944.1,94,229.6,418.24,7.65,59.57
00:18.8,945.41,94.97,228.94,417.1,7.68,61.12
00:18.8,946.74,95.97,228.3,415.94,7.71,62.68
00:18.9,948.08,96.97,227.69,414.75,7.74,64.2
00:19.0,949.43,98.02,227.09,413.53,7.77,65.71
00:19.0,950.8,99.08,226.52,412.29,7.8,67.2
00:19.1,952.18,100.16,225.98,411.02,7.82,68.61
00:19.1,953.58,101.3,225.45,409.72,7.84,69.69
00:19.1,955,102.42,224.95,408.4,7.87,70.38
00:19.2,956.43,103.58,224.45,407.06,7.88,70.98
00:19.3,957.87,104.93,223.98,405.69,7.9,71.75
00:19.3,959.34,106.44,223.51,404.3,7.91,72.77
00:19.4,960.83,108.05,223.05,402.89,7.91,73.87
00:19.4,962.34,109.61,222.6,401.44,7.92,74.92
00:19.5,963.87,110.97,222.17,399.97,7.92,76.08
00:19.5,965.42,112.41,221.76,398.48,7.92,77.25
00:19.6,966.99,113.94,221.35,396.96,7.92,78.17
00:19.6,968.59,115.37,220.97,395.41,7.92,78.78
00:19.6,970.2,116.9,220.6,393.84,7.92,79.06
00:19.7,971.83,118.49,220.24,392.25,7.92,78.93
00:19.7,973.49,120.07,219.89,390.63,7.91,78.66
00:19.8,975.17,121.68,219.54,388.99,7.91,78.48
00:19.8,976.87,123.25,219.2,387.32,7.91,78.53
00:19.9,978.59,124.79,218.86,385.63,7.91,78.83
00:20.0,980.33,126.26,218.52,383.92,7.91,79.27
00:20.0,982.1,127.72,218.19,382.19,7.9,79.75
00:20.1,983.88,129.17,217.87,380.43,7.9,80.19
00:20.1,985.69,130.62,217.56,378.66,7.89,80.59
00:20.1,987.51,132.04,217.25,376.86,7.88,80.96
00:20.2,989.35,133.47,216.95,375.04,7.87,81.3
00:20.3,991.22,134.86,216.66,373.2,7.87,81.58
00:20.3,993.1,136.26,216.38,371.34,7.86,81.79
00:20.4,995,137.56,216.1,369.45,7.85,81.96
00:20.4,996.92,138.9,215.83,367.55,7.85,82.11
00:20.5,998.86,140.29,215.56,365.63,7.84,82.18
00:20.5,1000.82,141.54,215.29,363.7,7.84,82.17
00:20.5,1002.79,142.77,215.02,361.74,7.83,82.16
00:20.6,1004.78,144.16,214.75,359.77,7.82,82.21
00:20.6,1006.79,145.42,214.47,357.77,7.81,82.35
00:20.7,1008.82,146.62,214.21,355.76,7.8,82.61
00:20.8,1010.87,147.81,213.94,353.74,7.79,83.08
00:20.8,1012.93,149.05,213.69,351.69,7.78,83.7
00:20.8,1015.01,150.25,213.46,349.63,7.76,84.36
00:20.9,1017.1,151.32,213.24,347.54,7.75,85.04
00:21.0,1019.21,152.38,213.04,345.44,7.73,85.72
00:21.0,1021.33,153.44,212.86,343.33,7.72,86.28
00:21.1,1023.47,154.38,212.71,341.2,7.7,86.71
00:21.1,1025.62,155.3,212.57,339.05,7.68,87.3
00:21.1,1027.78,156.18,212.45,336.89,7.67,87.9
00:21.2,1029.96,156.96,212.35,334.72,7.65,88.53
00:21.2,1032.14,157.7,212.28,332.53,7.63,89.19
00:21.3,1034.34,158.39,212.23,330.34,7.6,89.73
00:21.4,1036.54,159.06,212.21,328.13,7.58,90.48
00:21.4,1038.75,159.76,212.21,325.92,7.55,91.38
00:21.5,1040.98,160.35,212.24,323.7,7.52,92.19
00:21.5,1043.21,160.79,212.3,321.47,7.49,93.07
00:21.5,1045.44,161.22,212.39,319.24,7.45,94.17
00:21.6,1047.68,161.59,212.51,317,7.42,95.18
00:21.7,1049.93,161.85,212.67,314.76,7.38,95.98
00:21.7,1052.17,162.05,212.87,312.52,7.33,96.83
00:21.8,1054.43,162.24,213.1,310.28,7.28,97.99
00:21.8,1056.68,162.44,213.36,308.04,7.23,99.24
00:21.9,1058.93,162.59,213.66,305.8,7.16,100.42
00:21.9,1061.19,162.72,214,303.57,7.1,101.8
00:22.0,1063.45,162.84,214.38,301.34,7.03,103.2
00:22.0,1065.71,162.92,214.81,299.12,6.96,104.43
00:22.1,1067.97,163,215.28,296.91,6.89,105.68
00:22.1,1070.24,163.08,215.8,294.71,6.82,106.89
00:22.1,1072.5,163.17,216.36,292.51,6.75,107.92
00:22.2,1074.77,163.26,216.97,290.33,6.68,108.87
00:22.3,1077.04,163.4,217.63,288.16,6.62,109.84
00:22.3,1079.31,163.53,218.34,286.01,6.56,110.44
00:22.4,1081.58,163.66,219.09,283.86,6.52,110.85
00:22.4,1083.85,163.81,219.87,281.73,6.48,111.61
00:22.5,1086.13,163.97,220.7,279.61,6.45,112.63
00:22.5,1088.41,164.12,221.56,277.5,6.42,113.8
00:22.6,1090.69,164.27,222.46,275.4,6.4,114.94
00:22.6,1092.97,164.4,223.39,273.32,6.38,116.07
00:22.7,1095.26,164.58,224.37,271.26,6.37,117.37
00:22.7,1097.54,164.76,225.39,269.21,6.36,118.46
00:22.8,1099.83,164.93,226.45,267.18,6.35,119.43
00:22.8,1102.12,165.13,227.54,265.16,6.34,120.48
00:22.9,1104.42,165.34,228.67,263.16,6.33,121.49
00:22.9,1106.71,165.51,229.82,261.18,6.31,122.71
00:23.0,1109.01,165.73,231.01,259.21,6.28,124.27
00:23.0,1111.31,165.96,232.23,257.26,6.25,125.7
00:23.1,1113.62,166.13,233.5,255.33,6.22,126.97
00:23.1,1115.92,166.32,234.8,253.42,6.18,128.29
00:23.1,1118.23,166.54,236.14,251.54,6.14,129.63
00:23.2,1120.54,166.78,237.51,249.67,6.1,130.95
00:23.2,1122.86,167.05,238.92,247.84,6.06,132.08
00:23.3,1125.18,167.27,240.37,246.02,6.02,133.08
00:23.3,1127.5,167.57,241.85,244.23,5.97,133.94
00:23.4,1129.83,167.88,243.37,242.46,5.92,134.48
00:23.5,1132.16,168.24,244.92,240.72,5.88,134.69
00:23.5,1134.5,168.76,246.5,239,5.83,134.75
00:23.6,1136.85,169.58,248.12,237.29,5.78,134.89
00:23.6,1139.22,170.55,249.76,235.6,5.73,135.16
00:23.6,1141.59,171.54,251.43,233.91,5.68,135.7
00:23.7,1143.98,172.53,253.13,232.22,5.63,136.37
00:23.8,1146.38,173.49,254.85,230.55,5.58,137.07
00:23.8,1148.8,174.51,256.6,228.88,5.53,137.67
00:23.8,1151.23,175.46,258.37,227.23,5.49,137.93
00:23.9,1153.67,175.5,260.17,225.57,5.45,138
00:23.9,1156.1,174.17,261.96,223.94,5.41,137.88
00:24.0,1158.5,172.11,263.74,222.32,5.38,137.63
00:24.0,1160.88,169.56,265.49,220.71,5.34,137.34
00:24.1,1163.21,166.75,267.21,219.13,5.31,137.02
00:24.1,1165.51,163.83,268.89,217.57,5.27,136.63
00:24.2,1167.76,160.78,270.54,216.03,5.24,136.12
00:24.2,1169.97,157.58,272.14,214.51,5.21,135.64
00:24.3,1172.14,154.46,273.7,213.01,5.18,135.16
00:24.4,1174.26,151.22,275.23,211.53,5.15,134.64
00:24.4,1176.34,148.19,276.7,210.06,5.13,134.11
00:24.4,1178.38,145.29,278.14,208.62,5.11,133.47
00:24.5,1180.38,142.58,279.53,207.19,5.08,132.73
00:24.6,1182.34,139.93,280.89,205.77,5.06,131.99
00:24.6,1184.26,137.34,282.2,204.36,5.04,131.46
00:24.6,1186.16,134.98,283.47,202.96,5.02,130.96
00:24.7,1188.02,132.84,284.71,201.57,5,130.36
00:24.8,1189.85,130.98,285.91,200.19,4.98,129.69
00:24.8,1191.65,129.28,287.07,198.81,4.96,128.87
00:24.8,1193.44,127.81,288.2,197.42,4.93,127.8
00:24.9,1195.21,126.52,289.3,196.04,4.91,126.65
00:24.9,1196.95,125.36,290.35,194.64,4.88,125.7
00:25.0,1198.69,124.25,291.38,193.24,4.86,124.68
00:25.1,1200.41,123.47,292.36,191.84,4.83,123.45
00:25.1,1202.12,122.88,293.32,190.42,4.8,122.27
00:25.1,1203.82,122.41,294.25,188.99,4.77,121.25
00:25.2,1205.52,121.96,295.15,187.55,4.73,120.21
00:25.3,1207.21,121.54,296.01,186.1,4.7,119
00:25.3,1208.89,121.14,296.84,184.63,4.67,117.72
00:25.4,1210.57,120.81,297.63,183.15,4.63,116.5
00:25.4,1212.25,120.54,298.4,181.66,4.6,115.36
00:25.5,1213.92,120.3,299.13,180.16,4.56,114.12
00:25.5,1215.59,120.07,299.83,178.64,4.52,112.82
00:25.6,1217.25,119.82,300.5,177.12,4.47,111.62
00:25.6,1218.91,119.56,301.13,175.58,4.42,110.29
00:25.6,1220.57,119.3,301.73,174.03,4.37,108.83
00:25.7,1222.23,119.02,302.28,172.48,4.32,107.47
00:25.8,1223.88,118.73,302.8,170.91,4.26,106.09
00:25.8,1225.52,118.44,303.28,169.33,4.21,104.57
00:25.9,1227.16,118.14,303.72,167.75,4.15,103.12
00:25.9,1228.8,117.8,304.12,166.17,4.1,101.64
00:25.9,1230.43,117.45,304.48,164.57,4.04,99.81
00:26.0,1232.06,117.08,304.8,162.98,3.98,97.85
00:26.1,1233.68,116.66,305.07,161.38,3.92,96.02
00:26.1,1235.3,116.21,305.28,159.78,3.86,94.27
00:26.1,1236.91,115.73,305.45,158.17,3.81,92.56
00:26.2,1238.51,115.23,305.57,156.58,3.76,90.87
00:26.3,1240.11,114.75,305.63,154.98,3.72,89.27
00:26.3,1241.7,114.31,305.65,153.39,3.69,87.89
00:26.3,1243.28,113.89,305.62,151.81,3.65,86.7
00:26.4,1244.86,113.43,305.55,150.23,3.61,85.21
00:26.5,1246.44,113.04,305.44,148.66,3.58,83.18
00:26.5,1248.01,112.77,305.27,147.1,3.55,81.12
00:26.5,1249.57,112.54,305.06,145.55,3.53,79.29
00:26.6,1251.13,112.43,304.79,144.02,3.52,77.65
00:26.6,1252.7,112.39,304.47,142.49,3.52,76.05
00:26.7,1254.26,112.51,304.1,140.97,3.52,74.19
00:26.8,1255.82,112.66,303.69,139.46,3.52,72.5
00:26.8,1257.39,112.85,303.24,137.96,3.52,70.87
00:26.8,1258.96,113.18,302.74,136.47,3.52,69.08
00:26.9,1260.53,113.65,302.2,134.99,3.53,67.34
00:26.9,1262.12,114.25,301.61,133.53,3.55,65.84
00:27.0,1263.71,114.92,300.97,132.07,3.57,64.57
00:27.1,1265.31,115.65,300.3,130.62,3.59,63.32
00:27.1,1266.92,116.36,299.58,129.17,3.62,62.03
00:27.1,1268.54,117.02,298.83,127.74,3.64,60.56
00:27.2,1270.17,117.68,298.04,126.31,3.67,58.8
00:27.2,1271.81,118.32,297.21,124.9,3.69,57
00:27.3,1273.46,118.92,296.34,123.5,3.71,55.18
00:27.4,1275.11,119.55,295.42,122.12,3.74,53.3
00:27.4,1276.77,120.19,294.47,120.76,3.76,51.59
00:27.4,1278.45,120.82,293.48,119.41,3.79,50.2
00:27.5,1280.13,121.46,292.45,118.08,3.81,49
00:27.6,1281.82,122.18,291.38,116.77,3.83,47.83
00:27.6,1283.52,123.04,290.28,115.47,3.85,46.73
00:27.6,1285.23,123.88,289.14,114.18,3.86,45.52
00:27.7,1286.96,124.68,287.98,112.91,3.87,44.04
00:27.8,1288.69,125.7,286.77,111.66,3.87,42.54
00:27.8,1290.45,126.86,285.53,110.42,3.88,41.26
00:27.8,1292.21,128.12,284.25,109.19,3.88,40.21
00:27.9,1294,129.25,282.94,107.98,3.89,39.45
00:28.0,1295.8,130.38,281.59,106.78,3.89,38.55
00:28.0,1297.62,131.71,280.22,105.59,3.89,37.69
00:28.0,1299.46,133.09,278.8,104.42,3.89,37.2
00:28.1,1301.32,134.46,277.36,103.25,3.89,37.1
00:28.1,1303.19,135.68,275.89,102.08,3.88,37.16
00:28.2,1305.09,137.06,274.4,100.92,3.88,37.12
00:28.2,1307,138.55,272.88,99.74,3.87,37.17
00:28.3,1308.93,139.86,271.35,98.57,3.87,37.27
00:28.4,1310.89,141.17,269.8,97.38,3.87,37.22
00:28.4,1312.86,142.45,268.23,96.2,3.86,36.99
00:28.5,1314.84,143.74,266.64,95,3.87,36.58
00:28.5,1316.85,145.02,265.03,93.8,3.87,36.19
00:28.6,1318.87,146.26,263.4,92.61,3.88,35.9
00:28.6,1320.91,147.45,261.75,91.41,3.88,35.61
00:28.6,1322.97,148.69,260.08,90.21,3.89,35.3
00:28.7,1325.04,149.92,258.39,89,3.9,35
00:28.7,1327.13,151.11,256.68,87.8,3.92,34.73
00:28.8,1329.24,152.1,254.95,86.6,3.94,34.38
00:28.9,1331.35,152.19,253.21,85.4,3.96,33.85
00:28.9,1333.46,151.5,251.46,84.22,3.99,33.16
00:29.0,1335.56,150.38,249.71,83.07,4.02,32.49
00:29.0,1337.64,148.99,247.96,81.95,4.05,31.96
00:29.1,1339.7,147.43,246.22,80.85,4.08,31.38
00:29.1,1341.73,145.76,244.48,79.78,4.11,30.61
00:29.1,1343.75,143.94,242.76,78.75,4.14,29.63
00:29.2,1345.73,142.05,241.04,77.76,4.18,28.39
00:29.3,1347.69,140.24,239.32,76.81,4.21,27.35
00:29.3,1349.63,138.49,237.62,75.89,4.24,26.48
00:29.3,1351.54,136.9,235.92,75.02,4.28,25.45
00:29.4,1353.43,135.5,234.22,74.18,4.3,24.41
00:29.5,1355.3,134.22,232.53,73.38,4.33,23.46
00:29.5,1357.15,133.02,230.84,72.61,4.35,22.3
00:29.5,1359,132.04,229.15,71.88,4.36,20.9
00:29.6,1360.82,131.19,227.46,71.2,4.38,19.69
00:29.6,1362.64,130.31,225.76,70.55,4.39,18.59
00:29.7,1364.44,129.42,224.06,69.94,4.4,17.35
00:29.7,1366.23,128.62,222.36,69.37,4.41,15.83
00:29.8,1368.01,127.97,220.66,68.84,4.41,14.14
00:29.9,1369.78,127.43,218.96,68.35,4.41,12.5
00:29.9,1371.55,126.89,217.25,67.91,4.4,10.75
00:30.0,1373.3,126.41,215.54,67.5,4.4,8.7
00:30.0,1375.05,125.93,213.82,67.15,4.4,6.79
00:30.1,1376.8,125.45,212.1,66.85,4.4,5.34
00:30.1,1378.53,124.99,210.38,66.6,4.41,4.02
00:30.1,1380.26,124.57,208.66,66.4,4.41,2.59
00:30.2,1381.99,124.17,206.94,66.24,4.42,1.34
00:30.3,1383.71,123.76,205.22,66.12,4.42,0.36
00:30.3,1385.43,123.35,203.51,66.05,4.43,-0.76
00:30.4,1387.14,122.95,201.8,66.03,4.43,-2.01
00:30.4,1388.84,122.56,200.09,66.05,4.44,-3.22
00:30.5,1390.54,122.21,198.39,66.11,4.45,-4.44
00:30.5,1392.23,121.85,196.7,66.22,4.45,-5.74
00:30.6,1393.92,121.5,195.02,66.37,4.46,-7.22
00:30.6,1395.61,121.15,193.34,66.56,4.47,-8.74
00:30.6,1397.29,120.77,191.68,66.79,4.48,-10.27
00:30.7,1398.96,120.37,190.03,67.07,4.49,-12
00:30.7,1400.63,119.95,188.39,67.39,4.51,-13.79
00:30.8,1402.29,119.5,186.77,67.76,4.52,-15.54
00:30.9,1403.95,119.07,185.17,68.17,4.54,-17.32
00:30.9,1405.6,118.65,183.58,68.62,4.57,-18.89
00:30.9,1407.24,118.25,182.01,69.12,4.59,-20.41
00:31.0,1408.88,117.85,180.46,69.65,4.61,-22.01
00:31.0,1410.52,117.57,178.93,70.22,4.62,-23.8
00:31.1,1412.15,117.3,177.41,70.82,4.64,-25.53
00:31.2,1413.77,117.1,175.92,71.47,4.66,-27.04
00:31.2,1415.4,116.91,174.45,72.16,4.68,-28.74
00:31.2,1417.02,116.88,173,72.9,4.7,-30.54
00:31.3,1418.64,116.84,171.58,73.67,4.73,-31.8
00:31.4,1420.26,116.85,170.17,74.49,4.77,-32.96
00:31.4,1421.89,117.07,168.79,75.34,4.8,-34.26
00:31.4,1423.51,117.24,167.42,76.22,4.83,-35.43
00:31.5,1425.14,117.43,166.08,77.14,4.86,-36.75
00:31.6,1426.77,117.65,164.75,78.09,4.88,-38.27
00:31.6,1428.41,117.83,163.44,79.07,4.91,-39.86
00:31.6,1430.04,118.02,162.16,80.09,4.93,-41.4
00:31.7,1431.68,118.17,160.91,81.15,4.96,-42.89
00:31.8,1433.32,118.35,159.68,82.24,4.98,-44.5
00:31.8,1434.97,118.55,158.48,83.37,5.01,-46.23
00:31.9,1436.62,118.82,157.32,84.53,5.05,-47.9
00:31.9,1438.27,119.16,156.18,85.73,5.09,-49.38
00:32.0,1439.93,119.59,155.08,86.97,5.13,-50.84
00:32.0,1441.59,120.12,154,88.23,5.17,-52.27
00:32.1,1443.26,120.66,152.95,89.53,5.21,-53.77
00:32.1,1444.94,121.28,151.92,90.86,5.25,-55.37
00:32.1,1446.63,121.86,150.93,92.23,5.29,-56.92
00:32.2,1448.32,122.37,149.96,93.62,5.32,-58.63
00:32.2,1450.02,122.95,149.02,95.04,5.36,-60.69
00:32.3,1451.73,123.6,148.12,96.5,5.4,-62.86
00:32.4,1453.45,124.21,147.26,97.98,5.44,-64.79
00:32.4,1455.18,124.75,146.43,99.5,5.49,-66.55
00:32.5,1456.91,125.28,145.64,101.05,5.54,-68.38
00:32.5,1458.65,125.74,144.89,102.62,5.58,-70.34
00:32.5,1460.39,126.07,144.17,104.21,5.62,-72.34
00:32.6,1462.14,126.35,143.48,105.83,5.67,-74.56
00:32.6,1463.89,126.68,142.84,107.46,5.71,-76.9
00:32.7,1465.64,126.96,142.22,109.11,5.75,-79
00:32.7,1467.4,127.17,141.65,110.78,5.79,-80.65
00:32.8,1469.16,127.32,141.1,112.46,5.83,-81.77
00:32.8,1470.93,127.41,140.58,114.15,5.86,-82.43
00:32.9,1472.7,127.55,140.11,115.85,5.9,-82.65
00:33.0,1474.47,127.88,139.66,117.57,5.93,-82.31
00:33.0,1476.25,128.5,139.25,119.3,5.97,-81.31
00:33.0,1478.05,129.51,138.87,121.05,6.01,-79.83
00:33.1,1479.86,130.76,138.51,122.82,6.04,-78.79
00:33.2,1481.68,132.14,138.15,124.61,6.08,-78.67
00:33.2,1483.53,133.5,137.8,126.42,6.12,-79.27
00:33.2,1485.39,134.82,137.46,128.25,6.16,-80.19
00:33.3,1487.27,136.11,137.13,130.11,6.2,-81.07
00:33.3,1489.17,137.29,136.82,131.98,6.23,-81.95
00:33.4,1491.08,138.39,136.53,133.87,6.26,-83.09
00:33.5,1493.01,139.57,136.26,135.78,6.28,-84.47
00:33.5,1494.96,140.75,136.01,137.71,6.29,-85.75
00:33.5,1496.92,141.9,135.79,139.66,6.31,-86.65
00:33.6,1498.9,143.22,135.59,141.63,6.32,-87.08
00:33.6,1500.9,144.5,135.41,143.62,6.34,-86.98
00:33.7,1502.91,145.69,135.27,145.63,6.37,-86.94
00:33.8,1504.94,146.94,135.14,147.66,6.39,-87.21
00:33.8,1506.99,148.1,135.03,149.71,6.42,-87.67
00:33.9,1509.06,149.26,134.94,151.77,6.45,-88.28
00:33.9,1511.14,150.39,134.87,153.85,6.48,-88.97
00:34.0,1513.24,151.53,134.82,155.94,6.51,-89.74
00:34.0,1515.35,152.68,134.79,158.06,6.54,-90.49
00:34.0,1517.48,153.78,134.78,160.18,6.57,-91.16
00:34.1,1519.62,154.89,134.8,162.33,6.6,-91.8
00:34.1,1521.78,155.99,134.85,164.48,6.64,-92.31
00:34.2,1523.95,157.04,134.91,166.66,6.68,-92.79
00:34.2,1526.14,158.09,135,168.84,6.72,-93.33
00:34.3,1528.34,159.15,135.11,171.04,6.76,-93.95
00:34.3,1530.56,160.23,135.24,173.26,6.8,-94.52
00:34.4,1532.79,161.25,135.4,175.48,6.84,-94.98
00:34.5,1535.04,162.27,135.57,177.72,6.87,-95.47
00:34.5,1537.3,163.33,135.77,179.97,6.91,-95.92
00:34.6,1539.57,164.29,135.98,182.24,6.95,-96.35
00:34.6,1541.86,165.31,136.22,184.52,6.98,-96.85
00:34.6,1544.17,166.36,136.48,186.8,7.02,-97.3
00:34.7,1546.49,167.33,136.75,189.1,7.06,-97.58
00:34.8,1548.82,168.31,137.05,191.42,7.11,-97.91
00:34.8,1551.16,169.28,137.36,193.74,7.15,-98.24
00:34.8,1553.52,170.23,137.68,196.07,7.19,-98.56
00:34.9,1555.89,171.18,138.03,198.42,7.24,-98.89
00:35.0,1558.27,172.15,138.38,200.78,7.28,-99.19
00:35.0,1560.67,173.08,138.75,203.15,7.32,-99.39
00:35.0,1563.08,174.01,139.13,205.52,7.37,-99.57
00:35.1,1565.5,174.95,139.53,207.92,7.41,-99.73
00:35.2,1567.94,175.87,139.93,210.32,7.46,-99.84
00:35.2,1570.39,176.79,140.34,212.73,7.51,-99.9
00:35.3,1572.85,177.65,140.76,215.16,7.56,-99.84
00:35.3,1575.32,178.57,141.18,217.59,7.61,-99.64
00:35.3,1577.81,179.44,141.59,220.04,7.66,-99.31
00:35.4,1580.31,180.26,142,222.51,7.7,-98.81
00:35.5,1582.82,181.17,142.39,224.99,7.75,-98.22
00:35.5,1585.34,182.01,142.77,227.48,7.8,-97.71
00:35.5,1587.87,182.84,143.13,229.99,7.85,-97.17
00:35.6,1590.42,183.66,143.46,232.51,7.91,-96.6
00:35.7,1592.98,184.49,143.78,235.05,7.96,-96.04
00:35.7,1595.54,185.3,144.08,237.6,8.02,-95.57
00:35.7,1598.12,186.11,144.35,240.16,8.09,-95.19
00:35.8,1600.71,186.9,144.6,242.74,8.16,-94.86
00:35.9,1603.31,187.68,144.84,245.33,8.24,-94.54
00:35.9,1605.93,188.47,145.07,247.93,8.32,-94.19
00:36.0,1608.55,188.85,145.27,250.54,8.41,-93.88
00:36.0,1611.17,187.82,145.46,253.15,8.49,-93.63
00:36.1,1613.76,186.01,145.64,255.74,8.58,-93.42
00:36.1,1616.33,183.73,145.81,258.3,8.67,-93.18
00:36.1,1618.86,181.03,145.96,260.83,8.76,-92.98
00:36.2,1621.36,178.13,146.1,263.32,8.84,-92.88
00:36.2,1623.81,175.23,146.23,265.76,8.93,-92.75
00:36.3,1626.22,172.31,146.36,268.17,9.01,-92.52
00:36.3,1628.6,169.33,146.47,270.54,9.08,-92.12
00:36.4,1630.92,165.95,146.58,272.87,9.15,-91.81
00:36.5,1633.21,162.65,146.67,275.15,9.23,-91.73
00:36.5,1635.44,159.57,146.75,277.38,9.3,-91.53
00:36.6,1637.64,156.76,146.81,279.58,9.38,-91.33
00:36.6,1639.8,153.93,146.87,281.73,9.45,-91.13
00:36.6,1641.92,151.19,146.92,283.85,9.52,-90.83
00:36.7,1644,148.47,146.95,285.93,9.59,-90.56
00:36.7,1646.04,145.66,146.98,287.97,9.66,-90.37
00:36.8,1648.04,142.84,147,289.97,9.72,-90.19
00:36.8,1650.01,140,147.01,291.93,9.79,-89.96
00:36.9,1651.93,137.2,147.02,293.86,9.86,-89.69
00:37.0,1653.82,134.53,147.02,295.74,9.92,-89.28
00:37.0,1655.67,131.89,147.01,297.59,9.98,-88.6
00:37.0,1657.48,129.01,146.99,299.41,10.03,-87.89
00:37.1,1659.25,126.17,146.95,301.18,10.09,-87.11
00:37.2,1660.99,123.44,146.9,302.91,10.14,-86.2
00:37.2,1662.68,120.77,146.83,304.6,10.2,-85.68
00:37.3,1664.34,118.35,146.74,306.26,10.26,-85.18
00:37.3,1665.97,116.25,146.63,307.88,10.31,-84.84
00:37.4,1667.57,114.55,146.51,309.48,10.36,-84.53
00:37.4,1669.15,112.94,146.37,311.05,10.4,-83.51
00:37.5,1670.71,110.84,146.22,312.6,10.43,-82.63
00:37.5,1672.23,108.54,146.04,314.11,10.46,-81.66
00:37.5,1673.72,106.27,145.84,315.59,10.5,-80.52
00:37.6,1675.18,104.1,145.61,317.03,10.55,-79.83
00:37.6,1676.62,102.06,145.35,318.44,10.6,-79.21
00:37.7,1678.02,100.3,145.09,319.82,10.65,-78.16
00:37.7,1679.4,98.91,144.8,321.17,10.69,-76.8
00:37.8,1680.77,97.67,144.49,322.5,10.73,-75.46
00:37.9,1682.12,96.56,144.16,323.81,10.77,-74.01
00:37.9,1683.45,95.6,143.8,325.09,10.8,-72.32
00:38.0,1684.77,94.66,143.4,326.35,10.83,-70.63
00:38.0,1686.08,93.78,142.97,327.59,10.86,-68.89
00:38.1,1687.38,93.07,142.51,328.8,10.89,-66.9
00:38.1,1688.66,92.41,142.02,329.99,10.92,-64.89
00:38.2,1689.94,91.66,141.5,331.15,10.95,-62.99
00:38.2,1691.21,90.81,140.94,332.29,10.98,-61.12
00:38.2,1692.46,89.89,140.36,333.4,11.01,-59.23
00:38.3,1693.7,88.93,139.74,334.48,11.04,-57.36
00:38.4,1694.93,88.01,139.11,335.53,11.07,-55.54
00:38.4,1696.15,87.11,138.44,336.55,11.09,-53.72
00:38.5,1697.35,86.2,137.75,337.54,11.12,-51.92
00:38.5,1698.54,85.25,137.04,338.49,11.15,-50.17
00:38.6,1699.71,84.26,136.3,339.41,11.17,-48.49
00:38.6,1700.88,83.25,135.54,340.29,11.2,-46.87
00:38.6,1702.03,82.22,134.77,341.13,11.22,-45.28
00:38.7,1703.16,81.17,133.97,341.94,11.25,-43.62
00:38.8,1704.28,80.18,133.16,342.72,11.28,-41.91
00:38.8,1705.39,79.19,132.34,343.45,11.3,-40.2
00:38.8,1706.48,78.19,131.5,344.15,11.33,-38.43
00:38.9,1707.56,77.21,130.65,344.82,11.35,-36.51
00:39.0,1708.63,76.25,129.78,345.44,11.38,-34.48
00:39.0,1709.68,75.32,128.91,346.03,11.4,-32.41
00:39.0,1710.73,74.45,128.03,346.58,11.43,-30.33
00:39.1,1711.76,73.74,127.13,347.08,11.45,-28.21
00:39.2,1712.78,73.24,126.23,347.56,11.48,-26.06
00:39.2,1713.79,72.87,125.31,347.99,11.5,-23.95
00:39.3,1714.81,72.66,124.38,348.39,11.53,-21.88
00:39.3,1715.82,72.54,123.44,348.75,11.55,-19.84
00:39.3,1716.83,72.58,122.49,349.08,11.57,-17.81
00:39.4,1717.84,72.73,121.52,349.37,11.6,-15.8
00:39.5,1718.85,72.97,120.55,349.63,11.62,-13.79
00:39.5,1719.87,73.32,119.56,349.85,11.64,-11.73
00:39.5,1720.89,73.8,118.55,350.04,11.66,-9.62
00:39.6,1721.92,74.44,117.54,350.19,11.69,-7.45
00:39.6,1722.96,75.21,116.5,350.31,11.71,-5.22
00:39.7,1724.02,76.12,115.46,350.4,11.73,-2.95
00:39.7,1725.08,77.12,114.39,350.45,11.75,-0.73
00:39.8,1726.16,78.18,113.32,350.46,11.78,1.44
00:39.9,1727.25,79.22,112.22,350.45,11.8,3.59
00:39.9,1728.36,80.21,111.12,350.39,11.82,5.74
00:40.0,1729.48,81.17,110,350.31,11.83,7.89
00:40.0,1730.61,82.11,108.87,350.18,11.85,10
00:40.0,1731.76,83.05,107.74,350.03,11.87,11.98
00:40.1,1732.91,84.02,106.59,349.83,11.88,13.75
00:40.2,1734.09,85.01,105.44,349.6,11.9,15.19
00:40.2,1735.27,86.13,104.29,349.34,11.91,16.22
00:40.2,1736.48,87.44,103.12,349.04,11.93,16.88
00:40.3,1737.7,88.87,101.94,348.72,11.94,17.19
00:40.3,1738.95,90.4,100.74,348.37,11.95,17.44
00:40.4,1740.21,92.03,99.53,348,11.96,18.03
00:40.5,1741.5,93.76,98.31,347.6,11.97,19.1
00:40.5,1742.82,95.6,97.06,347.17,11.98,20.4
00:40.6,1744.16,97.51,95.8,346.7,11.99,21.48
00:40.6,1745.53,99.29,94.53,346.21,12.01,22.34
00:40.6,1746.92,100.79,93.24,345.7,12.03,23.2
00:40.7,1748.33,102.46,91.94,345.16,12.04,24.24
00:40.8,1749.77,104.41,90.62,344.59,12.06,25
00:40.8,1751.23,106.17,89.28,343.99,12.09,25.32
00:40.9,1752.71,107.72,87.94,343.36,12.11,25.72
00:40.9,1754.22,109.43,86.57,342.72,12.14,26.04
00:41.0,1755.75,111.25,85.19,342.05,12.17,26.22
00:41.0,1757.31,112.93,83.79,341.37,12.2,26.34
00:41.0,1758.89,114.56,82.38,340.67,12.23,26.59
00:41.1,1760.5,116.22,80.95,339.95,12.26,27.03
00:41.1,1762.12,117.85,79.5,339.21,12.3,27.51
00:41.2,1763.77,119.42,78.04,338.45,12.35,27.94
00:41.3,1765.44,120.88,76.57,337.67,12.39,28.38
00:41.3,1767.13,122.36,75.08,336.87,12.44,28.93
00:41.3,1768.84,123.92,73.58,336.04,12.49,29.43
00:41.4,1770.57,125.38,72.07,335.2,12.54,29.82
00:41.5,1772.32,126.81,70.55,334.33,12.6,30.18
00:41.5,1774.09,128.19,69.02,333.44,12.65,30.51
00:41.6,1775.88,129.47,67.48,332.54,12.7,30.9
00:41.6,1777.69,130.74,65.93,331.61,12.74,31.43
00:41.7,1779.51,132.17,64.36,330.67,12.79,31.94
00:41.7,1781.36,133.6,62.79,329.71,12.83,32.35
00:41.7,1783.22,134.96,61.21,328.72,12.87,32.58
00:41.8,1785.11,136.29,59.61,327.72,12.91,32.71
00:41.8,1787.01,137.57,58.01,326.69,12.95,32.81
00:41.9,1788.93,138.9,56.4,325.66,13,32.93
00:42.0,1790.87,140.19,54.77,324.6,13.05,33.07
00:42.0,1792.82,141.43,53.13,323.54,13.09,33.22
00:42.1,1794.79,142.67,51.48,322.46,13.14,33.37
00:42.1,1796.78,143.84,49.82,321.37,13.18,33.54
00:42.1,1798.79,145.07,48.14,320.26,13.22,33.78
00:42.2,1800.81,146.32,46.46,319.14,13.26,34
00:42.2,1802.85,147.53,44.76,318.01,13.3,34.15
00:42.3,1804.91,148.7,43.06,316.86,13.33,34.18
00:42.4,1806.98,149.89,41.34,315.69,13.37,34.21
00:42.4,1809.07,151.04,39.61,314.52,13.4,34.24
00:42.5,1811.18,152.25,37.87,313.33,13.44,34.29
00:42.5,1813.3,153.42,36.12,312.14,13.48,34.38
00:42.5,1815.44,154.56,34.36,310.93,13.52,34.47
00:42.6,1817.6,155.72,32.58,309.71,13.57,34.57
00:42.7,1819.77,156.85,30.8,308.47,13.62,34.65
00:42.7,1821.95,157.92,29,307.23,13.68,34.71
00:42.8,1824.15,158.99,27.19,305.98,13.72,34.82
00:42.8,1826.37,160.04,25.37,304.71,13.77,34.96
00:42.9,1828.6,161.1,23.54,303.44,13.81,35.14
00:42.9,1830.84,162.2,21.71,302.15,13.85,35.3
00:43.0,1833.1,163.19,19.86,300.84,13.9,35.41
00:43.0,1835.38,164.22,18.01,299.53,13.94,35.53
00:43.1,1837.67,165.31,16.14,298.2,13.98,35.59
00:43.1,1839.97,166.33,14.27,296.86,14.02,35.58
00:43.1,1842.28,167.3,12.38,295.52,14.07,35.56
00:43.2,1844.61,168.23,10.49,294.16,14.12,35.56
00:43.2,1846.96,169.19,8.59,292.79,14.16,35.55
00:43.3,1849.31,170.16,6.67,291.42,14.2,35.62
00:43.4,1851.68,171.15,4.75,290.04,14.23,35.74
00:43.4,1854.07,172.13,2.81,288.65,14.27,35.82
00:43.5,1856.47,173.1,0.87,287.25,14.31,35.89
00:43.5,1858.88,174.07,-1.09,285.84,14.36,35.93
00:43.6,1861.3,174.99,-3.05,284.42,14.41,35.97
00:43.6,1863.74,175.92,-5.03,282.99,14.46,36.04
00:43.6,1866.19,176.82,-7.01,281.55,14.51,36.09
00:43.7,1868.65,177.71,-9,280.1,14.55,36.12
00:43.7,1871.12,178.62,-11,278.64,14.59,36.14
00:43.8,1873.61,179.51,-13.01,277.18,14.64,36.17
00:43.8,1876.11,180.39,-15.02,275.7,14.68,36.2
00:43.9,1878.62,181.26,-17.05,274.22,14.72,36.21
00:44.0,1881.15,182.13,-19.09,272.73,14.77,36.2
00:44.0,1883.68,182.95,-21.13,271.23,14.81,36.16
00:44.0,1886.23,183.83,-23.19,269.73,14.86,36.1
00:44.1,1888.79,184.64,-25.25,268.22,14.9,36
00:44.1,1891.36,185.48,-27.33,266.7,14.93,35.88
00:44.2,1893.94,186.34,-29.42,265.19,14.97,35.78
00:44.2,1896.53,187.15,-31.52,263.67,15.01,35.74
00:44.3,1899.14,187.96,-33.63,262.14,15.06,35.74
00:44.4,1901.75,188.76,-35.75,260.61,15.11,35.75
00:44.4,1904.38,189.53,-37.88,259.07,15.16,35.79
00:44.5,1907.02,190.38,-40.02,257.53,15.21,35.79
00:44.5,1909.67,191.22,-42.17,255.98,15.25,35.81
00:44.5,1912.33,192,-44.33,254.43,15.31,35.79
00:44.6,1915,192.76,-46.5,252.87,15.36,35.65
00:44.7,1917.68,193.47,-48.68,251.3,15.41,35.46
00:44.7,1920.38,194.24,-50.87,249.74,15.46,35.22
00:44.8,1923.08,195,-53.07,248.17,15.51,35.06
00:44.8,1925.79,195.73,-55.28,246.61,15.55,34.95
00:44.8,1928.52,196.48,-57.51,245.04,15.6,34.87
00:44.9,1931.25,197.23,-59.75,243.47,15.65,34.83
00:45.0,1933.99,197.96,-62,241.9,15.69,34.81
00:45.0,1936.75,198.68,-64.26,240.32,15.74,34.79
00:45.0,1939.51,199.39,-66.52,238.74,15.79,34.76
00:45.1,1942.29,200.1,-68.8,237.16,15.84,34.74
00:45.2,1945.07,200.81,-71.09,235.57,15.89,34.71
00:45.2,1947.87,201.53,-73.38,233.98,15.94,34.69
00:45.2,1950.67,202.23,-75.69,232.38,15.99,34.66
00:45.3,1953.48,202.91,-78,230.78,16.04,34.64
00:45.4,1956.31,203.59,-80.32,229.17,16.1,34.62
00:45.4,1959.14,204.27,-82.65,227.56,16.15,34.6
00:45.5,1961.98,204.93,-84.99,225.94,16.2,34.57
00:45.5,1964.83,205.61,-87.33,224.33,16.25,34.54
00:45.6,1967.69,206.26,-89.69,222.7,16.3,34.51
00:45.6,1970.56,206.9,-92.05,221.08,16.35,34.48
00:45.6,1973.44,207.54,-94.42,219.44,16.41,34.43
00:45.7,1976.33,208.18,-96.8,217.81,16.46,34.39
00:45.8,1979.22,208.81,-99.19,216.17,16.52,34.41
00:45.8,1982.13,209.42,-101.58,214.53,16.58,34.56
00:45.8,1985.04,210.05,-103.98,212.87,16.63,34.88
00:45.9,1987.96,210.69,-106.38,211.21,16.68,35.29
00:46.0,1990.89,211.3,-108.77,209.52,16.74,35.69
00:46.0,1993.83,211.89,-111.17,207.82,16.79,36.1
00:46.0,1996.78,212.47,-113.56,206.1,16.85,36.5
00:46.1,1999.73,213.05,-115.95,204.36,16.9,36.9
00:46.2,2002.69,213.64,-118.33,202.6,16.96,37.3
00:46.2,2005.67,214.23,-120.71,200.82,17.01,37.67
00:46.3,2008.64,214.81,-123.08,199.02,17.06,38.04
00:46.3,2011.63,215.39,-125.45,197.2,17.11,38.42
00:46.3,2014.63,215.97,-127.81,195.36,17.16,38.8
00:46.4,2017.63,216.54,-130.17,193.49,17.21,39.15
00:46.5,2020.64,217.1,-132.52,191.61,17.25,39.56
00:46.5,2023.66,217.68,-134.86,189.71,17.3,40.02
00:46.5,2026.69,218.22,-137.19,187.78,17.35,40.46
00:46.6,2029.72,218.78,-139.52,185.83,17.41,40.93
00:46.7,2032.76,219.31,-141.84,183.86,17.46,41.44
00:46.7,2035.81,219.82,-144.14,181.86,17.51,42.06
00:46.7,2038.87,220.36,-146.43,179.84,17.56,42.75
00:46.8,2041.93,220.87,-148.71,177.79,17.6,43.39
00:46.8,2045,221.38,-150.97,175.72,17.65,44.02
00:46.9,2048.08,221.87,-153.22,173.61,17.69,44.59
00:47.0,2051.16,222.3,-155.45,171.48,17.72,45.28
00:47.0,2054.26,222.83,-157.67,169.33,17.74,46.22
00:47.0,2057.35,223.32,-159.86,167.14,17.77,46.98
00:47.1,2060.46,223.79,-162.03,164.92,17.79,47.59
00:47.1,2063.57,224.3,-164.18,162.67,17.82,48.04
00:47.2,2066.69,224.8,-166.31,160.39,17.86,48.32
00:47.3,2069.81,225.28,-168.42,158.08,17.9,48.68
00:47.3,2072.95,225.78,-170.51,155.75,17.95,49.24
00:47.4,2076.09,226.27,-172.58,153.39,18,49.87
00:47.4,2079.23,226.73,-174.63,151.01,18.06,50.53
00:47.5,2082.38,227.21,-176.67,148.6,18.11,51.22
00:47.5,2085.54,227.64,-178.68,146.17,18.17,51.87
00:47.5,2088.71,228.09,-180.67,143.71,18.21,52.59
00:47.6,2091.88,228.55,-182.65,141.23,18.26,53.28
00:47.7,2095.05,228.97,-184.59,138.72,18.3,53.96
00:47.7,2098.24,229.41,-186.52,136.18,18.34,54.67
00:47.7,2101.42,229.83,-188.42,133.62,18.37,55.31
00:47.8,2104.62,230.26,-190.29,131.03,18.41,55.94
00:47.8,2107.82,230.69,-192.14,128.42,18.44,56.48
00:47.9,2111.03,231.12,-193.96,125.78,18.47,56.99
00:47.9,2114.24,231.56,-195.76,123.12,18.5,57.51
00:48.0,2117.46,232,-197.54,120.44,18.53,58.01
00:48.1,2120.68,232.46,-199.29,117.73,18.56,58.42
00:48.1,2123.91,232.89,-201.02,115,18.59,58.75
00:48.1,2127.15,233.33,-202.73,112.25,18.63,59.15
00:48.2,2130.39,233.77,-204.43,109.49,18.65,59.64
00:48.3,2133.64,234.19,-206.11,106.71,18.67,60.23
00:48.3,2136.9,234.36,-207.76,103.9,18.69,60.82
00:48.3,2140.15,233.34,-209.39,101.09,18.7,61.31
00:48.4,2143.37,231.17,-210.99,98.29,18.71,61.48
00:48.5,2146.56,228.32,-212.55,95.5,18.73,61.29
00:48.5,2149.71,225.12,-214.08,92.75,18.75,60.99
00:48.5,2152.81,221.71,-215.59,90.04,18.77,60.95
00:48.6,2155.87,218.29,-217.07,87.37,18.79,61.15
00:48.6,2158.88,214.97,-218.53,84.74,18.81,61.51
00:48.7,2161.84,211.67,-219.95,82.14,18.82,62
00:48.7,2164.76,208.26,-221.35,79.58,18.82,62.44
00:48.8,2167.62,204.55,-222.72,77.06,18.82,62.79
00:48.9,2170.44,200.6,-224.05,74.58,18.82,63.06
00:48.9,2173.2,196.76,-225.34,72.14,18.83,63.13
00:49.0,2175.9,193.26,-226.6,69.74,18.84,63.02
00:49.0,2178.57,190.06,-227.83,67.38,18.84,63.03
00:49.0,2181.18,186.74,-229.04,65.06,18.84,63.19
00:49.1,2183.75,183.52,-230.21,62.77,18.84,63.36
00:49.2,2186.28,180.55,-231.36,60.52,18.84,63.88
00:49.2,2188.77,177.19,-232.48,58.3,18.83,64.52
00:49.2,2191.2,173.83,-233.56,56.12,18.83,64.88
00:49.3,2193.6,170.82,-234.61,53.97,18.82,65.35
00:49.3,2195.95,167.54,-235.62,51.85,18.82,65.86
00:49.4,2198.25,164.14,-236.6,49.76,18.82,66.01
00:49.5,2200.51,161.06,-237.54,47.71,18.83,66.03
00:49.5,2202.73,158.37,-238.45,45.68,18.83,66.4
00:49.6,2204.91,155.84,-239.33,43.69,18.83,67.11
00:49.6,2207.05,153.22,-240.19,41.72,18.82,67.92
00:49.7,2209.16,150.56,-241.02,39.78,18.82,68.95
00:49.7,2211.23,147.68,-241.81,37.87,18.81,69.83
00:49.7,2213.27,145.12,-242.56,35.98,18.8,70.58
00:49.8,2215.26,142.67,-243.27,34.11,18.8,71.17
00:49.8,2217.23,140.32,-243.94,32.26,18.79,71.62
00:49.9,2219.16,138,-244.59,30.44,18.78,72.21
00:50.0,2221.06,135.55,-245.19,28.64,18.77,72.77
00:50.0,2222.93,133.29,-245.77,26.86,18.76,73.65
00:50.0,2224.76,130.9,-246.31,25.11,18.75,74.72
00:50.1,2226.56,128.53,-246.82,23.38,18.73,75.63
00:50.1,2228.33,126.27,-247.29,21.68,18.72,76.64
00:50.2,2230.07,124.02,-247.72,19.99,18.71,77.56
00:50.2,2231.78,121.92,-248.11,18.33,18.71,78.35
00:50.3,2233.46,119.9,-248.47,16.69,18.7,79.32
00:50.4,2235.11,117.89,-248.79,15.07,18.69,80.39
00:50.4,2236.73,115.86,-249.08,13.47,18.68,81.54
00:50.5,2238.33,113.89,-249.34,11.9,18.66,82.73
00:50.5,2239.89,112.12,-249.56,10.35,18.65,83.78
00:50.5,2241.44,110.61,-249.75,8.81,18.64,84.84
00:50.6,2242.96,109.18,-249.9,7.29,18.62,85.99
00:50.6,2244.47,107.87,-250.03,5.79,18.6,87.18
00:50.7,2245.96,106.63,-250.12,4.3,18.58,88.37
00:50.8,2247.43,105.4,-250.17,2.83,18.56,89.7
00:50.8,2248.89,104.26,-250.19,1.38,18.53,91.21
00:50.8,2250.33,103.2,-250.18,-0.06,18.5,92.61
00:50.9,2251.75,102.26,-250.14,-1.49,18.47,93.93
00:51.0,2253.16,101.43,-250.06,-2.9,18.44,95.45
00:51.0,2254.57,100.74,-249.95,-4.3,18.4,97.14
00:51.0,2255.96,100.17,-249.8,-5.69,18.36,98.84
00:51.1,2257.35,99.6,-249.62,-7.06,18.32,100.46
00:51.2,2258.73,99.06,-249.39,-8.42,18.27,102.14
00:51.2,2260.1,98.57,-249.13,-9.77,18.23,103.91
00:51.2,2261.46,98.14,-248.83,-11.1,18.18,105.63
00:51.3,2262.82,97.76,-248.5,-12.42,18.14,107.32
00:51.3,2264.18,97.42,-248.12,-13.72,18.09,109.07
00:51.4,2265.52,97.08,-247.71,-15,18.04,110.85
00:51.5,2266.87,96.75,-247.27,-16.27,17.99,112.52
00:51.5,2268.21,96.4,-246.78,-17.52,17.94,114.16
00:51.6,2269.55,96.07,-246.26,-18.75,17.89,115.87
00:51.6,2270.88,95.75,-245.71,-19.96,17.84,117.53
00:51.6,2272.2,95.43,-245.12,-21.15,17.79,119.08
00:51.7,2273.53,95.11,-244.49,-22.31,17.74,120.65
00:51.7,2274.84,94.79,-243.83,-23.46,17.69,122.32
00:51.8,2276.16,94.48,-243.14,-24.57,17.64,124.03
00:51.9,2277.47,94.17,-242.42,-25.67,17.6,125.71
00:51.9,2278.77,93.85,-241.67,-26.73,17.55,127.38
00:52.0,2280.07,93.52,-240.88,-27.77,17.5,129.17
00:52.0,2281.37,93.21,-240.07,-28.78,17.45,131.03
00:52.0,2282.66,92.89,-239.23,-29.76,17.4,132.8
00:52.1,2283.95,92.55,-238.37,-30.71,17.35,134.51
00:52.2,2285.23,92.21,-237.47,-31.63,17.31,136.28
00:52.2,2286.51,91.87,-236.56,-32.52,17.26,138.09
00:52.3,2287.78,91.5,-235.62,-33.38,17.21,139.86
00:52.3,2289.05,91.03,-234.66,-34.21,17.16,141.61
00:52.4,2290.31,90.54,-233.68,-35,17.11,143.46
00:52.4,2291.57,90.05,-232.68,-35.76,17.05,145.39
00:52.5,2292.81,89.56,-231.66,-36.48,17,147.22
00:52.5,2294.05,89.08,-230.63,-37.16,16.95,148.97
00:52.6,2295.29,88.64,-229.58,-37.81,16.9,150.79
00:52.6,2296.52,88.28,-228.51,-38.41,16.85,152.7
00:52.6,2297.74,87.94,-227.43,-38.99,16.8,154.54
00:52.7,2298.96,87.6,-226.34,-39.52,16.76,156.25
00:52.7,2300.17,87.41,-225.23,-40.02,16.71,157.95
00:52.8,2301.39,87.43,-224.11,-40.48,16.66,159.66
00:52.8,2302.6,87.57,-222.97,-40.9,16.61,161.25
00:52.9,2303.82,87.8,-221.82,-41.29,16.56,162.83
00:53.0,2305.04,88.09,-220.65,-41.65,16.51,164.47
00:53.0,2306.27,88.45,-219.47,-41.98,16.46,166.11
00:53.1,2307.5,88.83,-218.28,-42.27,16.4,167.85
00:53.1,2308.74,89.3,-217.07,-42.52,16.35,169.78
00:53.1,2309.98,89.8,-215.84,-42.74,16.3,171.72
00:53.2,2311.23,90.35,-214.61,-42.93,16.25,173.51
00:53.2,2312.49,90.92,-213.36,-43.07,16.2,175.24
00:53.3,2313.76,91.54,-212.1,-43.18,16.14,177.08
00:53.3,2315.03,92.17,-210.83,-43.26,16.09,179.09
00:53.4,2316.32,92.79,-209.54,-43.29,16.03,-178.84
00:53.5,2317.61,93.4,-208.25,-43.29,15.98,-176.83
00:53.5,2318.91,94.01,-206.95,-43.25,15.92,-174.9
00:53.5,2320.22,94.62,-205.65,-43.16,15.87,-173.1
00:53.6,2321.53,95.22,-204.33,-43.04,15.81,-171.43
00:53.7,2322.86,95.8,-203.02,-42.87,15.75,-169.73
00:53.7,2324.19,96.48,-201.7,-42.67,15.69,-167.95
00:53.7,2325.54,97.27,-200.38,-42.44,15.63,-166.22
00:53.8,2326.89,98.1,-199.05,-42.16,15.57,-164.59
00:53.9,2328.26,98.97,-197.72,-41.84,15.51,-163.12
00:53.9,2329.64,99.86,-196.39,-41.49,15.44,-161.92
00:53.9,2331.03,100.76,-195.05,-41.09,15.38,-160.98
00:54.0,2332.44,101.78,-193.72,-40.67,15.31,-160.16
00:54.1,2333.86,103.04,-192.37,-40.2,15.25,-159.28
00:54.1,2335.3,104.46,-191.02,-39.7,15.18,-158.32
00:54.2,2336.76,105.91,-189.67,-39.17,15.12,-157.3
00:54.2,2338.24,107.35,-188.3,-38.6,15.06,-156.21
00:54.3,2339.74,108.69,-186.93,-38,14.99,-155.13
00:54.3,2341.25,109.32,-185.55,-37.37,14.92,-153.97
00:54.3,2342.77,108.68,-184.18,-36.72,14.85,-152.89
00:54.4,2344.27,107.22,-182.85,-36.04,14.79,-152.04
00:54.5,2345.75,105.36,-181.54,-35.36,14.72,-151.37
00:54.5,2347.19,103.16,-180.27,-34.67,14.66,-150.8
00:54.5,2348.61,100.87,-179.03,-33.98,14.6,-150.13
00:54.6,2350,98.6,-177.83,-33.29,14.54,-149.4
00:54.6,2351.35,96.3,-176.67,-32.6,14.49,-148.71
00:54.7,2352.67,93.94,-175.54,-31.92,14.43,-147.95
00:54.7,2353.96,91.57,-174.45,-31.23,14.39,-147.28
00:54.8,2355.22,89.19,-173.39,-30.55,14.34,-146.77
00:54.9,2356.44,86.91,-172.37,-29.88,14.3,-146.46
00:54.9,2357.63,84.78,-171.38,-29.22,14.27,-146.25
00:55.0,2358.8,82.77,-170.41,-28.57,14.23,-146.12
00:55.0,2359.93,80.97,-169.47,-27.94,14.2,-146.21
00:55.1,2361.05,79.28,-168.54,-27.33,14.16,-146.71
00:55.1,2362.14,77.74,-167.62,-26.74,14.12,-147.51
00:55.1,2363.21,76.32,-166.71,-26.18,14.09,-148.51
00:55.2,2364.26,75.01,-165.81,-25.65,14.05,-149.72
00:55.3,2365.29,73.81,-164.91,-25.14,14.02,-151.15
00:55.3,2366.31,72.72,-164.01,-24.67,13.99,-152.8
00:55.3,2367.32,71.81,-163.1,-24.23,13.96,-154.56
00:55.4,2368.31,70.87,-162.2,-23.82,13.93,-156.37
00:55.5,2369.29,69.82,-161.3,-23.45,13.91,-158.29
00:55.5,2370.25,68.67,-160.4,-23.12,13.88,-160.27
00:55.6,2371.2,67.57,-159.5,-22.82,13.86,-162.32
00:55.6,2372.14,66.57,-158.61,-22.56,13.84,-164.46
00:55.7,2373.06,65.61,-157.72,-22.33,13.82,-166.65
00:55.7,2373.96,64.57,-156.83,-22.14,13.8,-168.84
00:55.7,2374.85,63.44,-155.96,-21.99,13.78,-170.99
00:55.8,2375.73,62.23,-155.09,-21.87,13.76,-173.07
00:55.8,2376.59,61.02,-154.24,-21.79,13.74,-175.09
00:55.9,2377.43,59.83,-153.4,-21.74,13.73,-177.13
00:56.0,2378.26,58.66,-152.58,-21.73,13.71,-107.21
00:56.0,2379.06,57.54,-151.78,-21.74,13.7,178.66
00:56.0,2379.86,56.48,-150.99,-21.79,13.69,176.54
00:56.1,2380.64,55.45,-150.21,-21.87,13.68,174.44
00:56.1,2381.41,54.48,-149.46,-21.98,13.67,172.26
00:56.2,2382.16,53.54,-148.72,-22.11,13.66,169.97
00:56.3,2382.91,52.73,-148,-22.28,13.64,167.48
00:56.3,2383.64,52.06,-147.3,-22.47,13.63,164.84
00:56.4,2384.37,51.53,-146.62,-22.7,13.62,162.13
00:56.4,2385.09,51.12,-145.95,-22.96,13.62,159.3
00:56.5,2385.8,50.77,-145.31,-23.25,13.61,156.41
00:56.5,2386.51,50.48,-144.68,-23.57,13.6,153.76
00:56.5,2387.22,50.16,-144.07,-23.91,13.6,151.36
00:56.6,2387.92,49.76,-143.48,-24.28,13.59,148.77
00:56.7,2388.61,49.38,-142.92,-24.67,13.58,146.01
00:56.7,2389.3,49.06,-142.38,-25.09,13.57,143.1
00:56.8,2389.99,48.76,-141.86,-25.53,13.57,140.14
00:56.8,2390.68,48.43,-141.37,-25.99,13.55,137.16
00:56.8,2391.35,48.18,-140.91,-26.48,13.54,134.22
00:56.9,2392.03,48.08,-140.47,-26.98,13.53,131.35
00:57.0,2392.71,48.17,-140.07,-27.51,13.52,128.54
00:57.0,2393.39,48.45,-139.69,-28.07,13.52,125.79
00:57.1,2394.07,48.9,-139.33,-28.64,13.51,123.06
00:57.1,2394.76,49.45,-139,-29.24,13.51,120.32
00:57.2,2395.46,50.1,-138.69,-29.86,13.5,117.54
00:57.2,2396.17,50.87,-138.41,-30.5,13.5,114.7
00:57.2,2396.89,51.72,-138.15,-31.16,13.5,111.85
00:57.3,2397.63,52.6,-137.92,-31.85,13.5,109.03
00:57.3,2398.37,53.52,-137.71,-32.55,13.5,106.26
00:57.4,2399.13,54.47,-137.53,-33.28,13.5,103.61
00:57.4,2399.89,55.46,-137.38,-34.03,13.5,101.16
00:57.5,2400.67,56.49,-137.25,-34.8,13.5,98.97
00:57.5,2401.47,57.57,-137.15,-35.58,13.51,97.04
00:57.6,2402.28,58.69,-137.08,-36.39,13.52,95.35
00:57.6,2403.1,59.91,-137.02,-37.21,13.52,93.82
00:57.7,2403.95,61.22,-136.99,-38.05,13.53,92.37
00:57.8,2404.81,62.63,-136.97,-38.91,13.54,90.93
00:57.8,2405.69,64.11,-136.98,-39.79,13.55,89.49
00:57.9,2406.59,65.62,-137,-40.69,13.56,88
00:57.9,2407.51,67.12,-137.04,-41.61,13.56,86.5
00:58.0,2408.46,68.6,-137.11,-42.55,13.57,85.1
00:58.0,2409.42,70.13,-137.19,-43.51,13.58,83.89
00:58.0,2410.4,71.72,-137.29,-44.49,13.59,82.9
00:58.1,2411.41,73.36,-137.41,-45.49,13.6,82.08
00:58.1,2412.44,75.07,-137.55,-46.51,13.61,81.38
00:58.2,2413.5,76.85,-137.71,-47.55,13.62,80.82
00:58.2,2414.58,78.71,-137.87,-48.62,13.63,80.39
00:58.3,2415.69,80.62,-138.06,-49.71,13.65,80.09
00:58.3,2416.82,82.48,-138.25,-50.83,13.67,79.9
00:58.4,2417.98,84.28,-138.45,-51.97,13.69,79.79
00:58.5,2419.16,85.99,-138.66,-53.13,13.71,79.73
00:58.5,2420.36,87.66,-138.87,-54.32,13.72,79.7
00:58.6,2421.59,89.35,-139.09,-55.53,13.74,79.69
00:58.6,2422.85,91.13,-139.32,-56.76,13.75,79.68
00:58.7,2424.12,92.94,-139.55,-58.02,13.77,79.66
00:58.7,2425.43,94.76,-139.79,-59.3,13.78,79.6
00:58.7,2426.76,96.54,-140.03,-60.6,13.8,79.48
00:58.8,2428.11,97.97,-140.28,-61.93,13.81,79.32
00:58.8,2429.47,98.65,-140.54,-63.27,13.83,79.15
00:58.9,2430.84,98.47,-140.8,-64.62,13.84,78.92
00:59.0,2432.21,97.94,-141.07,-65.96,13.86,78.51
00:59.0,2433.56,97.32,-141.34,-67.28,13.87,77.77
00:59.1,2434.91,96.74,-141.64,-68.6,13.89,76.61
00:59.1,2436.25,96.16,-141.95,-69.9,13.91,74.98
00:59.1,2437.58,95.64,-142.3,-71.18,13.93,73.13
00:59.2,2438.91,95.27,-142.68,-72.45,13.95,71.42
00:59.2,2440.23,94.95,-143.1,-73.71,13.97,69.89
00:59.3,2441.54,94.62,-143.54,-74.95,13.99,68.32
00:59.3,2442.85,94.28,-144.02,-76.17,14.01,66.42
00:59.4,2444.16,93.98,-144.52,-77.38,14.03,64.27
00:59.5,2445.46,93.61,-145.06,-78.56,14.05,62.39
00:59.5,2446.76,93.17,-145.63,-79.73,14.07,60.93
00:59.5,2448.05,92.71,-146.24,-80.87,14.1,59.48
00:59.6,2449.33,92.25,-146.87,-81.98,14.12,57.79
00:59.6,2450.61,91.83,-147.54,-83.07,14.15,56.01
00:59.7,2451.88,91.39,-148.23,-84.14,14.17,54.3
00:59.8,2453.15,91.01,-148.95,-85.18,14.2,52.69
00:59.8,2454.41,90.88,-149.7,-86.2,14.23,51.16
00:59.9,2455.67,90.92,-150.48,-87.19,14.26,49.78
00:59.9,2456.93,90.98,-151.29,-88.16,14.29,48.34
01:00.0,2458.2,91.19,-152.12,-89.11,14.32,46.68
01:00.0,2459.47,91.53,-152.98,-90.04,14.34,44.98
01:00.0,2460.74,91.95,-153.88,-90.95,14.37,43.4
01:00.1,2462.02,92.47,-154.8,-91.84,14.4,41.67
01:00.2,2463.31,93.06,-155.75,-92.7,14.44,39.86
01:00.2,2464.6,93.66,-156.74,-93.54,14.47,38.02
01:00.3,2465.91,94.32,-157.75,-94.37,14.5,36.13
01:00.3,2467.22,94.76,-158.79,-95.17,14.53,33.95
01:00.3,2468.54,95.29,-159.85,-95.95,14.56,31.64
01:00.4,2469.86,95.91,-160.95,-96.7,14.6,29.46
01:00.4,2471.19,96.44,-162.07,-97.42,14.64,27.38
01:00.5,2472.53,96.98,-163.22,-98.12,14.68,25.33
01:00.6,2473.88,97.58,-164.39,-98.79,14.72,23.61
01:00.6,2475.24,98.19,-165.59,-99.43,14.77,22.5
01:00.7,2476.61,98.8,-166.8,-100.06,14.81,22.06
01:00.7,2477.98,99.53,-168.04,-100.65,14.86,22.25
01:00.7,2479.37,100.54,-169.31,-101.22,14.92,22.72
01:00.8,2480.78,101.84,-170.6,-101.78,14.97,22.77
01:00.8,2482.2,103.3,-171.91,-102.33,15.03,22.14
01:00.9,2483.65,104.81,-173.25,-102.87,15.09,20.93
01:01.0,2485.12,106.27,-174.62,-103.39,15.16,19.54
01:01.0,2486.6,107.65,-176.01,-103.9,15.22,18.29
01:01.0,2488.1,108.99,-177.43,-104.39,15.29,17.11
01:01.1,2489.63,110.3,-178.88,-104.85,15.36,15.96
01:01.1,2491.17,111.7,-180.35,-105.3,15.43,14.92
01:01.2,2492.73,113.19,-181.86,-105.73,15.5,13.99
01:01.3,2494.31,114.59,-183.38,-106.14,15.58,12.95
01:01.3,2495.91,116.11,-184.93,-106.52,15.66,12
01:01.4,2497.54,117.65,-186.51,-106.89,15.74,11.39
01:01.4,2499.18,119.18,-188.12,-107.25,15.83,11.24
01:01.4,2500.85,120.68,-189.74,-107.6,15.92,11.34
01:01.5,2502.53,122.16,-191.39,-107.94,16.02,11.42
01:01.5,2504.24,123.6,-193.06,-108.28,16.12,11.41
01:01.6,2505.97,125,-194.75,-108.62,16.22,11.37
01:01.7,2507.71,126.35,-196.46,-108.97,16.32,11.31
01:01.7,2509.47,127.55,-198.18,-109.31,16.42,11.36
01:01.8,2511.25,128.87,-199.93,-109.66,16.51,11.54
01:01.8,2513.06,130.45,-201.69,-110.02,16.6,11.81
01:01.8,2514.88,131.87,-203.47,-110.39,16.68,12.09
01:01.9,2516.72,133.19,-205.27,-110.77,16.77,12.38
01:01.9,2518.57,134.47,-207.09,-111.16,16.86,12.73
01:02.0,2520.45,135.76,-208.92,-111.56,16.95,13.08
01:02.1,2522.35,137,-210.76,-111.98,17.04,13.4
01:02.1,2524.26,138.28,-212.62,-112.41,17.13,13.69
01:02.1,2526.19,139.55,-214.5,-112.86,17.22,13.91
01:02.2,2528.14,140.78,-216.38,-113.32,17.32,14.05
01:02.2,2530.1,141.98,-218.29,-113.79,17.42,14.21
01:02.3,2532.08,143.15,-220.21,-114.27,17.53,14.47
01:02.4,2534.07,144.3,-222.14,-114.77,17.62,14.88
01:02.4,2536.08,145.41,-224.08,-115.28,17.72,15.45
01:02.5,2538.11,146.55,-226.04,-115.81,17.81,16.11
01:02.5,2540.15,147.64,-228,-116.35,17.89,16.79
01:02.5,2542.21,148.76,-229.98,-116.93,17.97,17.58
01:02.6,2544.28,149.91,-231.96,-117.52,18.05,18.25
01:02.6,2546.37,151.02,-233.95,-118.15,18.13,18.72
01:02.7,2548.48,152.09,-235.96,-118.8,18.21,19.15
01:02.8,2550.6,153.2,-237.96,-119.47,18.29,19.56
01:02.8,2552.73,154.29,-239.98,-120.17,18.37,19.98
01:02.9,2554.88,155.36,-242,-120.89,18.46,20.39
01:02.9,2557.05,156.42,-244.04,-121.64,18.55,20.83
01:03.0,2559.23,157.46,-246.07,-122.4,18.64,21.3
01:03.0,2561.42,158.47,-248.12,-123.18,18.73,21.82
01:03.0,2563.63,159.46,-250.18,-123.99,18.81,22.43
01:03.1,2565.85,160.44,-252.23,-124.82,18.9,23.15
01:03.2,2568.08,161.47,-254.3,-125.68,18.98,23.93
01:03.2,2570.33,162.43,-256.36,-126.56,19.06,24.59
01:03.2,2572.6,163.38,-258.43,-127.48,19.13,25.28
01:03.3,2574.87,164.34,-260.5,-128.42,19.21,26.02
01:03.3,2577.16,165.3,-262.57,-129.39,19.28,26.72
01:03.4,2579.46,166.27,-264.64,-130.4,19.36,27.34
01:03.5,2581.78,167.19,-266.71,-131.43,19.44,27.87
01:03.5,2584.11,168.12,-268.78,-132.5,19.51,28.44
01:03.6,2586.45,169.06,-270.85,-133.59,19.59,29
01:03.6,2588.8,169.92,-272.92,-134.7,19.66,29.56
01:03.6,2591.16,170.8,-274.99,-135.85,19.73,30.36
01:03.7,2593.54,171.73,-277.06,-137.02,19.8,31.24
01:03.8,2595.93,172.59,-279.12,-138.23,19.87,32.05
01:03.8,2598.34,173.45,-281.18,-139.47,19.94,32.85
01:03.8,2600.75,174.3,-283.23,-140.74,20,33.64
01:03.9,2603.18,175.15,-285.28,-142.05,20.07,34.38
01:04.0,2605.61,175.95,-287.31,-143.39,20.13,35.14
01:04.0,2608.06,176.79,-289.34,-144.76,20.19,35.99
01:04.0,2610.52,177.63,-291.36,-146.16,20.25,36.75
01:04.1,2612.99,178.4,-293.38,-147.6,20.31,37.45
01:04.2,2615.48,179.12,-295.38,-149.06,20.36,38.36
01:04.2,2617.97,180.03,-297.37,-150.57,20.41,39.37
01:04.3,2620.48,180.84,-299.35,-152.1,20.46,39.94
01:04.3,2622.99,181.57,-301.31,-153.67,20.52,40.37
01:04.3,2625.52,182.38,-303.27,-155.27,20.57,40.97
01:04.4,2628.06,183.21,-305.21,-156.9,20.62,41.58
01:04.4,2630.6,183.97,-307.15,-158.56,20.66,42.23
01:04.5,2633.17,184.75,-309.07,-160.25,20.71,42.98
01:04.6,2635.74,185.51,-310.98,-161.98,20.75,43.82
01:04.6,2638.32,186.27,-312.88,-163.73,20.79,44.69
01:04.7,2640.91,187.01,-314.76,-165.51,20.84,45.55
01:04.7,2643.51,187.75,-316.62,-167.33,20.88,46.38
01:04.8,2646.12,188.49,-318.46,-169.18,20.91,47.15
01:04.8,2648.74,189.19,-320.29,-171.06,20.95,47.87
01:04.8,2651.37,189.9,-322.1,-172.97,20.99,48.69
01:04.9,2654.02,190.62,-323.89,-174.92,21.02,49.56
01:04.9,2656.67,191.34,-325.66,-176.89,21.05,50.43
01:05.0,2659.33,192.06,-327.41,-178.9,21.08,51.19
01:05.0,2662,192.74,-329.13,-180.94,21.11,51.86
01:05.1,2664.68,193.42,-330.83,-183.01,21.14,52.51
01:05.2,2667.37,193.99,-332.52,-185.11,21.17,53.4
01:05.2,2670.07,194.69,-334.18,-187.24,21.19,54.67
01:05.3,2672.78,195.36,-335.81,-189.4,21.2,55.75
01:05.3,2675.49,195.92,-337.42,-191.59,21.22,56.72
01:05.3,2678.21,196.53,-339,-193.81,21.23,57.8
01:05.4,2680.95,197.09,-340.55,-196.06,21.24,58.84
01:05.5,2683.69,197.68,-342.06,-198.35,21.25,59.93
01:05.5,2686.44,198.3,-343.55,-200.66,21.26,60.9
01:05.5,2689.19,198.91,-345,-203.01,21.28,61.54
01:05.6,2691.96,199.4,-346.42,-205.38,21.28,62.02
01:05.7,2694.73,199.95,-347.81,-207.78,21.28,62.95
01:05.7,2697.51,200.69,-349.18,-210.2,21.28,63.91
01:05.7,2700.3,201.29,-350.51,-212.66,21.27,64.38
01:05.8,2703.1,201.91,-351.81,-215.14,21.27,64.81
01:05.8,2705.91,202.6,-353.08,-217.64,21.26,65.13
01:05.9,2708.73,203.25,-354.33,-220.17,21.25,65.39
01:06.0,2711.55,203.92,-355.55,-222.72,21.23,65.83
01:06.0,2714.39,204.6,-356.75,-225.29,21.21,66.44
01:06.0,2717.24,205.26,-357.93,-227.88,21.19,67.05
01:06.1,2720.09,205.92,-359.08,-230.49,21.17,67.63
01:06.1,2722.95,206.59,-360.21,-233.12,21.15,68.21
01:06.2,2725.83,207.24,-361.31,-235.78,21.13,68.74
01:06.2,2728.71,207.87,-362.4,-238.45,21.1,69.32
01:06.3,2731.6,208.51,-363.46,-241.14,21.07,70.06
01:06.4,2734.5,209.16,-364.49,-243.85,21.04,70.8
01:06.4,2737.41,209.78,-365.49,-246.58,21,71.51
01:06.5,2740.33,210.4,-366.47,-249.33,20.96,72.15
01:06.5,2743.25,211.01,-367.42,-252.1,20.92,72.79
01:06.5,2746.19,211.6,-368.34,-254.88,20.88,73.45
01:06.6,2749.13,212.23,-369.24,-257.69,20.83,74.17
01:06.7,2752.08,212.85,-370.1,-260.51,20.78,74.76
01:06.7,2755.04,213.47,-370.93,-263.35,20.73,75.24
01:06.7,2758.01,214.09,-371.74,-266.21,20.68,75.63
01:06.8,2760.99,214.7,-372.51,-269.08,20.63,76.08
01:06.8,2763.97,215.28,-373.27,-271.97,20.58,76.72
01:06.9,2766.97,215.87,-374,-274.87,20.52,77.57
01:07.0,2769.97,216.45,-374.69,-277.79,20.46,78.5
01:07.0,2772.98,217.02,-375.36,-280.73,20.39,79.37
01:07.1,2775.99,217.47,-375.98,-283.68,20.33,80.04
01:07.1,2779.01,217.21,-376.58,-286.64,20.26,80.41
01:07.2,2782.02,215.97,-377.14,-289.6,20.19,80.63
01:07.2,2785,213.94,-377.67,-292.53,20.12,80.79
01:07.2,2787.96,211.4,-378.18,-295.44,20.05,80.71
01:07.3,2790.87,208.6,-378.68,-298.31,19.97,80.56
01:07.3,2793.75,205.65,-379.16,-301.15,19.9,80.57
01:07.4,2796.59,202.71,-379.62,-303.95,19.83,80.8
01:07.5,2799.38,199.73,-380.07,-306.7,19.76,81.31
01:07.5,2802.13,196.52,-380.51,-309.42,19.68,82.04
01:07.5,2804.84,193.17,-380.92,-312.09,19.6,82.79
01:07.6,2807.5,189.81,-381.31,-314.72,19.52,83.44
01:07.6,2810.11,186.51,-381.67,-317.31,19.45,83.85
01:07.7,2812.68,183.35,-382.02,-319.86,19.37,83.92
01:07.8,2815.21,180.41,-382.34,-322.36,19.3,83.85
01:07.8,2817.69,177.39,-382.64,-324.83,19.22,83.91
01:07.8,2820.13,174.22,-382.93,-327.25,19.14,84.04
01:07.9,2822.53,171.18,-383.2,-329.63,19.07,84.36
01:07.9,2824.89,168.03,-383.46,-331.97,18.99,84.81
01:08.0,2827.2,165.01,-383.69,-334.27,18.91,85.15
01:08.0,2829.47,162.07,-383.91,-336.53,18.84,85.65
01:08.1,2831.7,159.14,-384.11,-338.75,18.76,86.16
01:08.2,2833.89,156.37,-384.29,-340.93,18.69,86.58
01:08.2,2836.04,153.63,-384.45,-343.08,18.62,87.12
01:08.3,2838.16,150.93,-384.58,-345.19,18.55,87.55
01:08.3,2840.24,148.35,-384.69,-347.26,18.48,87.92
01:08.3,2842.28,145.91,-384.78,-349.3,18.4,88.59
01:08.4,2844.29,143.47,-384.86,-351.31,18.33,89.39
01:08.5,2846.27,141.28,-384.91,-353.28,18.25,90.14
01:08.5,2848.21,139.23,-384.94,-355.23,18.17,91.06
01:08.5,2850.13,137.27,-384.95,-357.15,18.09,91.93
01:08.6,2852.03,135.52,-384.92,-359.04,18.01,92.5
01:08.7,2853.9,133.86,-384.87,-360.91,17.93,92.92
01:08.7,2855.75,132.28,-384.79,-362.75,17.86,93.43
01:08.7,2857.57,130.8,-384.68,-364.58,17.79,94.19
01:08.8,2859.38,129.42,-384.56,-366.38,17.72,95.19
01:08.8,2861.17,128.16,-384.41,-368.16,17.64,96.37
01:08.9,2862.94,127.02,-384.23,-369.92,17.56,97.62
01:09.0,2864.69,125.99,-384.02,-371.66,17.48,98.82
01:09.0,2866.44,125.05,-383.78,-373.39,17.39,100.02
01:09.0,2868.17,124.28,-383.5,-375.09,17.31,101.27
01:09.1,2869.89,123.64,-383.19,-376.79,17.23,102.56
01:09.1,2871.6,123.03,-382.85,-378.46,17.14,103.8
01:09.2,2873.3,122.39,-382.47,-380.12,17.06,105.18
01:09.3,2875,121.73,-382.05,-381.76,16.97,106.79
01:09.3,2876.68,121.05,-381.6,-383.38,16.89,108.49
01:09.3,2878.36,120.38,-381.12,-384.99,16.8,110.24
01:09.4,2880.02,119.77,-380.59,-386.57,16.72,111.93
01:09.4,2881.68,119.24,-380.04,-388.13,16.63,113.58
01:09.5,2883.33,118.8,-379.44,-389.67,16.54,115.27
01:09.6,2884.98,118.46,-378.81,-391.19,16.45,116.94
01:09.6,2886.62,118.13,-378.15,-392.69,16.36,118.49
01:09.7,2888.25,117.79,-377.45,-394.17,16.27,120.02
01:09.7,2889.88,117.46,-376.72,-395.63,16.18,121.63
01:09.8,2891.51,117.15,-375.96,-397.06,16.08,123.12
01:09.8,2893.13,116.82,-375.16,-398.47,15.99,124.43
01:09.9,2894.75,116.5,-374.33,-399.86,15.89,125.78
01:09.9,2896.36,116.17,-373.47,-401.23,15.79,127.25
01:10.0,2897.97,115.85,-372.58,-402.57,15.68,128.76
01:10.0,2899.57,115.5,-371.66,-403.88,15.58,130.13
01:10.0,2901.17,115.14,-370.71,-405.16,15.48,131.37
01:10.1,2902.76,114.77,-369.72,-406.41,15.38,132.54
01:10.2,2904.35,114.34,-368.71,-407.64,15.28,133.71
01:10.2,2905.94,113.88,-367.67,-408.83,15.18,134.83
01:10.2,2907.51,113.36,-366.61,-409.99,15.08,135.91
01:10.3,2909.08,112.79,-365.52,-411.12,14.98,137.35
01:10.4,2910.65,112.31,-364.4,-412.21,14.88,138.95
01:10.4,2912.2,111.71,-363.26,-413.26,14.78,140.19
01:10.5,2913.75,110.99,-362.1,-414.27,14.69,141.55
01:10.5,2915.28,110.27,-360.91,-415.25,14.61,143.34
01:10.5,2916.81,109.54,-359.7,-416.17,14.53,144.82
01:10.6,2918.33,108.68,-358.47,-417.06,14.46,146.27
01:10.7,2919.83,107.8,-357.23,-417.91,14.38,148.12
01:10.7,2921.32,107.03,-355.98,-418.71,14.32,149.95
01:10.7,2922.8,106.13,-354.71,-419.47,14.25,151.75
01:10.8,2924.27,105.19,-353.42,-420.18,14.19,153.82
01:10.8,2925.73,104.41,-352.13,-420.84,14.14,155.96
01:10.9,2927.17,103.62,-350.82,-421.45,14.09,157.68
01:11.0,2928.61,102.72,-349.5,-422.01,14.05,159.49
01:11.0,2930.03,101.97,-348.18,-422.52,14.01,161.47
01:11.1,2931.44,101.3,-346.85,-422.99,13.98,163.19
01:11.1,2932.84,100.6,-345.51,-423.41,13.95,164.84
01:11.2,2934.23,100.01,-344.17,-423.79,13.93,166.58
01:11.2,2935.62,99.55,-342.82,-424.12,13.91,168.29
01:11.2,2937,99.13,-341.48,-424.41,13.88,170.01
01:11.3,2938.37,98.81,-340.12,-424.66,13.86,171.9
01:11.3,2939.75,98.64,-338.77,-424.87,13.84,173.77
01:11.4,2941.11,98.6,-337.41,-425.03,13.82,175.34
01:11.5,2942.48,98.68,-336.05,-425.16,13.8,176.71
01:11.5,2943.85,98.83,-334.68,-425.25,13.78,178.11
01:11.5,2945.23,99.01,-333.3,-425.29,13.76,35.8
01:11.6,2946.61,99.25,-331.93,-425.3,13.73,-178.24
01:11.7,2947.99,99.56,-330.55,-425.27,13.71,-176.35
01:11.7,2949.37,99.93,-329.17,-425.19,13.7,-174.81
01:11.8,2950.76,100.33,-327.78,-425.07,13.68,-173.41
01:11.8,2952.16,100.76,-326.39,-424.91,13.67,-171.84
01:11.8,2953.56,101.2,-325,-424.72,13.65,-170.08
01:11.9,2954.97,101.57,-323.61,-424.5,13.63,-168.21
01:11.9,2956.38,101.93,-322.23,-424.23,13.6,-166.25
01:12.0,2957.8,102.29,-320.84,-423.93,13.58,-164.3
01:12.0,2959.22,102.62,-319.46,-423.58,13.55,-162.53
01:12.1,2960.65,102.94,-318.09,-423.19,13.52,-160.82
01:12.2,2962.08,103.3,-316.72,-422.76,13.5,-159.1
01:12.2,2963.51,103.65,-315.36,-422.3,13.47,-157.35
01:12.3,2964.95,104.13,-314.01,-421.79,13.44,-155.6
01:12.3,2966.4,104.61,-312.67,-421.25,13.42,-154.33
01:12.3,2967.86,105.06,-311.33,-420.68,13.39,-153.66
01:12.4,2969.32,105.48,-310,-420.06,13.36,-153.13
01:12.5,2970.79,106.03,-308.68,-419.42,13.33,-152.18
01:12.5,2972.26,106.67,-307.37,-418.74,13.3,-151.1
01:12.5,2973.75,107.43,-306.07,-418.02,13.28,-149.91
01:12.6,2975.25,108.21,-304.77,-417.27,13.26,-148.65
01:12.6,2976.76,109.1,-303.48,-416.49,13.24,-147.31
01:12.7,2978.28,110.02,-302.2,-415.68,13.21,-146.01
01:12.8,2979.81,110.9,-300.92,-414.83,13.18,-144.72
01:12.8,2981.36,111.87,-299.65,-413.95,13.15,-143.3
01:12.8,2982.92,112.98,-298.38,-413.04,13.13,-141.94
01:12.9,2984.5,114.18,-297.13,-412.08,13.1,-140.89
01:12.9,2986.09,115.49,-295.87,-411.1,13.07,-140.02
01:13.0,2987.7,116.94,-294.62,-410.08,13.04,-139.12
01:13.0,2989.34,118.47,-293.37,-409.03,13.01,-138.16
01:13.1,2990.99,119.99,-292.12,-407.94,12.98,-137.15
01:13.2,2992.67,121.52,-290.87,-406.83,12.94,-136.03
01:13.2,2994.37,123.04,-289.62,-405.67,12.91,-134.93
01:13.3,2996.09,124.56,-288.38,-404.48,12.89,-134.11
01:13.3,2997.83,125.99,-287.15,-403.26,12.86,-133.54
01:13.3,2999.58,127.21,-285.91,-402,12.83,-132.75
01:13.4,3001.36,128.68,-284.69,-400.72,12.8,-131.71
01:13.5,3003.16,130.24,-283.46,-399.4,12.77,-131.14
01:13.5,3004.98,131.59,-282.25,-398.05,12.75,-130.92
01:13.5,3006.81,132.97,-281.03,-396.68,12.72,-130.48
01:13.6,3008.67,134.43,-279.81,-395.27,12.7,-130.05
01:13.7,3010.55,135.82,-278.6,-393.84,12.68,-129.64
01:13.7,3012.44,137.2,-277.38,-392.39,12.66,-129.28
01:13.7,3014.36,138.57,-276.16,-390.91,12.64,-128.92
01:13.8,3016.29,139.92,-274.94,-389.41,12.63,-128.61
01:13.9,3018.25,141.23,-273.72,-387.89,12.62,-128.45
01:13.9,3020.22,142.5,-272.48,-386.36,12.62,-128.54
01:14.0,3022.2,143.76,-271.23,-384.81,12.61,-129.01
01:14.0,3024.21,145.02,-269.97,-383.26,12.59,-129.89
01:14.1,3026.23,146.3,-268.67,-381.7,12.58,-130.92
01:14.1,3028.27,147.49,-267.34,-380.15,12.58,-131.79
01:14.2,3030.33,148.62,-265.98,-378.61,12.57,-132.67
01:14.2,3032.4,149.8,-264.6,-377.07,12.57,-133.6
01:14.2,3034.49,150.96,-263.18,-375.54,12.56,-134.45
01:14.3,3036.59,152.1,-261.73,-374.01,12.55,-135.24
01:14.3,3038.71,153.21,-260.24,-372.5,12.54,-136.03
01:14.4,3040.85,154.33,-258.73,-370.99,12.53,-136.81
01:14.5,3043,155.42,-257.18,-369.5,12.52,-137.58
01:14.5,3045.16,156.53,-255.6,-368.01,12.51,-138.31
01:14.6,3047.34,157.63,-254,-366.54,12.5,-138.95
01:14.6,3049.54,158.73,-252.36,-365.07,12.49,-139.5
01:14.7,3051.75,159.79,-250.69,-363.62,12.48,-140.03
01:14.7,3053.98,160.86,-249,-362.17,12.48,-140.62
01:14.7,3056.22,161.6,-247.28,-360.73,12.47,-141.2
01:14.8,3058.46,160.74,-245.55,-359.31,12.46,-141.62
01:14.8,3060.68,158.87,-243.82,-357.92,12.45,-141.94
01:14.9,3062.87,156.53,-242.11,-356.56,12.45,-142.19
01:15.0,3065.02,153.98,-240.41,-355.23,12.45,-142.39
01:15.0,3067.14,151.32,-238.74,-353.93,12.44,-142.71
01:15.0,3069.23,148.56,-237.08,-352.66,12.43,-143.18
01:15.1,3071.27,145.63,-235.46,-351.42,12.42,-143.59
01:15.2,3073.27,142.56,-233.86,-350.22,12.41,-143.78
01:15.2,3075.23,139.38,-232.29,-349.05,12.4,-143.81
01:15.2,3077.14,136.3,-230.75,-347.9,12.4,-143.74
01:15.3,3079.01,133.32,-229.25,-346.79,12.39,-143.72
01:15.3,3080.85,130.49,-227.77,-345.71,12.39,-143.86
01:15.4,3082.64,127.67,-226.32,-344.65,12.38,-144.09
01:15.4,3084.39,124.69,-224.91,-343.61,12.37,-144.33
01:15.5,3086.1,121.64,-223.52,-342.61,12.36,-144.58
01:15.5,3087.77,118.67,-222.17,-341.63,12.36,-144.74
01:15.6,3089.4,115.9,-220.84,-340.69,12.35,-144.74
01:15.7,3090.99,113.08,-219.55,-339.76,12.35,-144.65
01:15.7,3092.54,110.44,-218.29,-338.86,12.34,-144.47
01:15.8,3094.06,107.91,-217.05,-337.98,12.34,-144.45
01:15.8,3095.54,105.34,-215.84,-337.12,12.33,-144.52
01:15.8,3096.99,102.96,-214.66,-336.29,12.33,-144.64
01:15.9,3098.4,100.65,-213.51,-335.47,12.32,-144.85
01:15.9,3099.79,98.41,-212.38,-334.68,12.32,-145.16
01:16.0,3101.14,96.27,-211.26,-333.91,12.32,-145.54
01:16.0,3102.46,94.36,-210.17,-333.16,12.31,-145.96
01:16.1,3103.76,92.72,-209.09,-332.44,12.31,-146.44
01:16.2,3105.04,91.24,-208.03,-331.74,12.3,-147.03
01:16.2,3106.3,89.86,-206.96,-331.06,12.29,-147.87
01:16.2,3107.54,88.6,-205.91,-330.42,12.29,-148.96
01:16.3,3108.76,87.43,-204.85,-329.8,12.28,-150.23
01:16.4,3109.97,86.4,-203.8,-329.21,12.27,-151.71
01:16.4,3111.16,85.44,-202.74,-328.66,12.26,-153.36
01:16.5,3112.34,84.52,-201.68,-328.14,12.26,-155.04
01:16.5,3113.51,83.59,-200.62,-327.66,12.25,-156.7
01:16.5,3114.66,82.7,-199.55,-327.21,12.24,-158.39
01:16.6,3115.81,81.89,-198.49,-326.8,12.23,-160.11
01:16.6,3116.94,81.07,-197.42,-326.42,12.22,-161.86
01:16.7,3118.06,80.2,-196.35,-326.08,12.22,-163.67
01:16.8,3119.17,79.22,-195.29,-325.78,12.21,-165.58
01:16.8,3120.26,78.15,-194.23,-325.52,12.2,-167.56
01:16.8,3121.34,77.07,-193.17,-325.29,12.19,-169.58
01:16.9,3122.41,76.04,-192.13,-325.11,12.19,-171.6
01:16.9,3123.46,75.12,-191.09,-324.96,12.18,-173.62
01:17.0,3124.49,74.33,-190.06,-324.85,12.17,-175.65
01:17.0,3125.52,73.7,-189.03,-324.77,12.16,-177.69
01:17.1,3126.54,73.16,-188.01,-324.74,12.15,-35.73
01:17.2,3127.56,72.66,-187,-324.74,12.14,178.23
01:17.2,3128.56,72.12,-185.99,-324.78,12.13,176.2
01:17.3,3129.56,71.54,-185,-324.86,12.12,174.17
01:17.3,3130.55,70.91,-184.02,-324.97,12.11,172.1
01:17.3,3131.53,70.28,-183.05,-325.12,12.09,169.94
01:17.4,3132.51,69.64,-182.09,-325.3,12.08,167.73
01:17.5,3133.47,69,-181.16,-325.51,12.07,165.53
01:17.5,3134.43,68.33,-180.24,-325.76,12.05,163.34
01:17.6,3135.37,67.7,-179.33,-326.05,12.04,161.13
01:17.6,3136.31,67.11,-178.45,-326.36,12.03,158.94
01:17.7,3137.24,66.56,-177.59,-326.7,12.01,157.21
01:17.7,3138.16,65.99,-176.74,-327.06,12,156.49
01:17.7,3139.07,65.41,-175.9,-327.42,11.98,156.67
01:17.8,3139.98,64.84,-175.07,-327.76,11.97,157.42
01:17.8,3140.88,64.22,-174.23,-328.09,11.96,158.61
01:17.9,3141.77,63.47,-173.4,-328.38,11.95,160.14
01:18.0,3142.64,62.51,-172.56,-328.65,11.94,161.93
01:18.0,3143.51,61.44,-171.74,-328.89,11.93,163.95
01:18.0,3144.36,60.31,-170.91,-329.09,11.92,166.16
01:18.1,3145.19,59.11,-170.1,-329.26,11.91,168.44
01:18.2,3146.01,57.9,-169.3,-329.39,11.9,170.75
01:18.2,3146.81,56.77,-168.51,-329.49,11.9,173.07
01:18.3,3147.59,55.75,-167.73,-329.55,11.89,175.39
01:18.3,3148.37,54.8,-166.96,-329.58,11.88,177.71
01:18.3,3149.13,53.99,-166.21,-329.57,11.87,-35.92
01:18.4,3149.88,53.42,-165.46,-329.53,11.86,-177.42
01:18.5,3150.62,53.04,-164.73,-329.46,11.85,-174.84
01:18.5,3151.36,52.68,-164,-329.35,11.85,-172.2
01:18.5,3152.1,52.31,-163.29,-329.21,11.84,-169.48
01:18.6,3152.83,51.95,-162.59,-329.03,11.83,-166.7
01:18.7,3153.56,51.6,-161.9,-328.82,11.82,-163.87
01:18.7,3154.28,51.24,-161.23,-328.58,11.81,-161.01
01:18.7,3155,50.88,-160.57,-328.31,11.81,-158.11
01:18.8,3155.71,50.61,-159.94,-328.01,11.8,-155.2
01:18.8,3156.42,50.62,-159.32,-327.67,11.79,-152.28
01:18.9,3157.14,50.81,-158.72,-327.31,11.79,-149.44
01:19.0,3157.85,51.17,-158.13,-326.91,11.78,-146.69
01:19.0,3158.57,51.59,-157.56,-326.48,11.77,-143.97
01:19.1,3159.3,52.07,-157,-326.02,11.77,-141.24
01:19.1,3160.03,52.62,-156.47,-325.54,11.76,-138.51
01:19.2,3160.78,53.29,-155.94,-325.02,11.75,-135.79
01:19.2,3161.53,54.07,-155.44,-324.47,11.75,-133.1
01:19.3,3162.29,54.98,-154.95,-323.9,11.74,-130.5
01:19.3,3163.06,55.98,-154.47,-323.29,11.73,-128.07
01:19.3,3163.85,57.09,-154.01,-322.66,11.72,-125.83
01:19.4,3164.66,58.29,-153.56,-321.99,11.71,-123.81
01:19.5,3165.48,59.58,-153.12,-321.3,11.7,-121.94
01:19.5,3166.32,61.01,-152.69,-320.58,11.69,-120.21
01:19.6,3167.18,62.51,-152.27,-319.83,11.69,-118.61
01:19.6,3168.06,64.12,-151.86,-319.06,11.68,-117.1
01:19.7,3168.96,65.83,-151.46,-318.25,11.67,-115.69
01:19.7,3169.89,67.58,-151.07,-317.41,11.66,-114.42
01:19.8,3170.84,69.33,-150.69,-316.54,11.66,-113.26
01:19.8,3171.81,71.02,-150.3,-315.64,11.66,-112.29
01:19.8,3172.81,72.66,-149.93,-314.72,11.65,-111.53
01:19.9,3173.83,74.35,-149.55,-313.77,11.65,-111.01
01:20.0,3174.88,76.15,-149.17,-312.8,11.65,-110.71
01:20.0,3175.95,78.03,-148.79,-311.8,11.65,-110.61
01:20.0,3177.05,79.87,-148.39,-310.77,11.65,-110.65
01:20.1,3178.17,81.69,-148,-309.73,11.66,-110.78
01:20.1,3179.32,83.42,-147.58,-308.65,11.66,-111.02
01:20.2,3180.48,84.86,-147.16,-307.57,11.67,-111.55
01:20.3,3181.67,86,-146.72,-306.46,11.67,-112.48
01:20.3,3182.87,87.27,-146.26,-305.35,11.66,-113.82
01:20.3,3184.09,88.72,-145.79,-304.23,11.65,-115.33
01:20.4,3185.34,90.12,-145.28,-303.09,11.64,-116.6
01:20.4,3186.6,91.74,-144.73,-301.96,11.63,-117.5
01:20.5,3187.88,93.36,-144.15,-300.81,11.63,-118
01:20.5,3189.19,94.91,-143.55,-299.65,11.62,-118.37
01:20.6,3190.52,96.41,-142.92,-298.48,11.62,-118.98
01:20.7,3191.87,97.91,-142.26,-297.3,11.61,-119.85
01:20.7,3193.24,99.41,-141.58,-296.11,11.6,-120.96
01:20.8,3194.63,100.9,-140.87,-294.92,11.59,-122.21
01:20.8,3196.04,102.42,-140.13,-293.71,11.58,-123.47
01:20.8,3197.47,103.94,-139.35,-292.51,11.57,-124.68
01:20.9,3198.93,105.42,-138.54,-291.3,11.56,-125.9
01:21.0,3200.4,106.89,-137.7,-290.09,11.54,-127.15
01:21.0,3201.89,108.33,-136.82,-288.88,11.53,-128.39
01:21.1,3203.41,109.75,-135.91,-287.67,11.51,-129.54
01:21.1,3204.94,111.14,-134.96,-286.46,11.5,-130.58
01:21.2,3206.49,112.54,-133.99,-285.26,11.48,-131.53
01:21.2,3208.06,113.96,-132.98,-284.05,11.46,-132.48
01:21.2,3209.66,115.4,-131.93,-282.85,11.44,-133.5
01:21.3,3211.27,116.84,-130.85,-281.66,11.43,-134.66
01:21.3,3212.9,118.22,-129.73,-280.47,11.4,-135.94
01:21.4,3214.55,119.57,-128.58,-279.28,11.38,-137.23
01:21.5,3216.22,120.91,-127.39,-278.11,11.36,-138.43
01:21.5,3217.91,122.26,-126.17,-276.94,11.34,-139.42
01:21.5,3219.61,123.63,-124.92,-275.78,11.31,-140.11
01:21.6,3221.34,125.06,-123.64,-274.62,11.29,-140.45
01:21.6,3223.09,126.59,-122.32,-273.47,11.26,-140.51
01:21.7,3224.85,128.11,-120.98,-272.32,11.24,-140.5
01:21.8,3226.64,129.59,-119.61,-271.17,11.21,-140.68
01:21.8,3228.45,131.05,-118.21,-270.02,11.18,-141.16
01:21.8,3230.28,132.5,-116.79,-268.87,11.16,-141.8
01:21.9,3232.13,133.92,-115.34,-267.72,11.13,-142.4
01:22.0,3234,135.3,-113.87,-266.57,11.11,-142.91
01:22.0,3235.89,136.66,-112.37,-265.43,11.08,-143.39
01:22.0,3237.8,138.01,-110.84,-264.28,11.06,-143.85
01:22.1,3239.72,139.34,-109.29,-263.14,11.03,-144.3
01:22.2,3241.67,140.64,-107.72,-261.99,11,-144.74
01:22.2,3243.63,141.96,-106.12,-260.85,10.97,-145.16
01:22.2,3245.61,143.26,-104.5,-259.71,10.93,-145.55
01:22.3,3247.61,144.55,-102.86,-258.57,10.9,-145.89
01:22.3,3249.63,145.84,-101.2,-257.43,10.86,-146.23
01:22.4,3251.66,147.12,-99.51,-256.29,10.83,-146.5
01:22.5,3253.71,148.37,-97.81,-255.16,10.8,-146.68
01:22.5,3255.78,149.6,-96.08,-254.01,10.77,-146.81
01:22.6,3257.87,150.83,-94.34,-252.87,10.74,-146.91
01:22.6,3259.97,152.02,-92.58,-251.72,10.72,-147
01:22.7,3262.09,153.19,-90.8,-250.56,10.7,-147.1
01:22.7,3264.23,154.37,-89.01,-249.4,10.67,-147.21
01:22.7,3266.38,155.53,-87.2,-248.23,10.64,-147.32
01:22.8,3268.55,156.67,-85.38,-247.06,10.61,-147.42
01:22.8,3270.73,157.83,-83.54,-245.88,10.57,-147.52
01:22.9,3272.93,158.99,-81.69,-244.69,10.53,-147.56
01:23.0,3275.15,160.11,-79.82,-243.5,10.49,-147.54
01:23.0,3277.38,161.22,-77.94,-242.3,10.45,-147.48
01:23.0,3279.62,162.35,-76.05,-241.09,10.41,-147.4
01:23.1,3281.89,163.47,-74.14,-239.87,10.37,-147.33
01:23.2,3284.17,164.55,-72.22,-238.65,10.33,-147.26
01:23.2,3286.46,165.63,-70.29,-237.41,10.3,-147.2
01:23.3,3288.77,166.69,-68.35,-236.16,10.26,-147.16
01:23.3,3291.09,167.73,-66.4,-234.9,10.23,-147.11
01:23.3,3293.43,168.75,-64.44,-233.63,10.2,-147.07
01:23.4,3295.78,169.8,-62.46,-232.36,10.16,-147.03
01:23.4,3298.14,170.83,-60.48,-231.07,10.12,-146.99
01:23.5,3300.52,171.84,-58.48,-229.78,10.08,-146.96
01:23.5,3302.92,172.85,-56.47,-228.47,10.05,-146.93
01:23.6,3305.32,173.84,-54.46,-227.16,10.01,-146.91
01:23.7,3307.74,174.82,-52.43,-225.84,9.97,-146.89
01:23.7,3310.18,175.78,-50.39,-224.51,9.94,-146.87
01:23.8,3312.63,176.76,-48.34,-223.18,9.89,-146.85
01:23.8,3315.09,177.74,-46.27,-221.83,9.85,-146.83
01:23.8,3317.56,178.69,-44.2,-220.48,9.81,-146.82
01:23.9,3320.05,179.63,-42.12,-219.12,9.77,-146.81
01:24.0,3322.55,180.56,-40.03,-217.75,9.73,-146.8
01:24.0,3325.07,181.5,-37.92,-216.37,9.69,-146.8
01:24.0,3327.6,182.42,-35.81,-214.99,9.66,-146.8
01:24.1,3330.14,183.33,-33.68,-213.6,9.62,-146.8
01:24.1,3332.69,184.22,-31.55,-212.2,9.58,-146.81
01:24.2,3335.25,185.12,-29.4,-210.8,9.54,-146.83
