,sDistance,vCar,,,sDistance2,vCar2
00:41.0,0.86,0.47,,02:33.6,2.7,219.95
00:41.1,0.87,0.91,,02:33.6,5.76,220.47
00:41.1,0.89,1.59,,02:33.6,8.83,220.99
00:41.2,0.91,2.47,,02:33.7,11.9,221.53
00:41.3,0.96,3.53,,02:33.8,14.98,222.05
00:41.3,1.01,4.76,,02:33.8,18.07,222.56
00:41.3,1.09,6.12,,02:33.9,21.16,223.09
00:41.4,1.18,7.56,,02:33.9,24.26,223.59
00:41.5,1.3,9.02,,02:33.9,27.37,224.08
00:41.5,1.43,10.5,,02:34.0,30.49,224.6
00:41.6,1.59,11.97,,02:34.1,33.61,225.07
00:41.6,1.77,13.44,,02:34.1,36.74,225.58
00:41.7,1.96,14.77,,02:34.2,39.88,226.07
00:41.7,2.18,15.9,,02:34.2,43.02,226.56
00:41.7,2.41,17.05,,02:34.3,46.17,227.04
00:41.8,2.65,18.27,,02:34.3,49.33,227.51
00:41.8,2.91,19.44,,02:34.4,52.49,227.99
00:41.9,3.19,20.63,,02:34.4,55.66,228.45
00:42.0,3.49,21.85,,02:34.4,58.83,228.93
00:42.0,3.8,23.07,,02:34.5,62.02,229.4
00:42.1,4.13,24.3,,02:34.6,65.21,229.85
00:42.1,4.48,25.53,,02:34.6,68.4,230.3
00:42.1,4.84,26.78,,02:34.7,71.6,230.74
00:42.2,5.22,28.02,,02:34.7,74.81,231.21
00:42.2,5.62,29.26,,02:34.7,78.03,231.66
00:42.3,6.04,30.49,,02:34.8,81.25,232.11
00:42.4,6.47,31.73,,02:34.8,84.47,232.56
00:42.4,6.92,32.97,,02:34.9,87.71,233
00:42.5,7.39,34.21,,02:35.0,90.95,233.42
00:42.5,7.87,35.47,,02:35.0,94.19,233.86
00:42.5,8.37,36.78,,02:35.0,97.44,234.3
00:42.6,8.89,38.11,,02:35.1,100.7,234.7
00:42.7,9.43,39.48,,02:35.2,103.96,235.17
00:42.7,9.99,40.83,,02:35.2,107.23,235.55
00:42.8,10.57,42.15,,02:35.3,110.5,235.98
00:42.8,11.16,43.46,,02:35.3,113.79,236.41
00:42.9,11.78,44.79,,02:35.3,117.07,236.82
00:42.9,12.41,46.15,,02:35.4,120.36,237.22
00:43.0,13.06,47.56,,02:35.5,123.66,237.63
00:43.0,13.73,49,,02:35.5,126.96,238.04
00:43.1,14.42,50.37,,02:35.5,130.27,238.44
00:43.1,15.13,51.72,,02:35.6,133.59,238.84
00:43.1,15.86,53.05,,02:35.7,136.91,239.23
00:43.2,16.6,54.37,,02:35.7,140.23,239.63
00:43.2,17.37,55.74,,02:35.8,143.56,240.01
00:43.3,18.15,57.13,,02:35.8,146.9,240.38
00:43.4,18.95,58.46,,02:35.8,150.24,240.4
00:43.4,19.77,59.77,,02:35.9,153.58,240.06
00:43.5,20.61,61.06,,02:36.0,156.9,239.05
00:43.5,21.47,62.36,,02:36.0,160.21,236.96
00:43.6,22.35,63.64,,02:36.1,163.48,234.16
00:43.6,23.24,64.91,,02:36.1,166.71,230.92
00:43.6,24.15,66.17,,02:36.2,169.89,227.46
00:43.7,25.08,67.41,,02:36.2,173.03,223.84
00:43.7,26.02,68.66,,02:36.3,176.11,220.14
00:43.8,26.98,69.88,,02:36.3,179.15,216.68
00:43.8,27.96,71.09,,02:36.4,182.13,213.03
00:43.9,28.96,72.28,,02:36.4,185.06,209.3
00:44.0,29.97,73.46,,02:36.4,187.95,205.64
00:44.0,31,74.62,,02:36.5,190.78,202.08
00:44.0,32.04,75.76,,02:36.6,193.56,198.55
00:44.1,33.1,76.89,,02:36.6,196.29,195.08
00:44.1,34.18,78.01,,02:36.6,198.98,191.74
00:44.2,35.27,79.12,,02:36.7,201.62,188.46
00:44.2,36.38,80.21,,02:36.7,204.21,185.1
00:44.3,37.5,81.29,,02:36.8,206.76,181.67
00:44.4,38.63,82.35,,02:36.9,209.26,178.14
00:44.4,39.78,83.39,,02:36.9,211.71,174.76
00:44.5,40.95,84.42,,02:37.0,214.12,171.76
00:44.5,42.13,85.44,,02:37.0,216.49,169.2
00:44.5,43.32,86.45,,02:37.1,218.82,166.85
00:44.6,44.53,87.45,,02:37.1,221.12,164.43
00:44.7,45.75,88.45,,02:37.2,223.39,162.2
00:44.7,46.99,89.49,,02:37.2,225.62,160.14
00:44.8,48.24,90.61,,02:37.2,227.83,158.16
00:44.8,49.5,91.84,,02:37.3,230.02,156.3
00:44.8,50.79,93.15,,02:37.4,232.17,154.71
00:44.9,52.09,94.46,,02:37.4,234.31,153.24
00:45.0,53.41,95.75,,02:37.5,236.43,152.02
00:45.0,54.75,97.08,,02:37.5,238.54,151.16
00:45.0,56.11,98.38,,02:37.6,240.63,150.54
00:45.1,57.48,99.65,,02:37.6,242.71,149.97
00:45.2,58.88,100.91,,02:37.7,244.79,149.41
00:45.2,60.29,102.14,,02:37.7,246.86,148.85
00:45.2,61.71,103.38,,02:37.7,248.92,148.3
00:45.3,63.16,104.65,,02:37.8,250.98,147.78
00:45.4,64.62,106.02,,02:37.9,253.03,147.42
00:45.4,66.1,107.47,,02:37.9,255.07,147.2
00:45.5,67.61,108.94,,02:38.0,257.11,147.12
00:45.5,69.13,110.38,,02:38.0,259.15,147.14
00:45.6,70.67,111.81,,02:38.1,261.2,147.26
00:45.6,72.24,113.29,,02:38.1,263.24,147.46
00:45.6,73.82,114.79,,02:38.2,265.29,147.67
00:45.7,75.42,116.29,,02:38.2,267.34,147.93
00:45.8,77.05,117.73,,02:38.3,269.39,148.19
00:45.8,78.69,119.08,,02:38.3,271.45,148.44
00:45.8,80.36,120.43,,02:38.3,273.52,148.6
00:45.9,82.04,121.87,,02:38.4,275.58,148.8
00:46.0,83.74,123.24,,02:38.5,277.65,149.13
00:46.0,85.46,124.26,,02:38.5,279.73,149.27
00:46.0,87.19,125.38,,02:38.6,281.8,149.59
00:46.1,88.94,126.69,,02:38.6,283.88,150.07
00:46.2,90.71,127.98,,02:38.7,285.96,150.42
00:46.2,92.5,129.27,,02:38.7,288.06,150.97
00:46.3,94.3,130.62,,02:38.8,290.16,151.58
00:46.3,96.13,131.95,,02:38.8,292.27,152.07
00:46.3,97.97,133.23,,02:38.9,294.38,152.58
00:46.4,99.83,134.51,,02:38.9,296.5,153.28
00:46.5,101.71,135.75,,02:38.9,298.64,154.15
00:46.5,103.6,136.96,,02:39.0,300.79,154.93
00:46.5,105.51,138.17,,02:39.1,302.95,155.77
00:46.6,107.44,139.4,,02:39.1,305.12,156.71
00:46.7,109.38,140.6,,02:39.2,307.3,157.74
00:46.7,111.34,141.76,,02:39.2,309.5,158.6
00:46.7,113.32,142.92,,02:39.3,311.7,158.92
00:46.8,115.31,144.08,,02:39.3,313.91,158.99
00:46.8,117.32,145.23,,02:39.4,316.12,159.47
00:46.9,119.34,146.37,,02:39.4,318.35,161.15
00:47.0,121.39,147.53,,02:39.4,320.6,162.53
00:47.0,123.44,148.62,,02:39.5,322.86,163.15
00:47.0,125.51,149.69,,02:39.6,325.13,163.85
00:47.1,127.6,150.76,,02:39.6,327.41,164.53
00:47.1,129.7,151.84,,02:39.7,329.7,165.15
00:47.2,131.82,152.9,,02:39.7,331.99,165.93
00:47.3,133.95,153.99,,02:39.8,334.31,166.85
00:47.3,136.09,155.04,,02:39.8,336.63,167.73
00:47.4,138.26,156.07,,02:39.9,338.97,168.61
00:47.4,140.43,157.11,,02:39.9,341.31,169.51
00:47.5,142.62,158.13,,02:40.0,343.67,170.23
00:47.5,144.82,159.13,,02:40.0,346.04,171.19
00:47.5,147.04,160.14,,02:40.1,348.43,172.13
00:47.6,149.27,161.14,,02:40.1,350.82,172.91
00:47.7,151.52,162.12,,02:40.2,353.23,173.72
00:47.7,153.77,163.08,,02:40.2,355.65,174.54
00:47.7,156.05,164.04,,02:40.3,358.08,175.36
00:47.8,158.33,165,,02:40.3,360.52,176.17
00:47.8,160.63,165.95,,02:40.3,362.97,176.92
00:47.9,162.94,166.91,,02:40.4,365.43,177.66
00:47.9,165.27,167.84,,02:40.5,367.91,178.53
00:48.0,167.6,168.76,,02:40.5,370.39,178.86
00:48.1,169.95,169.67,,02:40.6,372.87,177.98
00:48.1,172.31,170.55,,02:40.6,375.33,176.49
00:48.1,174.69,171.46,,02:40.7,377.77,174.68
00:48.2,177.08,172.37,,02:40.7,380.18,172.73
00:48.3,179.48,173.23,,02:40.8,382.57,170.69
00:48.3,181.89,174.11,,02:40.8,384.92,168.64
00:48.3,184.31,174.99,,02:40.8,387.25,166.68
00:48.4,186.75,175.85,,02:40.9,389.55,164.7
00:48.5,189.2,176.68,,02:40.9,391.82,162.67
00:48.5,191.66,177.15,,02:41.0,394.07,160.6
00:48.5,194.11,176.9,,02:41.1,396.29,158.55
00:48.6,196.57,176.24,,02:41.1,398.47,156.56
00:48.6,199.01,175.38,,02:41.2,400.63,154.62
00:48.7,201.44,174.4,,02:41.2,402.77,152.77
00:48.7,203.85,173.3,,02:41.3,404.88,150.92
00:48.8,206.25,172.1,,02:41.3,406.96,149.11
00:48.9,208.63,170.77,,02:41.4,409.02,147.3
00:48.9,210.99,169.37,,02:41.4,411.05,145.52
00:49.0,213.34,167.91,,02:41.4,413.06,143.73
00:49.0,215.66,166.47,,02:41.5,415.04,142.04
00:49.0,217.96,165.09,,02:41.6,417,140.29
00:49.1,220.24,163.76,,02:41.6,418.93,138.54
00:49.2,222.51,162.5,,02:41.7,420.84,136.76
00:49.2,224.76,161.3,,02:41.7,422.73,135.09
00:49.2,226.99,160.17,,02:41.8,424.59,133.46
00:49.3,229.21,159.12,,02:41.8,426.44,131.91
00:49.3,231.41,158.14,,02:41.8,428.26,130.56
00:49.4,233.6,157.31,,02:41.9,430.06,129.37
00:49.5,235.78,156.6,,02:41.9,431.85,128.27
00:49.5,237.95,155.98,,02:42.0,433.62,127.33
00:49.6,240.11,155.42,,02:42.1,435.39,126.56
00:49.6,242.27,154.89,,02:42.1,437.14,125.86
00:49.7,244.41,154.38,,02:42.2,438.88,125.23
00:49.7,246.55,153.89,,02:42.2,440.62,124.64
00:49.7,248.69,153.4,,02:42.3,442.34,124.03
00:49.8,250.81,153.01,,02:42.3,444.06,123.4
00:49.8,252.93,152.75,,02:42.4,445.77,122.78
00:49.9,255.05,152.53,,02:42.4,447.47,122.16
00:50.0,257.17,152.36,,02:42.5,449.16,121.56
00:50.0,259.28,152.23,,02:42.5,450.84,120.97
00:50.0,261.39,152.19,,02:42.6,452.52,120.4
00:50.1,263.51,152.19,,02:42.6,454.18,119.83
00:50.1,265.62,152.22,,02:42.7,455.84,119.27
00:50.2,267.73,152.33,,02:42.7,457.49,118.71
00:50.2,269.85,152.44,,02:42.8,459.14,118.13
00:50.3,271.96,152.55,,02:42.8,460.77,117.6
00:50.4,274.08,152.67,,02:42.8,462.4,117.28
00:50.4,276.2,152.8,,02:42.9,464.03,117.11
00:50.5,278.33,153,,02:43.0,465.66,117.22
00:50.5,280.45,153.21,,02:43.0,467.29,117.55
00:50.5,282.58,153.48,,02:43.1,468.92,117.98
00:50.6,284.71,153.94,,02:43.1,470.56,118.54
00:50.6,286.86,154.45,,02:43.2,472.21,119.1
00:50.7,289,154.96,,02:43.2,473.87,119.59
00:50.8,291.16,155.55,,02:43.3,475.53,120.14
00:50.8,293.33,156.19,,02:43.3,477.2,120.76
00:50.8,295.5,156.88,,02:43.3,478.88,121.45
00:50.9,297.69,157.79,,02:43.4,480.57,122.23
00:51.0,299.89,158.82,,02:43.5,482.28,123.02
00:51.0,302.1,159.85,,02:43.5,483.99,123.78
00:51.0,304.33,160.85,,02:43.6,485.71,124.55
00:51.1,306.57,161.77,,02:43.6,487.45,125.42
00:51.2,308.82,162.7,,02:43.7,489.19,126.27
00:51.2,311.09,163.55,,02:43.7,490.95,127.11
00:51.2,313.37,164.53,,02:43.7,492.72,127.97
00:51.3,315.66,165.59,,02:43.8,494.5,128.87
00:51.3,317.96,166.5,,02:43.8,496.3,129.75
00:51.4,320.28,167.43,,02:43.9,498.11,130.59
00:51.5,322.61,168.35,,02:44.0,499.93,131.52
00:51.5,324.96,169.29,,02:44.0,501.76,132.43
00:51.6,327.31,170.19,,02:44.1,503.6,133.26
00:51.6,329.68,171,,02:44.1,505.46,134.14
00:51.6,332.06,171.98,,02:44.2,507.33,135.1
00:51.7,334.46,172.94,,02:44.2,509.21,136.21
00:51.7,336.87,173.7,,02:44.3,511.11,137.58
00:51.8,339.28,174.37,,02:44.3,513.03,138.77
00:51.9,341.71,174.89,,02:44.4,514.97,139.95
00:51.9,344.14,175.48,,02:44.4,516.92,141.13
00:52.0,346.58,176.24,,02:44.4,518.89,142.28
00:52.0,349.04,177.3,,02:44.5,520.87,143.42
00:52.0,351.51,178.34,,02:44.6,522.87,144.57
00:52.1,353.99,179.15,,02:44.6,524.89,145.74
00:52.2,356.48,179.93,,02:44.7,526.92,146.81
00:52.2,358.99,180.78,,02:44.7,528.97,147.91
00:52.3,361.51,181.63,,02:44.7,531.03,149.03
00:52.3,364.03,182.47,,02:44.8,533.11,150.12
00:52.4,366.58,183.3,,02:44.9,535.2,151.19
00:52.4,369.13,184.1,,02:44.9,537.31,152.24
00:52.5,371.69,184.88,,02:45.0,539.43,153.27
00:52.5,374.26,185.61,,02:45.0,541.56,154.28
00:52.6,376.84,186.42,,02:45.1,543.71,155.29
00:52.6,379.44,187.31,,02:45.1,545.88,156.13
00:52.6,382.05,188.09,,02:45.2,548.04,155.75
00:52.7,384.67,188.86,,02:45.2,550.2,154.02
00:52.7,387.3,189.62,,02:45.2,552.32,151.53
00:52.8,389.93,190.26,,02:45.3,554.4,148.71
00:52.8,392.58,190.73,,02:45.4,556.45,145.81
00:52.9,395.23,191.74,,02:45.4,558.45,143.11
00:53.0,397.9,192.59,,02:45.5,560.42,140.53
00:53.0,400.58,193.05,,02:45.5,562.36,137.87
00:53.1,403.26,192.3,,02:45.6,564.25,135.49
00:53.1,405.92,190.76,,02:45.6,566.12,133.22
00:53.1,408.55,188.75,,02:45.7,567.95,131.13
00:53.2,411.16,186.19,,02:45.7,569.76,129.15
00:53.2,413.72,183.17,,02:45.8,571.54,127.17
00:53.3,416.25,180.13,,02:45.8,573.29,125.24
00:53.3,418.73,177.16,,02:45.9,575.02,123.47
00:53.4,421.17,174.29,,02:45.9,576.72,121.76
00:53.5,423.57,171.49,,02:46.0,578.4,119.98
00:53.5,425.93,168.62,,02:46.0,580.05,118.22
00:53.5,428.25,165.8,,02:46.1,581.68,116.49
00:53.6,430.54,163.04,,02:46.1,583.28,114.78
00:53.7,432.78,160.36,,02:46.2,584.87,113.13
00:53.7,434.99,157.74,,02:46.2,586.43,111.54
00:53.7,437.17,155.15,,02:46.3,587.96,109.99
00:53.8,439.3,152.64,,02:46.3,589.48,108.5
00:53.9,441.41,150.3,,02:46.4,590.97,107.02
00:53.9,443.48,148.23,,02:46.4,592.45,105.56
00:53.9,445.53,146.47,,02:46.4,593.9,104.01
00:54.0,447.55,144.89,,02:46.5,595.34,102.51
00:54.1,449.55,143.4,,02:46.6,596.75,101.03
00:54.1,451.53,141.94,,02:46.6,598.14,99.55
00:54.2,453.49,140.46,,02:46.7,599.51,98.09
00:54.2,455.43,138.99,,02:46.7,600.86,96.64
00:54.3,457.35,137.48,,02:46.8,602.19,95.16
00:54.3,459.25,136,,02:46.8,603.51,93.65
00:54.3,461.13,134.6,,02:46.9,604.8,92.14
00:54.4,462.99,133.3,,02:46.9,606.07,90.73
00:54.5,464.83,131.94,,02:46.9,607.31,89.36
00:54.5,466.65,130.64,,02:47.0,608.55,88.17
00:54.5,468.46,129.34,,02:47.1,609.76,87.18
00:54.6,470.24,128.02,,02:47.1,610.97,86.31
00:54.6,472.01,126.71,,02:47.2,612.16,85.49
00:54.7,473.76,125.37,,02:47.2,613.34,84.69
00:54.7,475.49,124.07,,02:47.3,614.51,83.89
00:54.8,477.2,122.82,,02:47.3,615.67,83.11
00:54.9,478.9,121.67,,02:47.4,616.82,82.34
00:54.9,480.58,120.69,,02:47.4,617.96,81.54
00:55.0,482.25,120.01,,02:47.5,619.09,80.68
00:55.0,483.91,119.37,,02:47.5,620.2,79.78
00:55.1,485.57,118.74,,02:47.6,621.3,78.87
00:55.1,487.21,118.13,,02:47.6,622.39,77.95
00:55.1,488.85,117.55,,02:47.7,623.47,77.04
00:55.2,490.48,117.23,,02:47.7,624.53,76.17
00:55.3,492.1,117.14,,02:47.8,625.59,75.39
00:55.3,493.73,117.17,,02:47.8,626.63,74.64
00:55.3,495.36,117.3,,02:47.8,627.66,73.89
00:55.4,496.99,117.5,,02:47.9,628.68,73.14
00:55.5,498.62,117.75,,02:47.9,629.7,72.4
00:55.5,500.26,117.99,,02:48.0,630.7,71.67
00:55.6,501.9,118.22,,02:48.1,631.69,70.95
00:55.6,503.54,118.52,,02:48.1,632.67,70.22
00:55.7,505.19,118.83,,02:48.2,633.64,69.49
00:55.7,506.84,119.13,,02:48.2,634.6,68.76
00:55.7,508.49,119.5,,02:48.3,635.56,68.1
00:55.8,510.15,119.89,,02:48.3,636.5,67.91
00:55.8,511.82,120.27,,02:48.3,637.45,67.99
00:55.9,513.49,120.69,,02:48.4,638.4,68.32
00:56.0,515.17,121.15,,02:48.4,639.35,68.76
00:56.0,516.86,121.64,,02:48.5,640.31,69.22
00:56.0,518.55,122.15,,02:48.6,641.28,69.72
00:56.1,520.25,122.73,,02:48.6,642.25,70.26
00:56.1,521.95,123.32,,02:48.7,643.23,70.79
00:56.2,523.67,123.9,,02:48.7,644.22,71.29
00:56.3,525.39,124.49,,02:48.7,645.21,71.82
00:56.3,527.13,125.09,,02:48.8,646.21,72.4
00:56.4,528.87,125.71,,02:48.8,647.23,73.11
00:56.4,530.62,126.37,,02:48.9,648.25,73.89
00:56.5,532.38,127.06,,02:48.9,649.28,74.69
00:56.5,534.15,127.85,,02:49.0,650.32,75.48
00:56.5,535.93,128.74,,02:49.1,651.38,76.28
00:56.6,537.72,129.66,,02:49.1,652.44,77.05
00:56.7,539.53,130.67,,02:49.1,653.52,77.91
00:56.7,541.35,131.75,,02:49.2,654.6,78.89
00:56.8,543.19,132.83,,02:49.3,655.71,79.88
00:56.8,545.04,133.96,,02:49.3,656.82,80.87
00:56.8,546.91,135.15,,02:49.3,657.95,81.9
00:56.9,548.79,136.36,,02:49.4,659.1,83.02
00:57.0,550.69,137.6,,02:49.4,660.26,84.15
00:57.0,552.61,138.82,,02:49.5,661.43,85.36
00:57.1,554.55,140,,02:49.5,662.63,86.58
00:57.1,556.5,141.16,,02:49.6,663.84,87.78
00:57.2,558.47,142.32,,02:49.7,665.07,88.97
00:57.2,560.45,143.49,,02:49.7,666.31,90.21
00:57.2,562.46,144.66,,02:49.7,667.57,91.48
00:57.3,564.47,145.59,,02:49.8,668.85,92.79
00:57.3,566.49,145.15,,02:49.8,670.15,94.08
00:57.4,568.5,143.99,,02:49.9,671.46,95.36
00:57.4,570.49,142.4,,02:49.9,672.79,96.65
00:57.5,572.46,140.62,,02:50.0,674.14,98
00:57.5,574.39,138.77,,02:50.0,675.52,99.44
00:57.6,576.31,136.94,,02:50.1,676.91,100.96
00:57.6,578.2,135.15,,02:50.1,678.32,102.49
00:57.7,580.06,133.39,,02:50.2,679.75,103.99
00:57.8,581.9,131.67,,02:50.3,681.21,105.45
00:57.8,583.72,129.95,,02:50.3,682.68,106.9
00:57.9,585.51,128.31,,02:50.3,684.18,108.32
00:57.9,587.29,126.79,,02:50.4,685.69,109.39
00:58.0,589.04,125.47,,02:50.4,687.21,109.21
00:58.0,590.77,124.29,,02:50.5,688.72,108.43
00:58.0,592.49,123.23,,02:50.6,690.22,107.46
00:58.1,594.2,122.2,,02:50.6,691.7,106.4
00:58.1,595.88,121.16,,02:50.6,693.17,105.33
00:58.2,597.56,120.13,,02:50.7,694.62,104.28
00:58.2,599.22,119.17,,02:50.7,696.06,103.28
00:58.3,600.87,118.4,,02:50.8,697.49,102.32
00:58.3,602.51,117.84,,02:50.8,698.9,101.43
00:58.4,604.14,117.35,,02:50.9,700.31,100.65
00:58.5,605.77,116.84,,02:50.9,701.7,100.01
00:58.5,607.39,116.28,,02:51.0,703.08,99.42
00:58.6,608.99,115.67,,02:51.0,704.46,98.87
00:58.6,610.6,115.01,,02:51.1,705.83,98.33
00:58.7,612.19,114.39,,02:51.2,707.19,97.8
00:58.7,613.77,113.78,,02:51.2,708.54,97.28
00:58.7,615.34,113.2,,02:51.2,709.89,96.79
00:58.8,616.91,112.64,,02:51.3,711.23,96.38
00:58.8,618.47,112.09,,02:51.3,712.57,96.07
00:58.9,620.02,111.52,,02:51.4,713.9,95.78
00:59.0,621.57,110.94,,02:51.4,715.22,95.51
00:59.0,623.1,110.35,,02:51.5,716.55,95.26
00:59.1,624.63,109.76,,02:51.6,717.87,95
00:59.1,626.15,109.15,,02:51.6,719.19,94.74
00:59.1,627.66,108.52,,02:51.6,720.5,94.48
00:59.2,629.16,107.9,,02:51.7,721.81,94.2
00:59.2,630.66,107.28,,02:51.7,723.12,93.88
00:59.3,632.14,106.68,,02:51.8,724.42,93.52
00:59.3,633.62,106.06,,02:51.9,725.72,93.12
00:59.4,635.09,105.43,,02:51.9,727.01,92.67
00:59.5,636.55,104.78,,02:51.9,728.29,92.14
00:59.5,638,104.11,,02:52.0,729.57,91.55
00:59.5,639.44,103.43,,02:52.0,730.84,90.9
00:59.6,640.87,102.73,,02:52.1,732.1,90.21
00:59.6,642.29,102.04,,02:52.2,733.35,89.51
00:59.7,643.7,101.37,,02:52.2,734.59,88.86
00:59.8,645.11,100.77,,02:52.2,735.82,88.16
00:59.8,646.5,100.28,,02:52.3,737.04,87.6
00:59.9,647.89,99.91,,02:52.3,738.25,86.9
00:59.9,649.28,99.59,,02:52.4,739.45,86.41
01:00.0,650.66,99.29,,02:52.5,740.65,86.16
01:00.0,652.04,98.94,,02:52.5,741.85,86.09
01:00.0,653.41,98.51,,02:52.5,743.04,85.99
01:00.1,654.78,98.04,,02:52.6,744.24,85.97
01:00.2,656.13,97.55,,02:52.7,745.43,85.73
01:00.2,657.49,97.06,,02:52.7,746.62,85.68
01:00.3,658.83,96.56,,02:52.7,747.81,85.91
01:00.3,660.17,95.96,,02:52.8,749,86.25
01:00.3,661.49,95.31,,02:52.8,750.2,86.63
01:00.4,662.81,94.63,,02:52.9,751.41,86.97
01:00.4,664.12,94.03,,02:52.9,752.61,87.17
01:00.5,665.42,93.77,,02:53.0,753.82,87.4
01:00.6,666.72,93.76,,02:53.0,755.02,87.69
01:00.6,668.02,93.92,,02:53.1,756.23,87.85
01:00.7,669.33,94.19,,02:53.2,757.45,88.01
01:00.7,670.64,94.33,,02:53.2,758.66,88.38
01:00.7,671.95,94.24,,02:53.2,759.89,88.91
01:00.8,673.26,93.84,,02:53.3,761.12,89.46
01:00.8,674.55,93.22,,02:53.3,762.37,90.08
01:00.9,675.84,92.52,,02:53.4,763.62,90.84
01:01.0,677.12,92.08,,02:53.5,764.89,91.68
01:01.0,678.4,91.87,,02:53.5,766.17,92.51
01:01.0,679.67,91.77,,02:53.6,767.45,93.34
01:01.1,680.95,91.88,,02:53.6,768.75,94.12
01:01.1,682.22,92.14,,02:53.6,770.05,94.81
01:01.2,683.5,92.53,,02:53.7,771.36,95.45
01:01.3,684.79,92.97,,02:53.8,772.68,96.01
01:01.3,686.09,93.46,,02:53.8,774.01,96.48
01:01.4,687.39,93.9,,02:53.8,775.34,96.89
01:01.4,688.69,94.29,,02:53.9,776.68,97.21
01:01.4,690,94.44,,02:53.9,778.03,97.53
01:01.5,691.32,94.57,,02:54.0,779.38,97.96
01:01.5,692.63,94.78,,02:54.1,780.75,98.53
01:01.6,693.95,95.14,,02:54.1,782.12,99.22
01:01.7,695.27,95.58,,02:54.1,783.5,99.96
01:01.7,696.6,96.12,,02:54.2,784.9,100.73
01:01.8,697.94,96.64,,02:54.2,786.3,101.62
01:01.8,699.29,97.09,,02:54.3,787.73,102.68
01:01.8,700.64,97.6,,02:54.4,789.17,103.91
01:01.9,701.99,98.12,,02:54.4,790.62,105.13
01:01.9,703.36,98.66,,02:54.4,792.09,106.42
01:02.0,704.73,99.29,,02:54.5,793.57,107.66
01:02.1,706.12,99.93,,02:54.6,795.08,108.97
01:02.1,707.51,100.64,,02:54.6,796.6,110.35
01:02.1,708.91,101.56,,02:54.7,798.14,111.72
01:02.2,710.33,102.57,,02:54.7,799.7,113.1
01:02.2,711.76,103.55,,02:54.7,801.29,114.5
01:02.3,713.2,104.56,,02:54.8,802.88,115.9
01:02.4,714.66,105.61,,02:54.8,804.5,117.32
01:02.4,716.14,106.63,,02:54.9,806.14,118.75
01:02.5,717.63,107.67,,02:54.9,807.8,120.18
01:02.5,719.13,108.84,,02:55.0,809.48,121.57
01:02.5,720.65,110.08,,02:55.1,811.18,122.93
01:02.6,722.18,111.3,,02:55.1,812.9,124.31
01:02.6,723.74,112.49,,02:55.1,814.63,125.69
01:02.7,725.31,113.72,,02:55.2,816.39,127.02
01:02.8,726.89,115.05,,02:55.2,818.16,128.31
01:02.8,728.5,116.36,,02:55.3,819.95,129.61
01:02.9,730.12,117.47,,02:55.3,821.76,130.93
01:02.9,731.76,118.41,,02:55.4,823.59,132.22
01:03.0,733.41,119.02,,02:55.4,825.43,133.5
01:03.0,735.07,119.51,,02:55.5,827.29,134.74
01:03.0,736.74,120.62,,02:55.5,829.17,135.94
01:03.1,738.42,121.98,,02:55.6,831.07,137.14
01:03.2,740.13,123.14,,02:55.7,832.98,138.37
01:03.2,741.85,124.43,,02:55.7,834.91,139.57
01:03.2,743.59,125.93,,02:55.7,836.86,140.7
01:03.3,745.34,127.34,,02:55.8,838.82,141.81
01:03.3,747.12,128.64,,02:55.8,840.8,142.96
01:03.4,748.92,129.89,,02:55.9,842.79,144.09
01:03.5,750.73,131.16,,02:55.9,844.8,145.22
01:03.5,752.56,132.41,,02:56.0,846.82,146.35
01:03.6,754.41,133.66,,02:56.0,848.86,147.45
01:03.6,756.27,134.95,,02:56.1,850.92,148.54
01:03.6,758.16,136.21,,02:56.1,852.99,149.63
01:03.7,760.06,137.42,,02:56.2,855.07,150.7
01:03.8,761.97,138.63,,02:56.3,857.18,151.77
01:03.8,763.91,139.78,,02:56.3,859.29,152.78
01:03.8,765.86,140.96,,02:56.3,861.42,153.79
01:03.9,767.82,142.16,,02:56.4,863.56,154.84
01:04.0,769.81,143.33,,02:56.4,865.72,155.88
01:04.0,771.8,144.47,,02:56.5,867.89,156.87
01:04.0,773.82,145.61,,02:56.6,870.08,157.85
01:04.1,775.85,146.74,,02:56.6,872.27,158.83
01:04.2,777.9,147.85,,02:56.6,874.49,159.82
01:04.2,779.96,148.94,,02:56.7,876.71,160.79
01:04.3,782.03,150.03,,02:56.7,878.95,161.75
01:04.3,784.12,151.09,,02:56.8,881.2,162.7
01:04.3,786.23,152.16,,02:56.8,883.47,163.65
01:04.4,788.35,153.23,,02:56.9,885.75,164.59
01:04.4,790.49,154.29,,02:56.9,888.04,165.51
01:04.5,792.64,155.34,,02:57.0,890.35,166.43
01:04.6,794.8,156.37,,02:57.1,892.66,167.35
01:04.6,796.98,157.41,,02:57.1,894.99,168.27
01:04.7,799.17,158.4,,02:57.1,897.34,169.16
01:04.7,801.38,159.41,,02:57.2,899.69,170.06
01:04.8,803.6,160.41,,02:57.3,902.06,170.97
01:04.8,805.83,161.39,,02:57.3,904.44,171.85
01:04.8,808.08,162.37,,02:57.3,906.83,172.72
01:04.9,810.34,163.36,,02:57.4,909.24,173.6
01:04.9,812.62,164.34,,02:57.4,911.66,174.47
01:05.0,814.91,165.31,,02:57.5,914.08,175.33
01:05.0,817.21,166.25,,02:57.6,916.53,176.19
01:05.1,819.53,167.19,,02:57.6,918.98,177.04
01:05.2,821.86,168.12,,02:57.6,921.44,177.89
01:05.2,824.2,169.06,,02:57.7,923.92,178.71
01:05.3,826.55,169.99,,02:57.7,926.41,179.52
01:05.3,828.92,170.88,,02:57.8,928.91,180.36
01:05.3,831.3,171.79,,02:57.8,931.42,181.18
01:05.4,833.69,172.68,,02:57.9,933.94,181.98
01:05.5,836.1,173.58,,02:57.9,936.47,182.78
01:05.5,838.51,174.44,,02:58.0,939.02,183.56
01:05.5,840.94,175.3,,02:58.0,941.57,184.35
01:05.6,843.38,176.18,,02:58.1,944.14,185.15
01:05.7,845.83,177.04,,02:58.2,946.71,185.93
01:05.7,848.3,177.9,,02:58.2,949.3,186.7
01:05.7,850.78,178.74,,02:58.2,951.9,187.46
01:05.8,853.26,179.56,,02:58.3,954.51,188.23
01:05.8,855.76,180.39,,02:58.3,957.13,189.03
01:05.9,858.28,181.23,,02:58.4,959.76,189.75
01:06.0,860.8,182.03,,02:58.4,962.4,190.45
01:06.0,863.33,182.85,,02:58.5,965.05,191.25
01:06.0,865.88,183.65,,02:58.5,967.71,191.99
01:06.1,868.43,184.45,,02:58.6,970.38,192.7
01:06.1,871,185.23,,02:58.6,973.06,193.42
01:06.2,873.58,186.02,,02:58.7,975.75,194.12
01:06.2,876.17,186.78,,02:58.7,978.46,194.84
01:06.3,878.77,187.54,,02:58.8,981.17,195.56
01:06.4,881.38,188.3,,02:58.8,983.89,196.26
01:06.4,884,189.06,,02:58.9,986.62,196.96
01:06.5,886.63,189.81,,02:58.9,989.36,197.65
01:06.5,889.27,190.51,,02:59.0,992.11,198.34
01:06.5,891.92,191.27,,02:59.0,994.87,199.02
01:06.6,894.58,192.02,,02:59.1,997.64,199.7
01:06.7,897.26,192.75,,02:59.2,1000.41,200.38
01:06.7,899.94,193.46,,02:59.2,1003.2,201.03
01:06.7,902.63,194.18,,02:59.2,1006,201.69
01:06.8,905.33,194.91,,02:59.3,1008.8,202.35
01:06.8,908.04,195.6,,02:59.4,1011.62,203
01:06.9,910.76,196.3,,02:59.4,1014.44,203.65
01:07.0,913.5,197,,02:59.4,1017.28,204.3
01:07.0,916.24,197.69,,02:59.5,1020.12,204.94
01:07.1,918.99,198.36,,02:59.5,1022.97,205.57
01:07.1,921.75,199.04,,02:59.6,1025.83,206.19
01:07.2,924.52,199.7,,02:59.7,1028.7,206.83
01:07.2,927.29,200.38,,02:59.7,1031.57,207.45
01:07.2,930.08,201.06,,02:59.7,1034.46,208.07
01:07.3,932.88,201.7,,02:59.8,1037.35,208.67
01:07.3,935.68,202.37,,02:59.8,1040.26,209.27
01:07.4,938.5,203.01,,02:59.9,1043.17,209.87
01:07.5,941.32,203.68,,03:00.0,1046.08,210.45
01:07.5,944.16,204.29,,03:00.0,1049.01,211.06
01:07.5,947,204.94,,03:00.1,1051.95,211.66
01:07.6,949.85,205.58,,03:00.1,1054.89,212.24
01:07.6,952.71,206.18,,03:00.2,1057.84,212.82
01:07.7,955.58,206.81,,03:00.2,1060.8,213.4
01:07.8,958.45,207.45,,03:00.2,1063.77,213.97
01:07.8,961.34,208.03,,03:00.3,1066.75,214.53
01:07.8,964.23,208.65,,03:00.3,1069.73,215.1
01:07.9,967.14,209.27,,03:00.4,1072.72,215.66
01:07.9,970.05,209.86,,03:00.4,1075.72,216.21
01:08.0,972.96,210.46,,03:00.5,1078.73,216.77
01:08.0,975.89,211.04,,03:00.5,1081.74,217.32
01:08.1,978.83,211.64,,03:00.6,1084.76,217.87
01:08.2,981.77,212.21,,03:00.7,1087.79,218.41
01:08.2,984.72,212.78,,03:00.7,1090.83,218.94
01:08.3,987.68,213.37,,03:00.8,1093.88,219.47
01:08.3,990.65,213.94,,03:00.8,1096.93,220.01
01:08.3,993.62,214.48,,03:00.8,1099.99,220.54
01:08.4,996.61,215.06,,03:00.9,1103.05,221.05
01:08.5,999.6,215.64,,03:00.9,1106.13,221.58
01:08.5,1002.6,216.18,,03:01.0,1109.21,222.09
01:08.5,1005.6,216.72,,03:01.1,1112.3,222.6
01:08.6,1008.62,217.29,,03:01.1,1115.39,223.12
01:08.7,1011.64,217.82,,03:01.1,1118.49,223.63
01:08.7,1014.67,218.37,,03:01.2,1121.6,224.13
01:08.7,1017.7,218.9,,03:01.3,1124.72,224.62
01:08.8,1020.75,219.42,,03:01.3,1127.84,225.13
01:08.8,1023.8,219.98,,03:01.3,1130.97,225.62
01:08.9,1026.86,220.5,,03:01.4,1134.11,226.11
01:09.0,1029.92,221.03,,03:01.4,1137.25,226.6
01:09.0,1033,221.57,,03:01.5,1140.4,227.08
01:09.0,1036.08,222.07,,03:01.6,1143.56,227.55
01:09.1,1039.17,222.58,,03:01.6,1146.72,228
01:09.1,1042.26,223.1,,03:01.6,1149.9,228.52
01:09.2,1045.36,223.58,,03:01.7,1153.07,228.99
01:09.3,1048.47,224.1,,03:01.7,1156.26,229.44
01:09.3,1051.59,224.59,,03:01.8,1159.45,229.91
01:09.3,1054.71,225.1,,03:01.8,1162.64,230.37
01:09.4,1057.84,225.59,,03:01.9,1165.84,230.82
01:09.4,1060.98,226.07,,03:01.9,1169.05,231.17
01:09.5,1064.12,226.56,,03:02.0,1172.26,231.09
01:09.6,1067.27,227.03,,03:02.1,1175.47,230.65
01:09.6,1070.43,227.52,,03:02.1,1178.67,229.71
01:09.7,1073.59,227.99,,03:02.1,1181.84,227.66
01:09.7,1076.76,228.46,,03:02.2,1184.99,224.73
01:09.8,1079.94,228.92,,03:02.2,1188.08,221.38
01:09.8,1083.12,229.37,,03:02.3,1191.14,217.93
01:09.9,1086.31,229.84,,03:02.4,1194.14,214.41
01:09.9,1089.5,230.31,,03:02.4,1197.09,210.84
01:10.0,1092.7,230.76,,03:02.4,1199.99,207.08
01:10.0,1095.91,231.22,,03:02.5,1202.84,203.18
01:10.0,1099.13,231.67,,03:02.6,1205.64,199.23
01:10.1,1102.35,232.1,,03:02.6,1208.38,195.44
01:10.2,1105.57,232.54,,03:02.7,1211.07,191.81
01:10.2,1108.81,233,,03:02.7,1213.71,188.26
01:10.2,1112.05,233.4,,03:02.7,1216.3,184.74
01:10.3,1115.29,233.88,,03:02.8,1218.84,181.15
01:10.4,1118.54,234.29,,03:02.9,1221.33,177.5
01:10.4,1121.8,234.69,,03:02.9,1223.77,173.87
01:10.5,1125.06,235.16,,03:02.9,1226.16,170.37
01:10.5,1128.33,235.57,,03:03.0,1228.5,167.12
01:10.5,1131.61,235.99,,03:03.0,1230.8,164.06
01:10.6,1134.89,236.39,,03:03.1,1233.06,160.97
01:10.7,1138.17,236.82,,03:03.1,1235.27,157.86
01:10.7,1141.46,237.23,,03:03.2,1237.45,154.66
01:10.7,1144.76,237.62,,03:03.2,1239.57,151.28
01:10.8,1148.07,238.04,,03:03.3,1241.65,148.25
01:10.8,1151.37,238.44,,03:03.3,1243.69,145.47
01:10.9,1154.69,238.82,,03:03.4,1245.69,142.74
01:11.0,1158.01,239.23,,03:03.5,1247.66,140.07
01:11.0,1161.34,239.64,,03:03.5,1249.58,137.38
01:11.1,1164.67,239.99,,03:03.6,1251.47,134.72
01:11.1,1168,240.21,,03:03.6,1253.33,132.04
01:11.2,1171.33,239.41,,03:03.6,1255.14,129.37
01:11.2,1174.64,237.48,,03:03.7,1256.92,126.66
01:11.2,1177.92,234.89,,03:03.7,1258.66,123.95
01:11.3,1181.16,231.73,,03:03.8,1260.36,121.23
01:11.3,1184.36,228.39,,03:03.8,1262.03,118.53
01:11.4,1187.51,224.87,,03:03.9,1263.65,115.9
01:11.5,1190.61,221.4,,03:03.9,1265.24,113.23
01:11.5,1193.66,217.88,,03:04.0,1266.8,110.64
01:11.5,1196.66,214.14,,03:04.1,1268.32,107.93
01:11.6,1199.61,210.36,,03:04.1,1269.8,105.28
01:11.7,1202.5,206.68,,03:04.1,1271.24,102.83
01:11.7,1205.35,203.03,,03:04.2,1272.66,100.52
01:11.8,1208.14,199.5,,03:04.3,1274.04,98.35
01:11.8,1210.89,196.16,,03:04.3,1275.39,96.26
01:11.8,1213.59,192.93,,03:04.3,1276.71,94.29
01:11.9,1216.25,189.74,,03:04.4,1278.01,92.52
01:11.9,1218.86,186.53,,03:04.4,1279.28,90.82
01:12.0,1221.43,183.3,,03:04.5,1280.54,89.22
01:12.0,1223.96,180.07,,03:04.6,1281.76,87.55
01:12.1,1226.44,177.16,,03:04.6,1282.97,85.94
01:12.2,1228.88,174.65,,03:04.6,1284.15,84.34
01:12.2,1231.29,172.27,,03:04.7,1285.32,82.78
01:12.3,1233.66,169.86,,03:04.8,1286.46,81.41
01:12.3,1236.01,167.71,,03:04.8,1287.58,80.08
01:12.3,1238.32,165.77,,03:04.8,1288.68,78.86
01:12.4,1240.61,163.82,,03:04.9,1289.77,77.63
01:12.5,1242.87,161.96,,03:04.9,1290.84,76.42
01:12.5,1245.11,160.24,,03:05.0,1291.89,75.33
01:12.5,1247.32,158.5,,03:05.0,1292.93,74.4
01:12.6,1249.51,156.92,,03:05.1,1293.96,73.55
01:12.6,1251.68,155.32,,03:05.2,1294.98,72.74
01:12.7,1253.82,153.82,,03:05.2,1295.99,71.99
01:12.8,1255.95,152.46,,03:05.2,1296.98,71.25
01:12.8,1258.06,151.23,,03:05.3,1297.97,70.51
01:12.8,1260.15,150.09,,03:05.4,1298.94,69.77
01:12.9,1262.22,149.14,,03:05.4,1299.91,69.04
01:12.9,1264.29,148.39,,03:05.4,1300.87,68.31
01:13.0,1266.34,147.75,,03:05.5,1301.81,67.57
01:13.0,1268.39,147.14,,03:05.5,1302.75,66.84
01:13.1,1270.44,146.54,,03:05.6,1303.67,66.11
01:13.2,1272.46,145.96,,03:05.6,1304.59,65.52
01:13.2,1274.49,145.53,,03:05.7,1305.5,65.42
01:13.3,1276.5,145.33,,03:05.8,1306.41,65.63
01:13.3,1278.52,145.29,,03:05.8,1307.33,65.96
01:13.3,1280.54,145.36,,03:05.8,1308.25,66.32
01:13.4,1282.55,145.44,,03:05.9,1309.18,66.75
01:13.5,1284.57,145.52,,03:05.9,1310.11,67.15
01:13.5,1286.59,145.51,,03:06.0,1311.05,67.64
01:13.5,1288.62,145.58,,03:06.0,1311.99,68.25
01:13.6,1290.64,145.75,,03:06.1,1312.95,68.99
01:13.7,1292.67,145.72,,03:06.2,1313.91,69.81
01:13.7,1294.69,145.84,,03:06.2,1314.89,70.71
01:13.7,1296.71,146.11,,03:06.2,1315.88,71.7
01:13.8,1298.74,146.33,,03:06.3,1316.88,72.77
01:13.9,1300.78,146.68,,03:06.3,1317.9,73.83
01:13.9,1302.82,147.03,,03:06.4,1318.94,74.84
01:14.0,1304.86,147.34,,03:06.4,1319.98,75.77
01:14.0,1306.91,147.74,,03:06.5,1321.04,76.64
01:14.1,1308.97,148.33,,03:06.5,1322.11,77.52
01:14.1,1311.04,149.03,,03:06.6,1323.2,78.4
01:14.2,1313.11,149.75,,03:06.7,1324.29,79.28
01:14.2,1315.2,150.5,,03:06.7,1325.4,80.17
01:14.2,1317.3,151.32,,03:06.7,1326.52,81.12
01:14.3,1319.4,152.24,,03:06.8,1327.65,82.18
01:14.3,1321.52,153.12,,03:06.8,1328.8,83.3
01:14.4,1323.65,153.58,,03:06.9,1329.97,84.49
01:14.5,1325.78,153.79,,03:07.0,1331.15,85.67
01:14.5,1327.92,153.96,,03:07.0,1332.35,86.84
01:14.6,1330.07,155.24,,03:07.1,1333.56,88
01:14.6,1332.24,156.71,,03:07.1,1334.79,89.18
01:14.7,1334.42,157.3,,03:07.1,1336.04,90.39
01:14.7,1336.61,158.05,,03:07.2,1337.3,91.66
01:14.7,1338.81,158.78,,03:07.2,1338.58,92.95
01:14.8,1341.02,159.43,,03:07.3,1339.88,94.23
01:14.8,1343.23,159.97,,03:07.3,1341.2,95.46
01:14.9,1345.46,160.95,,03:07.4,1342.53,96.65
01:15.0,1347.7,161.68,,03:07.4,1343.88,97.82
01:15.0,1349.95,162.39,,03:07.5,1345.25,99
01:15.0,1352.22,163.32,,03:07.5,1346.63,100.17
01:15.1,1354.49,164.21,,03:07.6,1348.03,101.3
01:15.2,1356.78,165.01,,03:07.7,1349.44,102.4
01:15.2,1359.08,166.09,,03:07.7,1350.87,103.47
01:15.2,1361.39,166.99,,03:07.7,1352.32,104.53
01:15.3,1363.71,167.84,,03:07.8,1353.77,105.68
01:15.3,1366.05,168.72,,03:07.8,1355.25,106.93
01:15.4,1368.4,169.59,,03:07.9,1356.74,108.16
01:15.4,1370.76,170.46,,03:07.9,1358.25,109.4
01:15.5,1373.14,171.31,,03:08.0,1359.78,110.57
01:15.5,1375.52,172.1,,03:08.1,1361.32,111.82
01:15.6,1377.91,172.88,,03:08.1,1362.89,113.12
01:15.7,1380.32,173.79,,03:08.1,1364.47,114.63
01:15.7,1382.74,174.18,,03:08.2,1366.07,116
01:15.8,1385.15,173.13,,03:08.2,1367.69,117.3
01:15.8,1387.54,171.36,,03:08.3,1369.33,118.78
01:15.8,1389.91,169.23,,03:08.3,1370.99,120.21
01:15.9,1392.24,166.91,,03:08.4,1372.67,121.5
01:15.9,1394.54,164.5,,03:08.4,1374.37,122.92
01:16.0,1396.81,162.03,,03:08.5,1376.08,124.44
01:16.0,1399.05,159.64,,03:08.6,1377.82,125.88
01:16.1,1401.25,157.38,,03:08.6,1379.58,127.23
01:16.2,1403.42,155.22,,03:08.7,1381.36,128.47
01:16.2,1405.56,153.16,,03:08.7,1383.15,129.72
01:16.2,1407.67,151.22,,03:08.7,1384.96,131.06
01:16.3,1409.76,149.39,,03:08.8,1386.79,132.38
01:16.4,1411.82,147.58,,03:08.9,1388.64,133.68
01:16.4,1413.86,145.86,,03:08.9,1390.5,134.95
01:16.5,1415.87,144.25,,03:08.9,1392.39,136.14
01:16.5,1417.87,142.77,,03:09.0,1394.28,137.32
01:16.5,1419.84,141.46,,03:09.1,1396.2,138.49
01:16.6,1421.79,140.36,,03:09.1,1398.13,139.6
01:16.6,1423.74,139.43,,03:09.1,1400.08,140.71
01:16.7,1425.67,138.73,,03:09.2,1402.04,141.85
01:16.8,1427.59,138.13,,03:09.2,1404.02,143.04
01:16.8,1429.5,137.54,,03:09.3,1406.01,144.16
01:16.8,1431.4,136.95,,03:09.3,1408.02,145.25
01:16.9,1433.3,136.34,,03:09.4,1410.05,146.35
01:16.9,1435.19,135.72,,03:09.4,1412.09,147.44
01:17.0,1437.07,135.08,,03:09.5,1414.14,148.51
01:17.0,1438.94,134.47,,03:09.6,1416.21,149.55
01:17.1,1440.8,134.05,,03:09.6,1418.29,150.58
01:17.2,1442.66,133.8,,03:09.6,1420.39,151.62
01:17.2,1444.52,133.72,,03:09.7,1422.5,152.62
01:17.3,1446.37,133.78,,03:09.7,1424.63,153.59
01:17.3,1448.23,133.93,,03:09.8,1426.77,154.6
01:17.3,1450.09,134.1,,03:09.9,1428.92,155.55
01:17.4,1451.95,134.28,,03:09.9,1431.09,156.46
01:17.5,1453.82,134.36,,03:09.9,1433.27,157.4
01:17.5,1455.69,134.45,,03:10.0,1435.46,158.36
01:17.6,1457.55,134.57,,03:10.0,1437.67,159.26
01:17.6,1459.42,134.43,,03:10.1,1439.88,160.15
01:17.7,1461.28,133.93,,03:10.2,1442.11,161.06
01:17.7,1463.14,133.29,,03:10.2,1444.36,161.93
01:17.7,1464.98,132.69,,03:10.2,1446.61,162.8
01:17.8,1466.82,132.12,,03:10.3,1448.88,163.64
01:17.8,1468.65,131.56,,03:10.3,1451.16,164.46
01:17.9,1470.47,131,,03:10.4,1453.44,165.3
01:18.0,1472.29,130.49,,03:10.4,1455.75,166.15
01:18.0,1474.09,130.12,,03:10.5,1458.06,166.97
01:18.0,1475.9,129.74,,03:10.6,1460.38,167.76
01:18.1,1477.7,129.2,,03:10.6,1462.72,168.54
01:18.2,1479.48,128.58,,03:10.6,1465.06,169.31
01:18.2,1481.26,127.98,,03:10.7,1467.42,170.09
01:18.3,1483.04,127.42,,03:10.8,1469.79,170.84
01:18.3,1484.8,126.86,,03:10.8,1472.16,171.57
01:18.3,1486.56,126.28,,03:10.8,1474.55,172.28
01:18.4,1488.31,125.69,,03:10.9,1476.95,172.99
01:18.5,1490.05,125.09,,03:10.9,1479.35,173.68
01:18.5,1491.78,124.49,,03:11.0,1481.77,174.36
01:18.5,1493.5,124.02,,03:11.0,1484.19,175.05
01:18.6,1495.22,123.83,,03:11.1,1486.63,175.74
01:18.7,1496.94,123.87,,03:11.1,1489.07,176.37
01:18.7,1498.66,123.87,,03:11.2,1491.52,176.99
01:18.7,1500.38,123.97,,03:11.3,1493.99,177.63
01:18.8,1502.1,124.34,,03:11.3,1496.46,178.28
01:18.8,1503.83,124.58,,03:11.3,1498.94,178.9
01:18.9,1505.56,124.75,,03:11.4,1501.42,179.51
01:19.0,1507.29,124.87,,03:11.4,1503.92,180.14
01:19.0,1509.02,125,,03:11.5,1506.42,180.8
01:19.1,1510.76,125.1,,03:11.6,1508.94,181.41
01:19.1,1512.49,125.21,,03:11.6,1511.46,182.02
01:19.2,1514.23,125.4,,03:11.6,1513.99,182.68
01:19.2,1515.97,125.59,,03:11.7,1516.53,183.28
01:19.3,1517.72,125.66,,03:11.8,1519.08,183.91
01:19.3,1519.46,125.73,,03:11.8,1521.64,184.58
01:19.3,1521.21,125.95,,03:11.8,1524.21,185.21
01:19.4,1522.96,126.32,,03:11.9,1526.78,185.83
01:19.5,1524.72,126.77,,03:11.9,1529.37,186.48
01:19.5,1526.48,127.3,,03:12.0,1531.96,187.13
01:19.6,1528.26,127.65,,03:12.1,1534.57,187.76
01:19.6,1530.03,127.9,,03:12.1,1537.18,188.4
01:19.7,1531.81,128.23,,03:12.1,1539.8,189.03
01:19.7,1533.59,128.62,,03:12.2,1542.43,189.64
01:19.8,1535.39,129.21,,03:12.2,1545.06,190.27
01:19.8,1537.18,129.76,,03:12.3,1547.71,190.91
01:19.8,1538.98,130.2,,03:12.4,1550.36,191.53
01:19.9,1540.8,130.77,,03:12.4,1553.03,192.16
01:20.0,1542.62,131.52,,03:12.4,1555.7,192.79
01:20.0,1544.45,132.09,,03:12.5,1558.38,193.41
01:20.0,1546.29,132.74,,03:12.5,1561.07,194.01
01:20.1,1548.14,133.5,,03:12.6,1563.77,194.63
01:20.1,1550,134.35,,03:12.7,1566.48,195.29
01:20.2,1551.87,135.23,,03:12.7,1569.2,195.9
01:20.3,1553.76,136.19,,03:12.7,1571.92,196.46
01:20.3,1555.66,137.58,,03:12.8,1574.65,197.1
01:20.3,1557.58,138.83,,03:12.8,1577.39,197.82
01:20.4,1559.52,140.01,,03:12.9,1580.15,198.51
01:20.4,1561.47,141.18,,03:13.0,1582.91,199.12
01:20.5,1563.44,142.32,,03:13.0,1585.68,199.76
01:20.5,1565.42,143.45,,03:13.0,1588.46,200.43
01:20.6,1567.42,143.63,,03:13.1,1591.24,201.09
01:20.7,1569.4,142.21,,03:13.2,1594.04,201.69
01:20.7,1571.36,140.02,,03:13.2,1596.85,202.36
01:20.8,1573.29,137.44,,03:13.2,1599.66,203.02
01:20.8,1575.18,134.76,,03:13.3,1602.49,203.65
01:20.8,1577.03,132.1,,03:13.3,1605.32,204.27
01:20.9,1578.85,129.55,,03:13.4,1608.16,204.91
01:21.0,1580.63,127.24,,03:13.4,1611.01,205.54
01:21.0,1582.38,124.85,,03:13.5,1613.87,206.16
01:21.1,1584.1,122.6,,03:13.5,1616.74,206.79
01:21.1,1585.79,120.45,,03:13.6,1619.61,207.4
01:21.2,1587.44,118.43,,03:13.7,1622.5,208.01
01:21.2,1589.08,116.59,,03:13.7,1625.39,208.62
01:21.2,1590.68,114.85,,03:13.7,1628.29,209.21
01:21.3,1592.27,113.3,,03:13.8,1631.2,209.81
01:21.3,1593.83,111.77,,03:13.8,1634.12,210.42
01:21.4,1595.37,110.27,,03:13.9,1637.05,211
01:21.5,1596.89,108.84,,03:14.0,1639.98,211.58
01:21.5,1598.39,107.59,,03:14.0,1642.92,212.17
01:21.5,1599.88,106.35,,03:14.1,1645.88,212.75
01:21.6,1601.34,104.95,,03:14.1,1648.83,213.33
01:21.6,1602.79,103.51,,03:14.1,1651.8,213.9
01:21.7,1604.22,102.03,,03:14.2,1654.78,214.45
01:21.8,1605.62,100.43,,03:14.3,1657.76,215.02
01:21.8,1607,98.73,,03:14.3,1660.75,215.58
01:21.8,1608.36,97.11,,03:14.3,1663.75,216.13
01:21.9,1609.7,95.54,,03:14.4,1666.75,216.69
01:22.0,1611.02,93.96,,03:14.4,1669.77,217.23
01:22.0,1612.31,92.33,,03:14.5,1672.79,217.78
01:22.0,1613.58,90.71,,03:14.5,1675.82,218.31
01:22.1,1614.83,89.1,,03:14.6,1678.85,218.83
01:22.2,1616.05,87.49,,03:14.6,1681.89,219.38
01:22.2,1617.26,85.95,,03:14.7,1684.94,219.91
01:22.2,1618.44,84.44,,03:14.7,1688,220.43
01:22.3,1619.6,82.96,,03:14.8,1691.07,220.95
01:22.3,1620.74,81.63,,03:14.9,1694.14,221.46
01:22.4,1621.87,80.64,,03:14.9,1697.22,221.98
01:22.5,1622.99,79.88,,03:14.9,1700.31,222.48
01:22.5,1624.09,79.13,,03:15.0,1703.4,222.98
01:22.6,1625.18,78.37,,03:15.1,1706.5,223.48
01:22.6,1626.27,77.64,,03:15.1,1709.61,223.98
01:22.7,1627.35,77.32,,03:15.1,1712.72,224.47
01:22.7,1628.42,77.18,,03:15.2,1715.84,224.95
01:22.7,1629.49,77.05,,03:15.2,1718.97,225.45
01:22.8,1630.56,76.87,,03:15.3,1722.1,225.93
01:22.8,1631.63,76.36,,03:15.3,1725.25,226.41
01:22.9,1632.68,75.64,,03:15.4,1728.39,226.88
01:23.0,1633.73,75.33,,03:15.4,1731.55,227.37
01:23.0,1634.78,75.21,,03:15.5,1734.71,227.84
01:23.0,1635.82,74.7,,03:15.6,1737.88,228.28
01:23.1,1636.85,73.94,,03:15.6,1741.05,228.78
01:23.2,1637.88,73.18,,03:15.7,1744.23,229.23
01:23.2,1638.89,72.47,,03:15.7,1747.42,229.69
01:23.3,1639.89,71.75,,03:15.7,1750.61,230.15
01:23.3,1640.88,71.03,,03:15.8,1753.81,230.59
01:23.3,1641.87,70.31,,03:15.9,1757.02,231.02
01:23.4,1642.84,69.6,,03:15.9,1760.23,231.47
01:23.4,1643.8,68.89,,03:15.9,1763.45,231.93
01:23.5,1644.76,68.17,,03:16.0,1766.67,232.36
01:23.5,1645.7,67.48,,03:16.0,1769.9,232.79
01:23.6,1646.64,67.22,,03:16.1,1773.14,233.24
01:23.7,1647.57,67.49,,03:16.2,1776.38,233.67
01:23.7,1648.52,68.18,,03:16.2,1779.63,234.07
01:23.8,1649.47,68.96,,03:16.2,1782.88,234.52
01:23.8,1650.44,69.62,,03:16.3,1786.14,234.96
01:23.8,1651.41,70.15,,03:16.3,1789.41,235.35
01:23.9,1652.39,70.73,,03:16.4,1792.68,235.75
01:24.0,1653.38,71.25,,03:16.4,1795.96,236.2
01:24.0,1654.37,71.69,,03:16.5,1799.24,236.61
01:24.0,1655.37,72.05,,03:16.5,1802.53,237
01:24.1,1656.37,72.43,,03:16.6,1805.82,237.41
01:24.1,1657.38,72.93,,03:16.6,1809.12,237.82
01:24.2,1658.39,73.59,,03:16.7,1812.43,238.23
01:24.3,1659.42,74.24,,03:16.8,1815.74,238.62
01:24.3,1660.46,75.15,,03:16.8,1819.06,239.04
01:24.3,1661.51,76.3,,03:16.8,1822.38,239.42
01:24.4,1662.58,77.46,,03:16.9,1825.71,239.81
01:24.5,1663.66,78.46,,03:16.9,1829.04,240.21
01:24.5,1664.76,79.44,,03:17.0,1832.38,240.6
01:24.6,1665.87,80.53,,03:17.0,1835.73,240.98
01:24.6,1666.99,81.62,,03:17.1,1839.08,241.35
01:24.7,1668.13,82.71,,03:17.1,1842.43,241.73
01:24.7,1669.29,83.9,,03:17.2,1845.79,242.11
01:24.8,1670.46,85.12,,03:17.2,1849.16,242.49
01:24.8,1671.65,86.35,,03:17.3,1852.53,242.86
01:24.9,1672.86,87.59,,03:17.3,1855.9,243.22
01:24.9,1674.09,88.8,,03:17.4,1859.28,243.59
01:25.0,1675.33,90.03,,03:17.4,1862.67,243.96
01:25.0,1676.59,91.29,,03:17.5,1866.06,244.33
01:25.1,1677.86,92.62,,03:17.6,1869.45,244.69
01:25.1,1679.16,94,,03:17.6,1872.85,245.05
01:25.2,1680.47,95.42,,03:17.6,1876.26,245.41
01:25.2,1681.81,96.85,,03:17.7,1879.67,245.76
01:25.3,1683.16,98.26,,03:17.8,1883.09,246.11
01:25.3,1684.54,99.7,,03:17.8,1886.51,246.46
01:25.4,1685.93,101.14,,03:17.8,1889.93,246.82
01:25.4,1687.35,102.56,,03:17.9,1893.36,247.15
01:25.5,1688.78,103.96,,03:17.9,1896.8,247.49
01:25.5,1690.23,105.35,,03:18.0,1900.24,247.84
01:25.6,1691.71,106.75,,03:18.1,1903.68,248.13
01:25.6,1693.2,108.16,,03:18.1,1907.13,248.14
01:25.7,1694.71,109.51,,03:18.1,1910.57,247.86
01:25.7,1696.24,110.35,,03:18.2,1914.01,247.3
01:25.8,1697.77,110.37,,03:18.2,1917.44,246.64
01:25.8,1699.3,110.01,,03:18.3,1920.86,245.38
01:25.8,1700.83,109.52,,03:18.3,1924.25,243.11
01:25.9,1702.34,108.97,,03:18.4,1927.61,240.2
01:26.0,1703.85,108.4,,03:18.4,1930.92,236.97
01:26.0,1705.35,107.78,,03:18.5,1934.19,233.46
01:26.1,1706.84,107.05,,03:18.6,1937.41,229.65
01:26.1,1708.32,106.22,,03:18.6,1940.57,225.91
01:26.2,1709.79,105.31,,03:18.6,1943.68,222.21
01:26.2,1711.25,104.42,,03:18.7,1946.74,218.54
01:26.2,1712.69,103.6,,03:18.8,1949.75,214.91
01:26.3,1714.12,102.9,,03:18.8,1952.71,211.37
01:26.3,1715.55,102.3,,03:18.8,1955.62,207.89
01:26.4,1716.96,101.73,,03:18.9,1958.49,204.18
01:26.5,1718.37,101.19,,03:18.9,1961.3,200.28
01:26.5,1719.77,100.67,,03:19.0,1964.05,196.7
01:26.6,1721.16,100.19,,03:19.1,1966.76,193.2
01:26.6,1722.55,99.68,,03:19.1,1969.42,189.6
01:26.7,1723.93,99.17,,03:19.1,1972.03,185.92
01:26.7,1725.3,98.69,,03:19.2,1974.58,182.13
01:26.8,1726.67,98.47,,03:19.2,1977.09,178.41
01:26.8,1728.04,98.3,,03:19.3,1979.54,174.95
01:26.9,1729.4,98.14,,03:19.3,1981.95,171.69
01:26.9,1730.76,97.67,,03:19.4,1984.31,168.42
01:27.0,1732.11,97,,03:19.4,1986.63,165.09
01:27.0,1733.46,96.34,,03:19.5,1988.9,161.74
01:27.0,1734.79,95.7,,03:19.6,1991.12,158.45
01:27.1,1736.11,95.04,,03:19.6,1993.3,155.37
01:27.2,1737.43,94.34,,03:19.7,1995.43,152.27
01:27.2,1738.73,93.63,,03:19.7,1997.53,149.13
01:27.3,1740.03,92.89,,03:19.7,1999.58,145.97
01:27.3,1741.32,92.15,,03:19.8,2001.58,142.84
01:27.3,1742.59,91.41,,03:19.8,2003.55,139.78
01:27.4,1743.86,90.68,,03:19.9,2005.47,136.8
01:27.5,1745.12,89.94,,03:19.9,2007.35,133.87
01:27.5,1746.36,89.21,,03:20.0,2009.19,130.9
01:27.6,1747.6,88.53,,03:20.0,2010.98,127.86
01:27.6,1748.83,88.32,,03:20.1,2012.74,124.85
01:27.7,1750.06,88.38,,03:20.2,2014.45,121.92
01:27.7,1751.29,88.71,,03:20.2,2016.13,119.12
01:27.8,1752.53,89.19,,03:20.3,2017.76,116.69
01:27.8,1753.78,89.7,,03:20.3,2019.37,114.37
01:27.9,1755.03,90.21,,03:20.3,2020.94,112.08
01:27.9,1756.29,90.71,,03:20.4,2022.48,110.02
01:28.0,1757.55,91.21,,03:20.4,2023.99,107.89
01:28.0,1758.83,91.72,,03:20.5,2025.48,106.12
01:28.1,1760.11,92.24,,03:20.5,2026.94,104.41
01:28.1,1761.39,92.78,,03:20.6,2028.38,102.8
01:28.1,1762.69,93.34,,03:20.7,2029.8,101.27
01:28.2,1763.99,93.96,,03:20.7,2031.19,99.63
01:28.3,1765.3,94.7,,03:20.7,2032.57,98.07
01:28.3,1766.62,95.36,,03:20.8,2033.92,96.51
01:28.4,1767.95,96,,03:20.8,2035.25,95.08
01:28.4,1769.29,96.67,,03:20.9,2036.56,93.6
01:28.5,1770.63,97.34,,03:21.0,2037.85,92.21
01:28.5,1771.99,98.12,,03:21.0,2039.12,90.83
01:28.5,1773.36,99.03,,03:21.0,2040.37,89.56
01:28.6,1774.74,100.03,,03:21.1,2041.61,88.36
01:28.7,1776.14,101.06,,03:21.1,2042.82,87.11
01:28.7,1777.55,102.09,,03:21.2,2044.03,85.83
01:28.8,1778.97,103.13,,03:21.3,2045.21,84.5
01:28.8,1780.41,104.17,,03:21.3,2046.37,83.19
01:28.9,1781.87,105.22,,03:21.3,2047.52,81.78
01:28.9,1783.34,106.31,,03:21.4,2048.64,80.35
01:29.0,1784.82,107.46,,03:21.4,2049.75,78.85
01:29.0,1786.32,108.7,,03:21.5,2050.84,77.4
01:29.1,1787.84,109.97,,03:21.6,2051.9,75.94
01:29.1,1789.37,111.24,,03:21.6,2052.95,74.45
01:29.2,1790.93,112.53,,03:21.6,2053.97,72.96
01:29.2,1792.5,113.8,,03:21.7,2054.97,71.5
01:29.2,1794.09,115.03,,03:21.7,2055.96,70.17
01:29.3,1795.69,116.24,,03:21.8,2056.93,68.92
01:29.3,1797.31,117.45,,03:21.8,2057.88,67.8
01:29.4,1798.95,118.71,,03:21.9,2058.81,66.83
01:29.5,1800.61,120.05,,03:21.9,2059.74,65.93
01:29.5,1802.29,121.59,,03:22.0,2060.65,65.05
01:29.6,1803.99,123.08,,03:22.1,2061.55,64.22
01:29.6,1805.71,124.34,,03:22.1,2062.44,63.46
01:29.7,1807.44,125.58,,03:22.2,2063.32,62.72
01:29.7,1809.19,126.77,,03:22.2,2064.19,62
01:29.7,1810.96,128.12,,03:22.2,2065.05,61.28
01:29.8,1812.75,129.61,,03:22.3,2065.9,60.54
01:29.8,1814.56,130.98,,03:22.3,2066.74,59.81
01:29.9,1816.39,132.3,,03:22.4,2067.57,59.11
01:30.0,1818.24,133.58,,03:22.4,2068.39,58.46
01:30.0,1820.1,134.8,,03:22.5,2069.2,58.22
01:30.1,1821.98,136.02,,03:22.6,2070.02,58.24
01:30.1,1823.88,137.34,,03:22.6,2070.83,58.46
01:30.2,1825.8,138.51,,03:22.6,2071.65,58.94
01:30.2,1827.73,139.55,,03:22.7,2072.48,59.62
01:30.3,1829.67,140.68,,03:22.7,2073.32,60.46
01:30.3,1831.64,141.87,,03:22.8,2074.17,61.33
01:30.4,1833.61,142.91,,03:22.9,2075.03,62.19
01:30.4,1835.6,144.05,,03:22.9,2075.9,63.02
01:30.5,1837.61,145.18,,03:22.9,2076.78,63.84
01:30.5,1839.64,146.21,,03:23.0,2077.68,64.68
01:30.6,1841.67,147.2,,03:23.0,2078.59,65.61
01:30.6,1843.72,148.23,,03:23.1,2079.51,66.61
01:30.7,1845.79,149.39,,03:23.2,2080.44,67.67
01:30.7,1847.87,150.41,,03:23.2,2081.39,68.74
01:30.8,1849.97,151.39,,03:23.2,2082.35,69.78
01:30.8,1852.08,152.4,,03:23.3,2083.33,70.77
01:30.9,1854.2,153.4,,03:23.3,2084.32,71.65
01:30.9,1856.34,154.43,,03:23.4,2085.32,72.47
01:31.0,1858.49,155.42,,03:23.4,2086.34,73.36
01:31.0,1860.65,156.39,,03:23.5,2087.36,74.29
01:31.1,1862.83,157.34,,03:23.5,2088.4,75.28
01:31.1,1865.02,158.29,,03:23.6,2089.45,76.4
01:31.2,1867.23,159.27,,03:23.7,2090.52,77.52
01:31.2,1869.45,160.2,,03:23.7,2091.6,78.55
01:31.3,1871.68,161.1,,03:23.7,2092.71,79.63
01:31.3,1873.92,162.06,,03:23.8,2093.82,80.8
01:31.4,1876.18,163,,03:23.8,2094.95,82
01:31.4,1878.45,163.9,,03:23.9,2096.1,83.33
01:31.5,1880.73,164.81,,03:23.9,2097.27,84.75
01:31.5,1883.02,165.73,,03:24.0,2098.45,86.14
01:31.6,1885.33,166.63,,03:24.1,2099.66,87.42
01:31.6,1887.65,167.52,,03:24.1,2100.88,88.59
01:31.6,1889.98,168.42,,03:24.1,2102.12,89.71
01:31.7,1892.33,169.31,,03:24.2,2103.37,90.78
01:31.8,1894.69,170.18,,03:24.2,2104.64,91.87
01:31.8,1897.05,171.05,,03:24.3,2105.92,93
01:31.9,1899.44,171.93,,03:24.3,2107.22,94.18
01:31.9,1901.83,172.8,,03:24.4,2108.54,95.39
01:32.0,1904.24,173.66,,03:24.4,2109.87,96.65
01:32.0,1906.65,174.51,,03:24.5,2111.22,97.95
01:32.0,1909.08,175.36,,03:24.6,2112.59,99.29
01:32.1,1911.52,176.22,,03:24.6,2113.98,100.65
01:32.2,1913.98,177.05,,03:24.6,2115.38,102
01:32.2,1916.44,177.89,,03:24.7,2116.81,103.31
01:32.3,1918.92,178.71,,03:24.8,2118.25,104.61
01:32.3,1921.4,179.53,,03:24.8,2119.72,105.95
01:32.4,1923.9,180.35,,03:24.8,2121.2,107.34
01:32.4,1926.41,181.16,,03:24.9,2122.7,108.74
01:32.5,1928.94,181.97,,03:24.9,2124.22,110.14
01:32.5,1931.47,182.79,,03:25.0,2125.76,111.53
01:32.6,1934.01,183.57,,03:25.1,2127.31,112.9
01:32.6,1936.57,184.34,,03:25.1,2128.89,114.3
01:32.7,1939.13,185.14,,03:25.1,2130.49,115.71
01:32.7,1941.71,185.93,,03:25.2,2132.1,117.14
01:32.7,1944.3,186.7,,03:25.2,2133.74,118.6
01:32.8,1946.9,187.45,,03:25.3,2135.4,120.05
01:32.8,1949.5,188.21,,03:25.3,2137.08,121.4
01:32.9,1952.12,188.96,,03:25.4,2138.77,122.73
01:33.0,1954.75,189.73,,03:25.4,2140.49,124.07
01:33.0,1957.39,190.48,,03:25.5,2142.22,125.34
01:33.1,1960.04,191.21,,03:25.6,2143.96,126.47
01:33.1,1962.7,191.94,,03:25.6,2145.73,127.64
01:33.2,1965.38,192.69,,03:25.7,2147.51,129.14
01:33.2,1968.06,193.43,,03:25.7,2149.31,130.49
01:33.3,1970.75,194.09,,03:25.7,2151.13,131.38
01:33.3,1973.45,194.83,,03:25.8,2152.96,132.23
01:33.3,1976.16,195.57,,03:25.8,2154.81,133.7
01:33.4,1978.88,196.27,,03:25.9,2156.68,135.21
01:33.5,1981.61,196.96,,03:25.9,2158.57,136.39
01:33.5,1984.35,197.64,,03:26.0,2160.47,137.58
01:33.6,1987.1,198.33,,03:26.1,2162.39,138.73
01:33.6,1989.86,199.01,,03:26.1,2164.32,139.75
01:33.7,1992.63,199.69,,03:26.1,2166.27,140.85
01:33.7,1995.41,200.37,,03:26.2,2168.23,142.18
01:33.8,1998.2,201.04,,03:26.3,2170.22,143.38
01:33.8,2000.99,201.7,,03:26.3,2172.22,144.54
01:33.9,2003.8,202.36,,03:26.3,2174.23,145.68
01:33.9,2006.61,203.01,,03:26.4,2176.26,146.77
01:34.0,2009.44,203.66,,03:26.4,2178.31,147.82
01:34.0,2012.27,204.3,,03:26.5,2180.37,148.96
01:34.1,2015.11,204.93,,03:26.5,2182.45,150.09
01:34.1,2017.96,205.58,,03:26.6,2184.54,151.19
01:34.2,2020.82,206.21,,03:26.7,2186.65,152.26
01:34.2,2023.69,206.82,,03:26.7,2188.77,153.31
01:34.3,2026.57,207.46,,03:26.7,2190.91,154.34
01:34.3,2029.45,208.08,,03:26.8,2193.06,155.37
01:34.4,2032.35,208.68,,03:26.8,2195.22,156.36
01:34.4,2035.25,209.28,,03:26.9,2197.4,157.32
01:34.5,2038.16,209.89,,03:26.9,2199.59,158.27
01:34.5,2041.08,210.5,,03:27.0,2201.8,159.24
01:34.6,2044.01,211.09,,03:27.1,2204.02,160.28
01:34.6,2046.94,211.67,,03:27.1,2206.25,161.27
01:34.7,2049.89,212.26,,03:27.1,2208.5,162.24
01:34.7,2052.84,212.83,,03:27.2,2210.76,163.17
01:34.8,2055.8,213.4,,03:27.3,2213.03,164.08
01:34.8,2058.77,213.99,,03:27.3,2215.31,165
01:34.9,2061.74,214.57,,03:27.3,2217.61,165.89
01:34.9,2064.73,215.13,,03:27.4,2219.92,166.81
01:35.0,2067.72,215.69,,03:27.4,2222.25,167.7
01:35.0,2070.72,216.25,,03:27.5,2224.58,168.61
01:35.1,2073.73,216.8,,03:27.6,2226.93,169.5
01:35.1,2076.74,217.35,,03:27.6,2229.29,170.38
01:35.2,2079.76,217.9,,03:27.6,2231.66,171.22
01:35.2,2082.79,218.44,,03:27.7,2234.04,172.06
01:35.3,2085.83,218.98,,03:27.7,2236.44,172.92
01:35.3,2088.88,219.52,,03:27.8,2238.85,173.75
01:35.4,2091.93,220.05,,03:27.8,2241.27,174.61
01:35.4,2094.99,220.58,,03:27.9,2243.7,175.48
01:35.5,2098.06,221.1,,03:27.9,2246.14,176.27
01:35.5,2101.13,221.61,,03:28.0,2248.59,177.03
01:35.5,2104.21,222.13,,03:28.0,2251.06,177.86
01:35.6,2107.3,222.66,,03:28.1,2253.53,178.67
01:35.7,2110.4,223.16,,03:28.2,2256.02,179.47
01:35.7,2113.5,223.67,,03:28.2,2258.52,180.27
01:35.7,2116.61,224.18,,03:28.3,2261.03,181.07
01:35.8,2119.73,224.67,,03:28.3,2263.55,181.82
01:35.9,2122.85,225.17,,03:28.3,2266.08,182.57
01:35.9,2125.98,225.67,,03:28.4,2268.62,183.32
01:36.0,2129.12,226.16,,03:28.5,2271.17,184.05
01:36.0,2132.26,226.63,,03:28.5,2273.73,184.82
01:36.0,2135.41,227.11,,03:28.6,2276.3,185.59
01:36.1,2138.57,227.6,,03:28.6,2278.89,186.33
01:36.2,2141.74,228.08,,03:28.6,2281.48,187.06
01:36.2,2144.91,228.56,,03:28.7,2284.08,187.8
01:36.3,2148.09,229.01,,03:28.7,2286.7,188.52
01:36.3,2151.27,229.5,,03:28.8,2289.32,189.24
01:36.3,2154.46,229.9,,03:28.8,2291.95,189.97
01:36.4,2157.66,230.42,,03:28.9,2294.59,190.68
01:36.5,2160.86,230.88,,03:28.9,2297.25,191.38
01:36.5,2164.07,231.32,,03:29.0,2299.91,192.06
01:36.6,2167.29,231.77,,03:29.0,2302.58,192.77
01:36.6,2170.51,232.22,,03:29.1,2305.26,193.49
01:36.7,2173.74,232.64,,03:29.2,2307.96,194.18
01:36.7,2176.97,232.75,,03:29.2,2310.66,194.86
01:36.8,2180.2,232.44,,03:29.2,2313.37,195.54
01:36.8,2183.42,231.88,,03:29.3,2316.09,196.22
01:36.8,2186.64,230.89,,03:29.3,2318.82,196.9
01:36.9,2189.83,228.91,,03:29.4,2321.56,197.58
01:37.0,2192.99,226.24,,03:29.4,2324.31,198.27
01:37.0,2196.11,223.07,,03:29.5,2327.07,198.91
01:37.1,2199.19,219.75,,03:29.6,2329.83,199.52
01:37.1,2202.22,216.33,,03:29.6,2332.61,200.21
01:37.2,2205.19,212.82,,03:29.6,2335.39,200.88
01:37.2,2208.13,209.13,,03:29.7,2338.19,201.54
01:37.3,2211,205.26,,03:29.7,2340.99,202.17
01:37.3,2213.83,201.35,,03:29.8,2343.8,202.81
01:37.4,2216.6,197.58,,03:29.8,2346.62,203.25
01:37.4,2219.32,194.01,,03:29.9,2349.45,203.27
01:37.5,2221.99,190.53,,03:29.9,2352.27,202.84
01:37.5,2224.61,187.05,,03:30.0,2355.08,201.54
01:37.6,2227.18,183.55,,03:30.0,2357.86,199.36
01:37.6,2229.71,180.04,,03:30.1,2360.61,196.82
01:37.7,2232.19,176.54,,03:30.2,2363.32,194.04
01:37.7,2234.62,173.21,,03:30.2,2366,191
01:37.8,2237,170.09,,03:30.2,2368.63,187.66
01:37.8,2239.34,167.1,,03:30.3,2371.21,184.15
01:37.8,2241.64,164.06,,03:30.4,2373.74,180.82
01:37.9,2243.9,160.94,,03:30.4,2376.23,177.55
01:38.0,2246.11,157.68,,03:30.4,2378.68,174.34
01:38.0,2248.28,154.31,,03:30.5,2381.08,171.32
01:38.1,2250.4,151.08,,03:30.5,2383.44,168.69
01:38.1,2252.48,148.05,,03:30.6,2385.76,166.32
01:38.2,2254.51,145.1,,03:30.7,2388.06,163.82
01:38.2,2256.51,142.26,,03:30.7,2390.31,160.39
01:38.2,2258.46,139.43,,03:30.7,2392.51,156.74
01:38.3,2260.38,136.79,,03:30.8,2394.67,153.2
01:38.4,2262.26,134.28,,03:30.8,2396.77,150.02
01:38.4,2264.11,131.91,,03:30.9,2398.83,147.02
01:38.5,2265.93,129.54,,03:30.9,2400.86,144.19
01:38.5,2267.71,127.2,,03:31.0,2402.84,141.16
01:38.6,2269.46,124.86,,03:31.1,2404.77,137.9
01:38.6,2271.18,122.55,,03:31.1,2406.67,134.59
01:38.7,2272.87,120.32,,03:31.2,2408.51,131.37
01:38.7,2274.52,118.1,,03:31.2,2410.32,128.34
01:38.8,2276.15,115.91,,03:31.2,2412.08,125.58
01:38.8,2277.74,113.72,,03:31.3,2413.81,123.1
01:38.9,2279.31,111.57,,03:31.3,2415.5,120.27
01:38.9,2280.84,109.44,,03:31.4,2417.15,117.51
01:39.0,2282.35,107.37,,03:31.4,2418.77,114.89
01:39.0,2283.83,105.46,,03:31.5,2420.34,112.33
01:39.0,2285.28,103.61,,03:31.5,2421.89,110.14
01:39.1,2286.71,101.94,,03:31.6,2423.4,108.12
01:39.2,2288.11,100.29,,03:31.6,2424.89,106.14
01:39.2,2289.49,98.67,,03:31.7,2426.35,104.37
01:39.3,2290.85,97.09,,03:31.8,2427.79,102.52
01:39.3,2292.19,95.46,,03:31.8,2429.2,100.74
01:39.4,2293.5,93.91,,03:31.8,2430.58,98.96
01:39.4,2294.8,92.34,,03:31.9,2431.95,97.37
01:39.5,2296.07,90.86,,03:31.9,2433.29,96.14
01:39.5,2297.32,89.38,,03:32.0,2434.62,95.14
01:39.5,2298.55,87.9,,03:32.1,2435.93,94.3
01:39.6,2299.76,86.44,,03:32.1,2437.24,93.5
01:39.7,2300.95,85,,03:32.1,2438.53,92.59
01:39.7,2302.12,83.62,,03:32.2,2439.81,91.6
01:39.8,2303.28,82.28,,03:32.3,2441.07,90.64
01:39.8,2304.41,80.96,,03:32.3,2442.33,89.77
01:39.8,2305.53,79.79,,03:32.4,2443.57,89.09
01:39.9,2306.63,78.79,,03:32.4,2444.8,88.55
01:40.0,2307.72,77.98,,03:32.4,2446.03,87.99
01:40.0,2308.8,77.24,,03:32.5,2447.25,87.37
01:40.1,2309.86,76.51,,03:32.6,2448.45,86.69
01:40.1,2310.92,75.76,,03:32.6,2449.65,86.01
01:40.2,2311.97,75.01,,03:32.6,2450.84,85.46
01:40.2,2313.01,74.27,,03:32.7,2452.03,85.25
01:40.3,2314.04,73.57,,03:32.7,2453.21,85.2
01:40.3,2315.05,72.85,,03:32.8,2454.39,85.27
01:40.4,2316.06,72.11,,03:32.8,2455.58,85.36
01:40.4,2317.06,71.39,,03:32.9,2456.77,85.54
01:40.5,2318.05,70.65,,03:32.9,2457.96,85.69
01:40.5,2319.03,69.9,,03:33.0,2459.15,85.69
01:40.6,2320,69.17,,03:33.1,2460.33,85.39
01:40.6,2320.95,68.46,,03:33.1,2461.52,85.13
01:40.7,2321.9,67.99,,03:33.1,2462.7,84.92
01:40.7,2322.85,67.96,,03:33.2,2463.88,84.69
01:40.8,2323.8,68.19,,03:33.2,2465.06,84.46
01:40.8,2324.75,68.62,,03:33.3,2466.23,84.19
01:40.9,2325.71,69.08,,03:33.3,2467.39,83.87
01:40.9,2326.67,69.59,,03:33.4,2468.56,83.46
01:41.0,2327.64,70.17,,03:33.4,2469.72,83.02
01:41.0,2328.62,70.8,,03:33.5,2470.87,82.75
01:41.1,2329.61,71.4,,03:33.6,2472.02,82.55
01:41.1,2330.61,71.97,,03:33.6,2473.17,82.61
01:41.2,2331.62,72.56,,03:33.7,2474.31,82.8
01:41.2,2332.63,73.26,,03:33.7,2475.46,82.96
01:41.3,2333.66,73.99,,03:33.7,2476.6,82.77
01:41.3,2334.69,74.61,,03:33.8,2477.75,82.7
01:41.3,2335.73,75.36,,03:33.8,2478.91,83.32
01:41.4,2336.78,76.31,,03:33.9,2480.06,83.22
01:41.5,2337.85,77.31,,03:33.9,2481.21,83.06
01:41.5,2338.93,78.26,,03:34.0,2482.36,83.18
01:41.6,2340.03,79.07,,03:34.0,2483.51,83.41
01:41.6,2341.13,79.92,,03:34.1,2484.67,83.83
01:41.7,2342.25,80.88,,03:34.1,2485.83,84.27
01:41.7,2343.38,81.81,,03:34.2,2487,84.69
01:41.7,2344.52,82.83,,03:34.3,2488.18,85.16
01:41.8,2345.68,83.95,,03:34.3,2489.36,85.7
01:41.8,2346.85,85.12,,03:34.3,2490.56,86.24
01:41.9,2348.04,86.32,,03:34.4,2491.75,86.75
01:42.0,2349.25,87.54,,03:34.5,2492.96,87.26
01:42.0,2350.48,88.81,,03:34.5,2494.17,87.69
01:42.1,2351.72,90.05,,03:34.6,2495.39,87.97
01:42.1,2352.98,91.2,,03:34.6,2496.62,88.39
01:42.2,2354.25,92.33,,03:34.6,2497.85,89.13
01:42.2,2355.54,93.55,,03:34.7,2499.1,90.09
01:42.3,2356.85,94.88,,03:34.7,2500.36,91.07
01:42.3,2358.18,96.23,,03:34.8,2501.63,92.25
01:42.4,2359.52,97.59,,03:34.8,2502.92,93.34
01:42.4,2360.89,98.97,,03:34.9,2504.22,94.08
01:42.5,2362.27,100.23,,03:34.9,2505.53,94.73
01:42.5,2363.67,101.39,,03:35.0,2506.85,95.36
01:42.5,2365.09,102.66,,03:35.0,2508.18,96.01
01:42.6,2366.52,104.12,,03:35.1,2509.52,96.69
01:42.7,2367.98,105.54,,03:35.1,2510.87,97.51
01:42.7,2369.45,106.96,,03:35.2,2512.23,98.56
01:42.8,2370.95,108.14,,03:35.3,2513.61,99.77
01:42.8,2372.46,109.19,,03:35.3,2515,100.94
01:42.8,2373.98,110.6,,03:35.3,2516.41,102.14
01:42.9,2375.53,112.21,,03:35.4,2517.84,103.4
01:43.0,2377.1,113.64,,03:35.4,2519.28,104.64
01:43.0,2378.69,114.94,,03:35.5,2520.74,105.87
01:43.1,2380.29,116.24,,03:35.6,2522.22,107.17
01:43.1,2381.92,117.67,,03:35.6,2523.72,108.61
01:43.2,2383.56,118.98,,03:35.6,2525.24,110.13
01:43.2,2385.22,120.27,,03:35.7,2526.78,111.69
01:43.2,2386.9,121.81,,03:35.7,2528.34,113.2
01:43.3,2388.6,123.36,,03:35.8,2529.93,114.68
01:43.4,2390.33,124.79,,03:35.8,2531.53,116.14
01:43.4,2392.07,126.12,,03:35.9,2533.15,117.55
01:43.5,2393.83,127.33,,03:35.9,2534.79,118.94
01:43.5,2395.61,128.63,,03:36.0,2536.45,120.33
01:43.6,2397.4,130.03,,03:36.0,2538.14,121.81
01:43.6,2399.22,131.38,,03:36.1,2539.84,123.26
01:43.7,2401.05,132.68,,03:36.2,2541.56,124.6
01:43.7,2402.91,133.93,,03:36.2,2543.3,125.95
01:43.8,2404.77,135.14,,03:36.2,2545.06,127.39
01:43.8,2406.66,136.3,,03:36.3,2546.84,128.78
01:43.9,2408.56,137.33,,03:36.4,2548.64,130.02
01:43.9,2410.47,138.54,,03:36.4,2550.45,131.19
01:44.0,2412.41,139.83,,03:36.4,2552.28,132.55
01:44.0,2414.36,140.98,,03:36.5,2554.13,133.89
01:44.1,2416.32,142.1,,03:36.5,2556,135.09
01:44.1,2418.3,143.22,,03:36.6,2557.88,136.22
01:44.2,2420.3,144.34,,03:36.6,2559.78,137.51
01:44.2,2422.31,145.45,,03:36.7,2561.7,138.78
01:44.3,2424.34,146.56,,03:36.7,2563.64,139.93
01:44.3,2426.38,147.63,,03:36.8,2565.59,141.06
01:44.3,2428.44,148.67,,03:36.8,2567.56,142.22
01:44.4,2430.51,149.72,,03:36.9,2569.54,143.41
01:44.5,2432.6,150.76,,03:36.9,2571.54,144.58
01:44.5,2434.7,151.79,,03:37.0,2573.56,145.72
01:44.6,2436.81,152.81,,03:37.0,2575.59,146.82
01:44.6,2438.94,153.82,,03:37.1,2577.63,147.85
01:44.7,2441.09,154.8,,03:37.2,2579.7,148.89
01:44.7,2443.24,155.79,,03:37.2,2581.77,149.95
01:44.8,2445.41,156.77,,03:37.2,2583.86,151.09
01:44.8,2447.6,157.75,,03:37.3,2585.97,152.21
01:44.8,2449.79,158.7,,03:37.3,2588.09,153.26
01:44.9,2452,159.6,,03:37.4,2590.22,154.29
01:45.0,2454.23,160.5,,03:37.4,2592.37,155.27
01:45.0,2456.46,161.39,,03:37.5,2594.54,156.24
01:45.1,2458.71,162.28,,03:37.5,2596.71,157.26
01:45.1,2460.97,163.11,,03:37.6,2598.9,158.26
01:45.2,2463.24,163.93,,03:37.7,2601.11,159.27
01:45.2,2465.52,164.75,,03:37.7,2603.33,160.23
01:45.2,2467.81,165.57,,03:37.7,2605.56,161.2
01:45.3,2470.12,166.37,,03:37.8,2607.8,162.11
01:45.3,2472.43,167.13,,03:37.8,2610.06,163.06
01:45.4,2474.76,167.88,,03:37.9,2612.33,164.03
01:45.5,2477.09,168.63,,03:38.0,2614.62,164.91
01:45.5,2479.44,169.39,,03:38.0,2616.91,165.87
01:45.6,2481.8,170.14,,03:38.1,2619.22,166.79
01:45.6,2484.16,170.83,,03:38.1,2621.54,167.6
01:45.7,2486.54,171.54,,03:38.2,2623.88,168.47
01:45.7,2488.93,172.25,,03:38.2,2626.23,169.46
01:45.8,2491.32,172.92,,03:38.2,2628.59,170.31
01:45.8,2493.73,173.62,,03:38.3,2630.96,171.17
01:45.9,2496.14,174.36,,03:38.3,2633.34,172.02
01:45.9,2498.57,175.09,,03:38.4,2635.73,172.79
01:46.0,2501,175.71,,03:38.5,2638.14,173.65
01:46.0,2503.45,176.36,,03:38.5,2640.56,174.54
01:46.1,2505.9,177.05,,03:38.5,2642.99,175.39
01:46.1,2508.36,177.72,,03:38.6,2645.43,176.21
01:46.2,2510.83,178.35,,03:38.7,2647.88,177.02
01:46.2,2513.31,178.97,,03:38.7,2650.34,177.81
01:46.3,2515.8,179.6,,03:38.7,2652.82,178.61
01:46.3,2518.3,180.23,,03:38.8,2655.31,179.41
01:46.4,2520.81,180.86,,03:38.8,2657.8,180.21
01:46.4,2523.32,181.52,,03:38.9,2660.31,181.01
01:46.5,2525.85,182.18,,03:38.9,2662.83,181.8
01:46.5,2528.38,182.79,,03:39.0,2665.36,182.57
01:46.6,2530.92,183.43,,03:39.1,2667.9,183.35
01:46.6,2533.48,184.09,,03:39.1,2670.45,184.09
01:46.7,2536.04,184.75,,03:39.1,2673.02,184.87
01:46.7,2538.61,185.39,,03:39.2,2675.59,185.65
01:46.8,2541.18,186.07,,03:39.3,2678.17,186.38
01:46.8,2543.77,186.74,,03:39.3,2680.76,187.14
01:46.9,2546.37,187.4,,03:39.3,2683.37,187.9
01:46.9,2548.98,188.07,,03:39.4,2685.98,188.63
01:47.0,2551.59,188.73,,03:39.4,2688.61,189.36
01:47.0,2554.22,189.37,,03:39.5,2691.24,190.08
01:47.1,2556.85,190.04,,03:39.6,2693.89,190.8
01:47.1,2559.5,190.71,,03:39.6,2696.54,191.5
01:47.1,2562.15,191.36,,03:39.6,2699.21,192.2
01:47.2,2564.81,192.02,,03:39.7,2701.88,192.88
01:47.3,2567.48,192.68,,03:39.7,2704.56,193.57
01:47.3,2570.16,193.32,,03:39.8,2707.26,194.22
01:47.4,2572.85,194,,03:39.9,2709.96,194.87
01:47.4,2575.55,194.65,,03:39.9,2712.67,195.54
01:47.5,2578.26,195.3,,03:39.9,2715.39,196.19
01:47.5,2580.97,195.87,,03:40.0,2718.12,196.76
01:47.5,2583.7,196.33,,03:40.1,2720.85,196.9
01:47.6,2586.43,196.84,,03:40.1,2723.58,196.27
01:47.7,2589.16,197.65,,03:40.1,2726.3,195.55
01:47.7,2591.92,198.39,,03:40.2,2729.01,194.8
01:47.8,2594.67,198.99,,03:40.2,2731.71,194.05
01:47.8,2597.44,199.62,,03:40.3,2734.39,193.36
01:47.8,2600.22,200.29,,03:40.3,2737.07,192.78
01:47.9,2603.01,200.95,,03:40.4,2739.74,192.27
01:48.0,2605.8,201.57,,03:40.4,2742.41,191.84
01:48.0,2608.6,202.25,,03:40.5,2745.07,191.45
01:48.1,2611.42,202.9,,03:40.6,2747.72,190.91
01:48.1,2614.24,203.54,,03:40.6,2750.36,190.16
01:48.2,2617.07,204.16,,03:40.7,2753,189.66
01:48.2,2619.91,204.81,,03:40.7,2755.63,189.28
01:48.2,2622.76,205.44,,03:40.7,2758.25,189.1
01:48.3,2625.62,206.06,,03:40.8,2760.88,189.02
01:48.3,2628.49,206.69,,03:40.8,2763.5,188.93
01:48.4,2631.36,207.3,,03:40.9,2766.12,188.92
01:48.5,2634.24,207.92,,03:40.9,2768.74,188.94
01:48.5,2637.14,208.52,,03:41.0,2771.36,188.85
01:48.6,2640.04,209.12,,03:41.0,2773.98,188.63
01:48.6,2642.94,209.72,,03:41.1,2776.59,188.43
01:48.7,2645.86,210.32,,03:41.2,2779.21,188.18
01:48.7,2648.79,210.9,,03:41.2,2781.82,187.94
01:48.8,2651.72,211.49,,03:41.2,2784.42,187.61
01:48.8,2654.66,212.07,,03:41.3,2787.02,187.21
01:48.8,2657.61,212.65,,03:41.3,2789.62,186.87
01:48.9,2660.57,213.23,,03:41.4,2792.21,186.55
01:49.0,2663.53,213.8,,03:41.5,2794.8,186.36
01:49.0,2666.51,214.36,,03:41.5,2797.39,186.15
01:49.1,2669.49,214.93,,03:41.6,2799.97,186.08
01:49.1,2672.48,215.48,,03:41.6,2802.56,186.16
01:49.2,2675.47,216.04,,03:41.6,2805.14,186.32
01:49.2,2678.48,216.6,,03:41.7,2807.73,186.59
01:49.3,2681.49,217.14,,03:41.8,2810.33,186.9
01:49.3,2684.51,217.69,,03:41.8,2812.92,187.3
01:49.4,2687.54,218.22,,03:41.8,2815.53,187.68
01:49.4,2690.57,218.75,,03:41.9,2818.14,188.07
01:49.5,2693.61,219.29,,03:41.9,2820.75,188.59
01:49.5,2696.66,219.82,,03:42.0,2823.37,189.18
01:49.6,2699.72,220.34,,03:42.0,2826,189.72
01:49.6,2702.78,220.86,,03:42.1,2828.64,190.32
01:49.7,2705.85,221.37,,03:42.1,2831.29,190.99
01:49.7,2708.93,221.9,,03:42.2,2833.95,191.49
01:49.8,2712.02,222.4,,03:42.3,2836.61,191.95
01:49.8,2715.11,222.91,,03:42.3,2839.28,192.28
01:49.9,2718.21,223.41,,03:42.3,2841.95,192.65
01:49.9,2721.32,223.9,,03:42.4,2844.63,193.18
01:50.0,2724.43,224.4,,03:42.4,2847.31,193.96
01:50.0,2727.55,224.89,,03:42.5,2850.01,194.59
01:50.1,2730.68,225.38,,03:42.6,2852.71,195.06
01:50.1,2733.81,225.86,,03:42.6,2855.42,195.27
01:50.2,2736.95,226.33,,03:42.6,2858.13,195.21
01:50.2,2740.1,226.81,,03:42.7,2860.85,195.1
01:50.3,2743.25,227.3,,03:42.8,2863.56,195.35
01:50.3,2746.41,227.77,,03:42.8,2866.28,195.99
01:50.4,2749.58,228.23,,03:42.8,2869,196.66
01:50.4,2752.75,228.7,,03:42.9,2871.74,197.15
01:50.5,2755.93,229.16,,03:42.9,2874.48,197.47
01:50.5,2759.11,229.62,,03:43.0,2877.22,197.83
01:50.6,2762.31,230.09,,03:43.1,2879.98,198.39
01:50.6,2765.51,230.53,,03:43.1,2882.74,199.07
01:50.7,2768.71,230.97,,03:43.1,2885.51,199.71
01:50.7,2771.92,231.43,,03:43.2,2888.28,200.16
01:50.7,2775.14,231.89,,03:43.2,2891.07,200.69
01:50.8,2778.36,232.33,,03:43.3,2893.86,201.66
01:50.9,2781.59,232.76,,03:43.4,2896.67,202.35
01:50.9,2784.83,233.21,,03:43.4,2899.48,203.01
01:51.0,2788.07,233.63,,03:43.4,2902.31,203.58
01:51.0,2791.32,234.05,,03:43.5,2905.13,203.39
01:51.0,2794.57,234.5,,03:43.5,2907.95,202.19
01:51.1,2797.83,234.93,,03:43.6,2910.74,200.24
01:51.2,2801.1,235.32,,03:43.7,2913.51,197.73
01:51.2,2804.37,235.72,,03:43.7,2916.24,194.84
01:51.3,2807.65,236.17,,03:43.7,2918.92,191.78
01:51.3,2810.93,236.58,,03:43.8,2921.56,188.69
01:51.3,2814.22,236.98,,03:43.8,2924.16,185.5
01:51.4,2817.51,237.39,,03:43.9,2926.72,182.35
01:51.5,2820.81,237.79,,03:44.0,2929.22,179.2
01:51.5,2824.12,238.2,,03:44.0,2931.69,176.11
01:51.5,2827.43,238.6,,03:44.0,2934.12,173.01
01:51.6,2830.75,239.01,,03:44.1,2936.5,169.92
01:51.7,2834.07,239.38,,03:44.2,2938.84,166.91
01:51.7,2837.39,239.78,,03:44.2,2941.14,164.2
01:51.8,2840.73,240.18,,03:44.2,2943.4,161.67
01:51.8,2844.07,240.56,,03:44.3,2945.63,159.29
01:51.8,2847.41,240.95,,03:44.3,2947.82,157.21
01:51.9,2850.76,241.32,,03:44.4,2949.99,155.2
01:52.0,2854.11,241.7,,03:44.4,2952.13,153.32
01:52.0,2857.47,242.08,,03:44.5,2954.25,151.35
01:52.1,2860.84,242.45,,03:44.5,2956.34,149.46
01:52.1,2864.21,242.82,,03:44.6,2958.4,147.63
01:52.2,2867.58,243.19,,03:44.7,2960.43,145.89
01:52.2,2870.96,243.56,,03:44.7,2962.45,144.16
01:52.3,2874.35,243.92,,03:44.7,2964.44,142.46
01:52.3,2877.74,244.29,,03:44.8,2966.4,140.76
01:52.3,2881.13,244.65,,03:44.8,2968.34,139.09
01:52.4,2884.53,245.01,,03:44.9,2970.26,137.48
01:52.5,2887.94,245.37,,03:45.0,2972.16,135.97
01:52.5,2891.35,245.72,,03:45.0,2974.04,134.53
01:52.6,2894.76,246.08,,03:45.1,2975.89,133.14
01:52.6,2898.19,246.43,,03:45.1,2977.73,131.76
01:52.7,2901.61,246.78,,03:45.2,2979.55,130.46
01:52.7,2905.04,247.11,,03:45.2,2981.35,129.24
01:52.8,2908.47,247.46,,03:45.3,2983.14,128.07
01:52.8,2911.91,247.8,,03:45.3,2984.91,126.94
01:52.9,2915.36,248.13,,03:45.3,2986.66,125.8
01:52.9,2918.81,248.46,,03:45.4,2988.4,124.72
01:53.0,2922.26,248.8,,03:45.4,2990.13,123.81
01:53.0,2925.72,249,,03:45.5,2991.84,123.14
01:53.1,2929.17,248.5,,03:45.5,2993.55,122.53
01:53.1,2932.61,246.83,,03:45.6,2995.24,121.93
01:53.2,2936.02,244.3,,03:45.7,2996.93,121.32
01:53.2,2939.39,241.2,,03:45.7,2998.61,120.69
01:53.2,2942.72,237.89,,03:45.7,3000.28,120.06
01:53.3,2946,234.26,,03:45.8,3001.94,119.44
01:53.4,2949.23,230.4,,03:45.9,3003.6,118.84
01:53.4,2952.4,226.62,,03:45.9,3005.24,118.25
01:53.5,2955.52,222.88,,03:45.9,3006.88,117.67
01:53.5,2958.59,219.18,,03:46.0,3008.51,117.1
01:53.6,2961.61,215.53,,03:46.1,3010.13,116.75
01:53.6,2964.58,211.99,,03:46.1,3011.75,116.69
01:53.7,2967.5,208.44,,03:46.1,3013.37,116.88
01:53.7,2970.37,204.62,,03:46.2,3015,117.24
01:53.8,2973.18,200.79,,03:46.3,3016.63,117.72
01:53.8,2975.95,197.32,,03:46.3,3018.26,118.29
01:53.9,2978.66,193.81,,03:46.3,3019.91,118.84
01:53.9,2981.33,190.22,,03:46.4,3021.56,119.39
01:54.0,2983.95,186.47,,03:46.4,3023.22,119.91
01:54.0,2986.51,182.62,,03:46.5,3024.89,120.43
01:54.0,2989.02,178.94,,03:46.5,3026.57,120.94
01:54.1,2991.48,175.57,,03:46.6,3028.25,121.5
01:54.2,2993.9,172.35,,03:46.7,3029.94,122.12
01:54.2,2996.27,169.1,,03:46.7,3031.64,122.81
01:54.3,2998.6,165.8,,03:46.8,3033.35,123.55
01:54.3,3000.88,162.36,,03:46.8,3035.07,124.31
01:54.4,3003.11,159.03,,03:46.9,3036.8,125.09
01:54.4,3005.3,155.85,,03:46.9,3038.54,125.9
01:54.5,3007.44,152.67,,03:46.9,3040.29,126.78
01:54.5,3009.54,149.51,,03:47.0,3042.06,127.75
01:54.5,3011.59,146.35,,03:47.0,3043.84,128.79
01:54.6,3013.6,143.09,,03:47.1,3045.63,129.9
01:54.7,3015.57,139.95,,03:47.2,3047.45,131.04
01:54.7,3017.49,136.99,,03:47.2,3049.27,132.23
01:54.8,3019.37,134.13,,03:47.2,3051.12,133.45
01:54.8,3021.22,131.24,,03:47.3,3052.98,134.68
01:54.8,3023.02,128.05,,03:47.3,3054.86,135.91
01:54.9,3024.77,124.92,,03:47.4,3056.75,137.14
01:55.0,3026.49,122.12,,03:47.4,3058.67,138.4
01:55.0,3028.17,119.34,,03:47.5,3060.6,139.66
01:55.1,3029.8,116.82,,03:47.6,3062.55,140.9
01:55.1,3031.41,114.68,,03:47.6,3064.51,141.98
01:55.1,3032.99,112.39,,03:47.6,3066.48,141.72
01:55.2,3034.53,110.19,,03:47.7,3068.44,140.6
01:55.3,3036.05,108.14,,03:47.8,3070.38,139.02
01:55.3,3037.54,106.02,,03:47.8,3072.3,137.26
01:55.3,3038.99,104.04,,03:47.9,3074.2,135.42
01:55.4,3040.43,102.21,,03:47.9,3076.07,133.53
01:55.5,3041.83,100.47,,03:47.9,3077.91,131.68
01:55.5,3043.22,98.77,,03:48.0,3079.72,129.93
01:55.6,3044.58,97.16,,03:48.0,3081.52,128.31
01:55.6,3045.91,95.74,,03:48.1,3083.29,126.71
01:55.7,3047.23,94.35,,03:48.1,3085.04,125.22
01:55.7,3048.53,92.95,,03:48.2,3086.76,123.82
01:55.8,3049.81,91.58,,03:48.2,3088.47,122.53
01:55.8,3051.08,90.25,,03:48.3,3090.17,121.21
01:55.9,3052.32,89.09,,03:48.3,3091.84,120.01
01:55.9,3053.55,88.02,,03:48.4,3093.5,118.93
01:56.0,3054.77,86.95,,03:48.4,3095.14,118.17
01:56.0,3055.97,85.92,,03:48.5,3096.78,117.59
01:56.1,3057.15,84.85,,03:48.6,3098.41,117.07
01:56.1,3058.32,83.72,,03:48.6,3100.03,116.56
01:56.2,3059.48,82.57,,03:48.6,3101.64,116.04
01:56.2,3060.62,81.36,,03:48.7,3103.25,115.52
01:56.3,3061.74,80.18,,03:48.8,3104.85,114.98
01:56.3,3062.84,79.01,,03:48.8,3106.44,114.43
01:56.4,3063.93,77.84,,03:48.8,3108.03,113.89
01:56.4,3065.01,76.68,,03:48.9,3109.6,113.38
01:56.5,3066.06,75.6,,03:48.9,3111.17,112.87
01:56.5,3067.11,74.57,,03:49.0,3112.74,112.28
01:56.6,3068.14,73.54,,03:49.1,3114.29,111.64
01:56.6,3069.15,72.51,,03:49.1,3115.84,110.98
01:56.7,3070.15,71.53,,03:49.1,3117.37,110.31
01:56.7,3071.14,70.63,,03:49.2,3118.9,109.56
01:56.7,3072.12,69.84,,03:49.2,3120.41,108.8
01:56.8,3073.09,69.07,,03:49.3,3121.92,108.04
01:56.8,3074.04,68.29,,03:49.3,3123.41,107.33
01:56.9,3074.99,67.55,,03:49.4,3124.9,106.62
01:57.0,3075.92,66.81,,03:49.5,3126.38,105.96
01:57.0,3076.85,66.05,,03:49.5,3127.84,105.29
01:57.1,3077.76,65.3,,03:49.6,3129.3,104.6
01:57.1,3078.67,64.57,,03:49.6,3130.75,103.87
01:57.2,3079.56,63.84,,03:49.6,3132.19,103.22
01:57.2,3080.45,63.1,,03:49.7,3133.62,102.71
01:57.2,3081.32,62.37,,03:49.7,3135.04,102.2
01:57.3,3082.19,61.68,,03:49.8,3136.45,101.87
01:57.4,3083.05,61.44,,03:49.8,3137.86,101.55
01:57.4,3083.9,61.47,,03:49.9,3139.27,101.24
01:57.5,3084.76,61.66,,03:49.9,3140.67,100.86
01:57.5,3085.63,62.08,,03:50.0,3142.07,100.13
01:57.5,3086.5,62.62,,03:50.1,3143.45,99.45
01:57.6,3087.37,63.25,,03:50.1,3144.83,98.83
01:57.7,3088.26,63.9,,03:50.1,3146.2,98.31
01:57.7,3089.16,64.66,,03:50.2,3147.56,97.87
01:57.8,3090.06,65.47,,03:50.2,3148.92,97.39
01:57.8,3090.98,66.36,,03:50.3,3150.27,96.77
01:57.9,3091.91,67.32,,03:50.3,3151.61,96.07
01:57.9,3092.85,68.26,,03:50.4,3152.94,95.34
01:58.0,3093.81,69.19,,03:50.4,3154.25,94.6
01:58.0,3094.78,70.1,,03:50.5,3155.56,93.98
01:58.0,3095.76,70.95,,03:50.6,3156.87,93.45
01:58.1,3096.75,71.75,,03:50.6,3158.16,92.96
01:58.2,3097.75,72.52,,03:50.7,3159.45,92.43
01:58.2,3098.77,73.39,,03:50.7,3160.73,91.74
01:58.3,3099.79,74.32,,03:50.7,3161.99,90.95
01:58.3,3100.83,75.26,,03:50.8,3163.25,90.14
01:58.3,3101.88,76.12,,03:50.8,3164.5,89.38
01:58.4,3102.94,76.95,,03:50.9,3165.73,88.63
01:58.5,3104.02,77.86,,03:50.9,3166.96,87.86
01:58.5,3105.11,78.96,,03:51.0,3168.17,87.1
01:58.6,3106.22,80.1,,03:51.0,3169.37,86.34
01:58.6,3107.34,81.32,,03:51.1,3170.57,85.57
01:58.6,3108.48,82.62,,03:51.2,3171.75,84.87
01:58.7,3109.63,83.88,,03:51.2,3172.93,84.64
01:58.7,3110.81,85.08,,03:51.2,3174.1,84.75
01:58.8,3111.99,86.21,,03:51.3,3175.28,84.99
01:58.9,3113.2,87.24,,03:51.3,3176.47,85.43
01:58.9,3114.42,88.22,,03:51.4,3177.66,86
01:59.0,3115.65,89.18,,03:51.4,3178.86,86.5
01:59.0,3116.89,90.21,,03:51.5,3180.06,86.95
01:59.1,3118.15,91.32,,03:51.5,3181.27,87.47
01:59.1,3119.43,92.51,,03:51.6,3182.49,88.03
01:59.2,3120.72,93.78,,03:51.7,3183.72,88.68
01:59.2,3122.03,95.11,,03:51.7,3184.95,89.4
01:59.3,3123.36,96.46,,03:51.7,3186.2,90.08
01:59.3,3124.71,97.81,,03:51.8,3187.45,90.82
01:59.4,3126.08,99.13,,03:51.8,3188.72,91.64
01:59.4,3127.47,100.4,,03:51.9,3190,92.48
01:59.5,3128.87,101.63,,03:52.0,3191.29,93.42
01:59.5,3130.29,102.93,,03:52.0,3192.59,94.44
01:59.6,3131.73,104.3,,03:52.0,3193.91,95.5
01:59.6,3133.19,105.62,,03:52.1,3195.24,96.57
01:59.7,3134.66,106.92,,03:52.2,3196.59,97.73
01:59.7,3136.15,108.14,,03:52.2,3197.96,98.94
01:59.8,3137.67,109.43,,03:52.3,3199.34,100.22
01:59.8,3139.19,110.75,,03:52.3,3200.74,101.54
01:59.9,3140.74,112.02,,03:52.3,3202.16,102.77
01:59.9,3142.3,113.26,,03:52.4,3203.59,103.96
02:00.0,3143.89,114.59,,03:52.4,3205.05,105.18
02:00.0,3145.49,116,,03:52.5,3206.51,106.45
02:00.1,3147.11,117.4,,03:52.6,3208,107.75
02:00.1,3148.75,118.8,,03:52.6,3209.5,108.99
02:00.2,3150.41,120.21,,03:52.6,3211.03,110.21
02:00.2,3152.09,121.55,,03:52.7,3212.57,111.48
02:00.2,3153.79,122.83,,03:52.7,3214.12,112.81
02:00.3,3155.5,123.93,,03:52.8,3215.7,114.16
02:00.4,3157.23,124.98,,03:52.9,3217.29,115.55
02:00.4,3158.97,126.38,,03:52.9,3218.91,116.89
02:00.5,3160.74,128,,03:52.9,3220.54,118.09
02:00.5,3162.52,129.28,,03:53.0,3222.18,119.23
02:00.6,3164.33,130.26,,03:53.1,3223.85,120.46
02:00.6,3166.14,131.35,,03:53.1,3225.53,121.88
02:00.7,3167.98,132.9,,03:53.2,3227.23,123.35
02:00.7,3169.83,134.13,,03:53.2,3228.96,124.67
02:00.7,3171.71,135.33,,03:53.3,3230.7,126.07
02:00.8,3173.59,136.56,,03:53.3,3232.47,127.5
02:00.9,3175.5,137.68,,03:53.3,3234.25,128.79
02:00.9,3177.42,138.7,,03:53.4,3236.04,129.95
02:01.0,3179.35,139.81,,03:53.4,3237.86,131.07
02:01.0,3181.3,141,,03:53.5,3239.69,132.45
02:01.0,3183.27,142.28,,03:53.5,3241.54,133.63
02:01.1,3185.25,143.49,,03:53.6,3243.4,134.73
02:01.2,3187.26,144.62,,03:53.7,3245.28,135.89
02:01.2,3189.27,145.72,,03:53.7,3247.18,137.15
02:01.3,3191.3,146.74,,03:53.7,3249.09,138.34
02:01.3,3193.35,147.87,,03:53.8,3251.02,139.48
02:01.4,3195.41,149.04,,03:53.9,3252.96,140.65
02:01.4,3197.49,150.17,,03:53.9,3254.92,141.79
02:01.5,3199.58,151.25,,03:53.9,3256.9,142.91
02:01.5,3201.69,152.31,,03:54.0,3258.89,144.04
02:01.6,3203.81,153.35,,03:54.0,3260.9,145.15
02:01.6,3205.95,154.38,,03:54.1,3262.92,146.21
02:01.7,3208.1,155.37,,03:54.2,3264.96,147.33
02:01.7,3210.27,156.34,,03:54.2,3267.02,148.43
02:01.8,3212.44,157.3,,03:54.2,3269.09,149.52
02:01.8,3214.64,158.33,,03:54.3,3271.17,150.58
02:01.9,3216.84,159.37,,03:54.3,3273.27,151.65
02:01.9,3219.06,160.36,,03:54.4,3275.38,152.69
02:02.0,3221.3,161.33,,03:54.4,3277.51,153.75
02:02.0,3223.54,162.26,,03:54.5,3279.65,154.79
02:02.1,3225.81,163.2,,03:54.5,3281.81,155.81
02:02.1,3228.08,164.11,,03:54.6,3283.98,156.82
02:02.1,3230.36,165.02,,03:54.6,3286.17,157.85
02:02.2,3232.66,165.95,,03:54.7,3288.36,158.84
02:02.3,3234.97,166.85,,03:54.8,3290.58,159.85
02:02.3,3237.3,167.76,,03:54.8,3292.8,160.85
02:02.4,3239.63,168.66,,03:54.9,3295.05,161.85
02:02.4,3241.98,169.54,,03:54.9,3297.3,162.79
02:02.5,3244.34,170.39,,03:54.9,3299.57,163.71
02:02.5,3246.71,171.24,,03:55.0,3301.85,164.7
02:02.6,3249.1,172.1,,03:55.1,3304.14,165.67
02:02.6,3251.49,172.94,,03:55.1,3306.45,166.63
02:02.6,3253.9,173.81,,03:55.1,3308.77,167.59
02:02.7,3256.32,174.68,,03:55.2,3311.1,168.53
02:02.8,3258.75,175.47,,03:55.2,3313.45,169.45
02:02.8,3261.2,176.25,,03:55.3,3315.81,170.34
02:02.9,3263.65,177.09,,03:55.3,3318.18,171.25
02:02.9,3266.11,177.9,,03:55.4,3320.57,172.17
02:02.9,3268.59,178.71,,03:55.4,3322.97,173.07
02:03.0,3271.08,179.52,,03:55.5,3325.37,173.96
02:03.1,3273.58,180.32,,03:55.6,3327.8,174.83
02:03.1,3276.09,181.09,,03:55.6,3330.23,175.7
02:03.2,3278.61,181.85,,03:55.6,3332.68,176.56
02:03.2,3281.14,182.6,,03:55.7,3335.14,177.43
02:03.3,3283.68,183.34,,03:55.8,3337.61,178.27
02:03.3,3286.23,184.11,,03:55.8,3340.09,179.12
02:03.4,3288.79,184.9,,03:55.8,3342.58,179.96
02:03.4,3291.37,185.64,,03:55.9,3345.09,180.79
02:03.5,3293.95,186.37,,03:56.0,3347.6,181.61
02:03.5,3296.54,187.12,,03:56.0,3350.13,182.43
02:03.6,3299.15,187.84,,03:56.1,3352.67,183.23
02:03.6,3301.76,188.57,,03:56.1,3355.22,184.05
02:03.7,3304.38,189.31,,03:56.1,3357.78,184.84
02:03.7,3307.02,190.03,,03:56.2,3360.36,185.63
02:03.7,3309.66,190.72,,03:56.2,3362.94,186.41
02:03.8,3312.32,191.41,,03:56.3,3365.53,187.18
02:03.8,3314.98,192.13,,03:56.3,3368.14,187.95
02:03.9,3317.65,192.85,,03:56.4,3370.76,188.73
02:04.0,3320.34,193.55,,03:56.4,3373.38,189.47
02:04.0,3323.03,194.23,,03:56.5,3376.02,190.22
02:04.1,3325.73,194.91,,03:56.6,3378.67,190.95
02:04.1,3328.44,195.6,,03:56.6,3381.32,191.68
02:04.2,3331.16,196.28,,03:56.7,3383.99,192.44
02:04.2,3333.89,196.96,,03:56.7,3386.67,193.1
02:04.3,3336.64,197.65,,03:56.7,3389.36,193.85
02:04.3,3339.38,198.3,,03:56.8,3392.05,194.58
02:04.3,3342.14,198.91,,03:56.8,3394.76,195.31
02:04.4,3344.91,199.61,,03:56.9,3397.48,195.99
02:04.5,3347.69,200.28,,03:56.9,3400.2,196.7
02:04.5,3350.47,200.94,,03:57.0,3402.94,197.4
02:04.6,3353.27,201.57,,03:57.1,3405.69,198.09
02:04.6,3356.07,202.22,,03:57.1,3408.44,198.76
02:04.7,3358.88,202.8,,03:57.1,3411.21,199.45
02:04.7,3361.7,202.95,,03:57.2,3413.98,200.12
02:04.8,3364.52,202.54,,03:57.3,3416.77,200.78
02:04.8,3367.32,201.31,,03:57.3,3419.56,201.44
02:04.8,3370.11,199.22,,03:57.3,3422.36,202.09
02:04.9,3372.85,196.65,,03:57.4,3425.17,202.75
02:05.0,3375.56,193.74,,03:57.4,3428,203.41
02:05.0,3378.23,190.52,,03:57.5,3430.82,204.04
02:05.0,3380.86,187.03,,03:57.5,3433.66,204.68
02:05.1,3383.43,183.41,,03:57.6,3436.51,205.31
02:05.2,3385.95,179.82,,03:57.7,3439.37,205.96
02:05.2,3388.43,176.36,,03:57.7,3442.23,206.56
02:05.3,3390.85,172.81,,03:57.7,3445.1,207.19
02:05.3,3393.23,169.4,,03:57.8,3447.99,207.82
02:05.3,3395.56,166.49,,03:57.8,3450.88,208.4
02:05.4,3397.85,163.74,,03:57.9,3453.78,209.02
02:05.5,3400.11,161.04,,03:57.9,3456.68,209.63
02:05.5,3402.32,157.73,,03:58.0,3459.6,210.2
02:05.6,3404.49,154.17,,03:58.0,3462.52,210.81
02:05.6,3406.61,150.72,,03:58.1,3465.45,211.41
02:05.6,3408.67,147.54,,03:58.1,3468.39,211.99
02:05.7,3410.7,144.53,,03:58.2,3471.34,212.57
02:05.8,3412.69,141.67,,03:58.2,3474.3,213.14
02:05.8,3414.64,138.62,,03:58.3,3477.26,213.73
02:05.9,3416.54,135.52,,03:58.3,3480.24,214.27
02:05.9,3418.41,132.62,,03:58.4,3483.21,214.83
02:06.0,3420.22,129.46,,03:58.4,3486.2,215.42
02:06.0,3422,126.4,,03:58.5,3489.2,215.96
02:06.1,3423.74,123.47,,03:58.6,3492.2,216.5
02:06.1,3425.43,120.73,,03:58.6,3495.21,217.06
02:06.2,3427.09,117.89,,03:58.7,3498.23,217.62
02:06.2,3428.71,115.05,,03:58.7,3501.26,218.15
02:06.2,3430.29,112.4,,03:58.7,3504.29,218.68
02:06.3,3431.83,109.72,,03:58.8,3507.33,219.23
02:06.4,3433.34,107.65,,,,
02:06.4,3434.82,105.83,,,,
02:06.5,3436.28,104.04,,,,
02:06.5,3437.71,102.46,,,,
02:06.5,3439.13,100.98,,,,
02:06.6,3440.52,99.38,,,,
02:06.7,3441.89,97.76,,,,
02:06.7,3443.23,96.24,,,,
02:06.7,3444.56,94.77,,,,
02:06.8,3445.86,93.44,,,,
02:06.9,3447.15,92.31,,,,
02:06.9,3448.43,91.39,,,,
02:07.0,3449.69,90.69,,,,
02:07.0,3450.95,90.11,,,,
02:07.0,3452.2,89.49,,,,
02:07.1,3453.43,88.84,,,,
02:07.2,3454.66,88.16,,,,
02:07.2,3455.88,87.49,,,,
02:07.3,3457.09,86.8,,,,
02:07.3,3458.29,86.11,,,,
02:07.3,3459.48,85.41,,,,
02:07.4,3460.67,84.71,,,,
02:07.5,3461.84,84.03,,,,
02:07.5,3463,83.35,,,,
02:07.6,3464.15,82.68,,,,
02:07.6,3465.3,81.99,,,,
02:07.7,3466.43,81.29,,,,
02:07.7,3467.56,80.61,,,,
02:07.8,3468.67,80.15,,,,
02:07.8,3469.79,80.05,,,,
02:07.8,3470.9,80,,,,
02:07.9,3472.01,80,,,,
02:08.0,3473.12,80.16,,,,
02:08.0,3474.24,80.5,,,,
02:08.1,3475.36,80.83,,,,
02:08.1,3476.49,81.09,,,,
02:08.2,3477.61,81.22,,,,
02:08.2,3478.74,81.33,,,,
02:08.3,3479.88,81.38,,,,
02:08.3,3481.01,81.28,,,,
02:08.4,3482.13,80.87,,,,
02:08.4,3483.26,80.63,,,,
02:08.4,3484.38,80.55,,,,
02:08.5,3485.5,80.63,,,,
02:08.6,3486.62,80.84,,,,
02:08.6,3487.74,81.08,,,,
02:08.7,3488.86,81.33,,,,
02:08.7,3489.99,81.55,,,,
02:08.8,3491.13,81.86,,,,
02:08.8,3492.27,82.18,,,,
02:08.9,3493.41,82.51,,,,
02:08.9,3494.56,83,,,,
02:08.9,3495.71,83.58,,,,
02:09.0,3496.88,84.23,,,,
02:09.1,3498.05,84.96,,,,
02:09.1,3499.24,85.78,,,,
02:09.2,3500.43,86.7,,,,
02:09.2,3501.64,87.59,,,,
02:09.2,3502.87,88.41,,,,
02:09.3,3504.1,89.35,,,,
02:09.4,3505.35,90.29,,,,
02:09.4,3506.61,91.32,,,,
02:09.5,3507.89,92.5,,,,
02:09.5,3509.18,93.54,,,,
02:09.6,3510.49,94.59,,,,
02:09.6,3511.81,95.74,,,,
02:09.7,3513.15,97.04,,,,
02:09.7,3514.51,98.34,,,,
02:09.8,3515.88,99.53,,,,
02:09.8,3517.27,100.75,,,,
02:09.9,3518.69,102.13,,,,
02:09.9,3520.11,103.38,,,,
02:09.9,3521.55,104.56,,,,
02:10.0,3523.01,105.55,,,,
02:10.1,3524.49,106.55,,,,
02:10.1,3525.97,107.65,,,,
02:10.2,3527.47,108.75,,,,
02:10.2,3528.99,109.93,,,,
02:10.3,3530.53,111.18,,,,
02:10.3,3532.08,112.48,,,,
02:10.4,3533.65,113.85,,,,
02:10.4,3535.24,115.26,,,,
02:10.4,3536.85,116.67,,,,
02:10.5,3538.48,118.18,,,,
02:10.6,3540.14,119.66,,,,
02:10.6,3541.81,121.09,,,,
02:10.7,3543.5,122.49,,,,
02:10.7,3545.21,123.83,,,,
02:10.8,3546.94,125.15,,,,
02:10.8,3548.68,126.46,,,,
02:10.8,3550.45,127.9,,,,
02:10.9,3552.24,129.29,,,,
02:10.9,3554.04,130.57,,,,
02:11.0,3555.86,131.83,,,,
02:11.1,3557.7,133.15,,,,
02:11.1,3559.56,134.46,,,,
02:11.1,3561.44,135.65,,,,
02:11.2,3563.33,136.91,,,,
02:11.3,3565.24,138.17,,,,
02:11.3,3567.17,139.37,,,,
02:11.4,3569.11,140.41,,,,
02:11.4,3571.07,141.5,,,,
02:11.4,3573.05,142.83,,,,
02:11.5,3575.04,143.95,,,,
02:11.6,3577.04,145.06,,,,
02:11.6,3579.06,146.19,,,,
02:11.7,3581.1,147.34,,,,
02:11.7,3583.16,148.43,,,,
02:11.8,3585.23,149.51,,,,
02:11.8,3587.31,150.59,,,,
02:11.8,3589.41,151.65,,,,
02:11.9,3591.52,152.69,,,,
02:12.0,3593.65,153.72,,,,
02:12.0,3595.79,154.77,,,,
02:12.1,3597.95,155.82,,,,
02:12.1,3600.12,156.82,,,,
02:12.2,3602.31,157.8,,,,
02:12.2,3604.51,158.84,,,,
02:12.3,3606.72,159.83,,,,
02:12.3,3608.94,160.81,,,,
02:12.3,3611.18,161.75,,,,
02:12.4,3613.44,162.72,,,,
02:12.5,3615.7,163.69,,,,
02:12.5,3617.98,164.62,,,,
02:12.6,3620.28,165.55,,,,
02:12.6,3622.58,166.47,,,,
02:12.7,3624.9,167.38,,,,
02:12.7,3627.23,168.29,,,,
02:12.8,3629.58,169.2,,,,
02:12.8,3631.93,169.99,,,,
02:12.8,3634.29,170.72,,,,
02:12.9,3636.67,171.54,,,,
02:13.0,3639.06,172.43,,,,
02:13.0,3641.46,173.34,,,,
02:13.1,3643.87,174.18,,,,
02:13.1,3646.3,174.96,,,,
02:13.2,3648.73,175.7,,,,
02:13.2,3651.18,176.52,,,,
02:13.3,3653.64,177.37,,,,
02:13.3,3656.1,178.24,,,,
02:13.4,3658.59,179.05,,,,
02:13.4,3661.08,179.85,,,,
02:13.4,3663.58,180.62,,,,
02:13.5,3666.09,181.36,,,,
02:13.6,3668.62,182.13,,,,
02:13.6,3671.15,182.91,,,,
02:13.7,3673.7,183.71,,,,
02:13.7,3676.26,184.46,,,,
02:13.7,3678.82,185.2,,,,
02:13.8,3681.4,185.93,,,,
02:13.9,3683.99,186.65,,,,
02:13.9,3686.58,187.41,,,,
02:13.9,3689.19,188.12,,,,
02:14.0,3691.81,188.82,,,,
02:14.1,3694.44,189.57,,,,
02:14.1,3697.07,190.28,,,,
02:14.2,3699.72,190.97,,,,
02:14.2,3702.38,191.68,,,,
02:14.2,3705.04,192.36,,,,
02:14.3,3707.72,193.05,,,,
02:14.4,3710.41,193.73,,,,
02:14.4,3713.1,194.39,,,,
02:14.5,3715.81,195.06,,,,
02:14.5,3718.52,195.71,,,,
02:14.6,3721.24,196.29,,,,
02:14.6,3723.97,196.49,,,,
02:14.7,3726.69,195.99,,,,
02:14.7,3729.41,195.25,,,,
02:14.8,3732.11,194.33,,,,
02:14.8,3734.8,193.25,,,,
02:14.9,3737.48,192.12,,,,
02:14.9,3740.14,191,,,,
02:15.0,3742.78,189.89,,,,
02:15.0,3745.41,188.87,,,,
02:15.1,3748.03,188,,,,
02:15.1,3750.63,187.29,,,,
02:15.2,3753.23,186.63,,,,
02:15.2,3755.81,185.99,,,,
02:15.3,3758.39,185.39,,,,
02:15.3,3760.96,184.84,,,,
02:15.3,3763.52,184.49,,,,
02:15.4,3766.08,184.26,,,,
02:15.4,3768.64,184.16,,,,
02:15.5,3771.19,184.19,,,,
02:15.6,3773.75,184.18,,,,
02:15.6,3776.31,184.16,,,,
02:15.7,3778.86,184.23,,,,
02:15.7,3781.42,184.34,,,,
02:15.8,3783.98,184.53,,,,
02:15.8,3786.54,184.74,,,,
02:15.9,3789.11,185,,,,
02:15.9,3791.68,185.14,,,,
02:15.9,3794.25,185.37,,,,
02:16.0,3796.83,185.69,,,,
02:16.1,3799.41,185.77,,,,
02:16.1,3801.98,185.81,,,,
02:16.2,3804.57,185.95,,,,
02:16.2,3807.15,186.04,,,,
02:16.3,3809.73,186.16,,,,
02:16.3,3812.32,186.4,,,,
02:16.4,3814.91,186.75,,,,
02:16.4,3817.51,187.18,,,,
02:16.4,3820.11,187.65,,,,
02:16.5,3822.72,188.17,,,,
02:16.6,3825.33,188.85,,,,
02:16.6,3827.96,189.5,,,,
02:16.7,3830.6,190.2,,,,
02:16.7,3833.24,190.9,,,,
02:16.8,3835.9,191.62,,,,
02:16.8,3838.56,192.23,,,,
02:16.9,3841.24,192.96,,,,
02:16.9,3843.93,193.83,,,,
02:16.9,3846.62,194.3,,,,
02:17.0,3849.32,194.72,,,,
02:17.1,3852.03,195.03,,,,
02:17.1,3854.74,195.43,,,,
02:17.2,3857.45,195.93,,,,
02:17.2,3860.17,196.21,,,,
02:17.2,3862.89,196.36,,,,
02:17.3,3865.62,196.46,,,,
02:17.4,3868.35,196.59,,,,
02:17.4,3871.08,196.85,,,,
02:17.4,3873.82,197.2,,,,
02:17.5,3876.56,197.64,,,,
02:17.6,3879.31,198.29,,,,
02:17.6,3882.07,198.97,,,,
02:17.7,3884.84,199.58,,,,
02:17.7,3887.61,200.29,,,,
02:17.8,3890.4,201.01,,,,
02:17.8,3893.2,201.67,,,,
02:17.8,3896.01,202.33,,,,
02:17.9,3898.82,202.89,,,,
02:17.9,3901.64,203.2,,,,
02:18.0,3904.46,203.9,,,,
02:18.1,3907.31,204.88,,,,
02:18.1,3910.16,205.5,,,,
02:18.1,3913.02,206.11,,,,
02:18.2,3915.88,205.89,,,,
02:18.3,3918.73,204.63,,,,
02:18.3,3921.55,202.52,,,,
02:18.3,3924.35,199.79,,,,
02:18.4,3927.1,196.77,,,,
02:18.5,3929.81,193.65,,,,
02:18.5,3932.48,190.53,,,,
02:18.6,3935.11,187.36,,,,
02:18.6,3937.69,184.15,,,,
02:18.7,3940.22,181,,,,
02:18.7,3942.71,177.89,,,,
02:18.8,3945.16,174.85,,,,
02:18.8,3947.57,171.96,,,,
02:18.8,3949.94,169.29,,,,
02:18.9,3952.27,166.71,,,,
02:18.9,3954.57,164.42,,,,
02:19.0,3956.84,162.16,,,,
02:19.1,3959.08,159.92,,,,
02:19.1,3961.28,157.72,,,,
02:19.2,3963.46,155.52,,,,
02:19.2,3965.6,153.57,,,,
02:19.3,3967.72,151.62,,,,
02:19.3,3969.81,149.82,,,,
02:19.3,3971.88,148.16,,,,
02:19.4,3973.93,146.59,,,,
02:19.5,3975.95,145.02,,,,
02:19.5,3977.95,143.47,,,,
02:19.6,3979.93,141.99,,,,
02:19.6,3981.89,140.57,,,,
02:19.7,3983.83,139.25,,,,
02:19.7,3985.76,138.01,,,,
02:19.8,3987.66,136.82,,,,
02:19.8,3989.56,135.69,,,,
02:19.8,3991.43,134.63,,,,
02:19.9,3993.29,133.72,,,,
02:20.0,3995.15,132.91,,,,
02:20.0,3996.99,132.2,,,,
02:20.0,3998.82,131.49,,,,
02:20.1,4000.64,130.75,,,,
02:20.2,4002.45,130.02,,,,
02:20.2,4004.25,129.33,,,,
02:20.3,4006.04,128.65,,,,
02:20.3,4007.82,128,,,,
02:20.4,4009.59,127.37,,,,
02:20.4,4011.35,126.71,,,,
02:20.4,4013.11,126.04,,,,
02:20.5,4014.85,125.38,,,,
02:20.6,4016.59,124.75,,,,
02:20.6,4018.31,124.13,,,,
02:20.7,4020.03,123.51,,,,
02:20.7,4021.74,122.9,,,,
02:20.8,4023.44,122.35,,,,
02:20.8,4025.14,122.13,,,,
02:20.9,4026.84,122.17,,,,
02:20.9,4028.53,122.42,,,,
02:20.9,4030.23,122.77,,,,
02:21.0,4031.94,123.16,,,,
02:21.1,4033.65,123.59,,,,
02:21.1,4035.37,124.03,,,,
02:21.2,4037.1,124.5,,,,
02:21.2,4038.83,125,,,,
02:21.2,4040.57,125.34,,,,
02:21.3,4042.31,125.51,,,,
02:21.4,4044.05,125.73,,,,
02:21.4,4045.8,125.97,,,,
02:21.5,4047.55,126.28,,,,
02:21.5,4049.3,126.55,,,,
02:21.6,4051.06,126.86,,,,
02:21.6,4052.83,127.3,,,,
02:21.7,4054.59,127.73,,,,
02:21.7,4056.37,127.98,,,,
02:21.7,4058.15,128.6,,,,
02:21.8,4059.95,129.28,,,,
02:21.9,4061.74,129.83,,,,
02:21.9,4063.55,130.31,,,,
02:22.0,4065.36,130.64,,,,
02:22.0,4067.17,131.14,,,,
02:22.1,4069,132.12,,,,
02:22.1,4070.85,133.06,,,,
02:22.2,4072.7,133.84,,,,
02:22.2,4074.56,134.76,,,,
02:22.2,4076.44,135.87,,,,
02:22.3,4078.34,137.08,,,,
02:22.3,4080.25,138.35,,,,
02:22.4,4082.18,139.5,,,,
02:22.5,4084.12,139.74,,,,
02:22.5,4086.06,139.41,,,,
02:22.6,4087.99,138.71,,,,
02:22.6,4089.91,137.75,,,,
02:22.7,4091.81,136.52,,,,
02:22.7,4093.7,134.97,,,,
02:22.8,4095.56,133.28,,,,
02:22.8,4097.4,131.62,,,,
02:22.8,4099.22,130.05,,,,
02:22.9,4101.02,128.51,,,,
02:23.0,4102.79,126.92,,,,
02:23.0,4104.54,125.33,,,,
02:23.1,4106.27,123.63,,,,
02:23.1,4107.97,121.96,,,,
02:23.2,4109.65,120.33,,,,
02:23.2,4111.31,118.69,,,,
02:23.3,4112.95,117.09,,,,
02:23.3,4114.56,115.47,,,,
02:23.3,4116.15,113.93,,,,
02:23.4,4117.73,112.54,,,,
02:23.4,4119.28,111.46,,,,
02:23.5,4120.82,110.58,,,,
02:23.6,4122.35,109.81,,,,
02:23.6,4123.87,109.12,,,,
02:23.7,4125.38,108.49,,,,
02:23.7,4126.88,107.9,,,,
02:23.8,4128.38,107.32,,,,
02:23.8,4129.86,106.72,,,,
02:23.9,4131.34,106.08,,,,
02:23.9,4132.81,105.4,,,,
02:23.9,4134.27,104.69,,,,
02:24.0,4135.71,103.98,,,,
02:24.1,4137.15,103.3,,,,
02:24.1,4138.58,102.64,,,,
02:24.2,4140,101.97,,,,
02:24.2,4141.42,101.31,,,,
02:24.2,4142.82,100.64,,,,
02:24.3,4144.21,99.96,,,,
02:24.4,4145.59,99.32,,,,
02:24.4,4146.97,98.68,,,,
02:24.4,4148.33,98.32,,,,
02:24.5,4149.7,98.21,,,,
02:24.6,4151.06,98.09,,,,
02:24.6,4152.42,98.06,,,,
02:24.7,4153.79,98.15,,,,
02:24.7,4155.15,98.33,,,,
02:24.7,4156.52,98.66,,,,
02:24.8,4157.89,99.02,,,,
02:24.9,4159.27,99,,,,
02:24.9,4160.64,98.63,,,,
02:25.0,4162.01,98.16,,,,
02:25.0,4163.37,97.61,,,,
02:25.1,4164.72,97.05,,,,
02:25.1,4166.06,96.5,,,,
02:25.2,4167.4,96.02,,,,
02:25.2,4168.73,95.56,,,,
02:25.3,4170.05,95.01,,,,
02:25.3,4171.37,94.3,,,,
02:25.3,4172.67,93.49,,,,
02:25.4,4173.96,92.71,,,,
02:25.5,4175.25,91.96,,,,
02:25.5,4176.52,91.55,,,,
02:25.6,4177.79,91.54,,,,
02:25.6,4179.06,91.59,,,,
02:25.7,4180.33,91.48,,,,
02:25.7,4181.6,90.93,,,,
02:25.8,4182.86,90.24,,,,
02:25.8,4184.11,89.61,,,,
02:25.8,4185.35,89.44,,,,
02:25.9,4186.59,89.47,,,,
02:25.9,4187.83,89.58,,,,
02:26.0,4189.08,89.8,,,,
02:26.1,4190.32,90.03,,,,
02:26.1,4191.57,90.26,,,,
02:26.1,4192.83,90.54,,,,
02:26.2,4194.08,90.86,,,,
02:26.3,4195.35,91.32,,,,
02:26.3,4196.62,91.9,,,,
02:26.3,4197.9,92.42,,,,
02:26.4,4199.18,92.97,,,,
02:26.4,4200.48,93.63,,,,
02:26.5,4201.78,94.35,,,,
02:26.6,4203.1,95.11,,,,
02:26.6,4204.42,95.77,,,,
02:26.7,4205.75,96.42,,,,
02:26.7,4207.09,97.16,,,,
02:26.8,4208.45,97.92,,,,
02:26.8,4209.81,98.7,,,,
02:26.9,4211.19,99.54,,,,
02:26.9,4212.57,100.4,,,,
02:27.0,4213.97,101.34,,,,
02:27.0,4215.39,102.29,,,,
02:27.1,4216.81,103.27,,,,
02:27.1,4218.25,104.29,,,,
02:27.2,4219.71,105.32,,,,
02:27.2,4221.18,106.4,,,,
02:27.3,4222.66,107.57,,,,
02:27.3,4224.17,108.81,,,,
02:27.4,4225.69,110.15,,,,
02:27.4,4227.22,111.53,,,,
02:27.5,4228.78,112.93,,,,
02:27.5,4230.36,114.28,,,,
02:27.6,4231.96,115.52,,,,
02:27.6,4233.57,116.74,,,,
02:27.7,4235.2,118.04,,,,
02:27.7,4236.85,119.54,,,,
02:27.8,4238.52,121.14,,,,
02:27.8,4240.21,122.54,,,,
02:27.8,4241.92,123.88,,,,
02:27.9,4243.66,125.36,,,,
02:28.0,4245.41,126.78,,,,
02:28.0,4247.18,128.07,,,,
02:28.1,4248.97,129.24,,,,
02:28.1,4250.77,130.47,,,,
02:28.2,4252.6,131.82,,,,
02:28.2,4254.44,132.97,,,,
02:28.3,4256.29,134.07,,,,
02:28.3,4258.16,135.28,,,,
02:28.3,4260.05,136.53,,,,
02:28.4,4261.95,137.7,,,,
02:28.5,4263.87,138.86,,,,
02:28.5,4265.81,140.04,,,,
02:28.6,4267.76,141.18,,,,
02:28.6,4269.73,142.31,,,,
02:28.7,4271.72,143.44,,,,
02:28.7,4273.71,144.53,,,,
02:28.8,4275.73,145.61,,,,
02:28.8,4277.76,146.75,,,,
02:28.9,4279.81,147.86,,,,
02:28.9,4281.87,148.94,,,,
02:29.0,4283.94,150,,,,
02:29.0,4286.03,151.08,,,,
02:29.1,4288.14,152.12,,,,
02:29.1,4290.26,153.18,,,,
02:29.2,4292.39,154.21,,,,
02:29.2,4294.54,155.24,,,,
02:29.3,4296.71,156.27,,,,
02:29.3,4298.88,157.28,,,,
02:29.3,4301.07,158.26,,,,
02:29.4,4303.28,159.27,,,,
02:29.4,4305.5,160.28,,,,
02:29.5,4307.73,161.29,,,,
02:29.6,4309.98,162.23,,,,
02:29.6,4312.23,163.1,,,,
02:29.7,4314.51,164.07,,,,
02:29.7,4316.79,165.06,,,,
02:29.7,4319.09,166.05,,,,
02:29.8,4321.4,167.01,,,,
02:29.9,4323.73,167.95,,,,
02:29.9,4326.07,168.85,,,,
02:30.0,4328.42,169.74,,,,
02:30.0,4330.78,170.67,,,,
02:30.1,4333.16,171.6,,,,
02:30.1,4335.55,172.51,,,,
02:30.2,4337.95,173.39,,,,
02:30.2,4340.37,174.27,,,,
02:30.3,4342.79,175.13,,,,
02:30.3,4345.23,176.01,,,,
02:30.4,4347.68,176.88,,,,
02:30.4,4350.15,177.73,,,,
02:30.5,4352.62,178.57,,,,
02:30.5,4355.11,179.42,,,,
02:30.6,4357.6,180.24,,,,
02:30.6,4360.11,181.07,,,,
02:30.7,4362.63,181.91,,,,
02:30.7,4365.17,182.7,,,,
02:30.8,4367.71,183.54,,,,
02:30.8,4370.26,184.32,,,,
02:30.9,4372.83,185.12,,,,
02:30.9,4375.41,185.9,,,,
02:30.9,4377.99,186.68,,,,
02:31.0,4380.59,187.46,,,,
02:31.1,4383.2,188.24,,,,
02:31.1,4385.82,188.98,,,,
02:31.2,4388.45,189.74,,,,
02:31.2,4391.09,190.48,,,,
02:31.2,4393.74,191.22,,,,
02:31.3,4396.4,191.98,,,,
02:31.4,4399.07,192.6,,,,
02:31.4,4401.75,193.37,,,,
02:31.4,4404.44,194.11,,,,
02:31.5,4407.15,194.86,,,,
02:31.6,4409.86,195.55,,,,
02:31.6,4412.58,196.24,,,,
02:31.6,4415.31,196.95,,,,
02:31.7,4418.05,197.64,,,,
02:31.8,4420.8,198.32,,,,
02:31.8,4423.56,199.02,,,,
02:31.9,4426.33,199.69,,,,
02:31.9,4429.11,200.36,,,,
02:31.9,4431.89,201.02,,,,
02:32.0,4434.69,201.66,,,,
02:32.1,4437.49,202.32,,,,
02:32.1,4440.31,203,,,,
02:32.2,4443.13,203.63,,,,
02:32.2,4445.96,204.27,,,,
02:32.3,4448.81,204.9,,,,
02:32.3,4451.66,205.55,,,,
02:32.4,4454.52,206.15,,,,
02:32.4,4457.38,206.79,,,,
02:32.5,4460.26,207.42,,,,
02:32.5,4463.14,208.01,,,,
02:32.6,4466.04,208.63,,,,
02:32.6,4468.94,209.25,,,,
02:32.7,4471.85,209.82,,,,
02:32.7,4474.77,210.43,,,,
02:32.8,4477.7,211.03,,,,
02:32.8,4480.63,211.61,,,,
02:32.8,4483.57,212.2,,,,
02:32.9,4486.53,212.78,,,,
02:32.9,4489.48,213.36,,,,
02:33.0,4492.45,213.91,,,,
02:33.1,4495.43,214.47,,,,
02:33.1,4498.41,215.06,,,,
02:33.1,4501.4,215.61,,,,
02:33.2,4504.4,216.15,,,,
02:33.3,4507.4,216.71,,,,
02:33.3,4510.42,217.28,,,,
02:33.3,4513.44,217.81,,,,
02:33.4,4516.47,218.34,,,,
02:33.4,4519.5,218.89,,,,
